Sample Generation,_runtime,_timestamp,iter,val/loss,train/loss,train/step_loss,lr,_step,seed
,12.7740333,1779633068.8041024,0.0,4.175519943237305,4.1739020347595215,,9.900990099009901e-06,0,3740
,12.8806751,1779633068.9107292,0.0,,,4.19041633605957,,1,3740
,13.7635513,1779633069.7941496,10.0,,,2.992638349533081,,2,3740
,14.6482995,1779633070.677953,20.0,,,2.6760241985321045,,3,3740
,15.5433469,1779633071.5735383,30.0,,,2.572537899017334,,4,3740
,16.4231331,1779633072.453733,40.0,,,2.5445022583007812,,5,3740
,17.3058731,1779633073.3362591,50.0,,,2.4951963424682617,,6,3740
,18.1958042,1779633074.2261403,60.0,,,2.492932081222534,,7,3740
,19.0837328,1779633075.1137757,70.0,,,2.4963266849517822,,8,3740
,19.9667333,1779633075.9966836,80.0,,,2.4825997352600098,,9,3740
,20.8613866,1779633076.8913722,90.0,,,2.469186782836914,,10,3740
,21.7444205,1779633077.7750175,100.0,,,2.452131986618042,,11,3740
,22.6308275,1779633078.6606576,110.0,,,2.4572041034698486,,12,3740
,23.5204583,1779633079.5510557,120.0,,,2.452610731124878,,13,3740
,24.4088456,1779633080.4394426,130.0,,,2.4354588985443115,,14,3740
,25.3047941,1779633081.335393,140.0,,,2.4143073558807373,,15,3740
,26.1923191,1779633082.2229161,150.0,,,2.4135220050811768,,16,3740
,27.0757555,1779633083.1063323,160.0,,,2.4261608123779297,,17,3740
,27.9812184,1779633084.0116768,170.0,,,2.4014105796813965,,18,3740
,28.8728767,1779633084.9034278,180.0,,,2.3665077686309814,,19,3740
,29.7666832,1779633085.797281,190.0,,,2.407139778137207,,20,3740
,30.6534926,1779633086.6840901,200.0,,,2.3851726055145264,,21,3740
,31.5482953,1779633087.5777907,210.0,,,2.346151351928711,,22,3740
,32.4495003,1779633088.479088,220.0,,,2.3589649200439453,,23,3740
,33.3511047,1779633089.3811095,230.0,,,2.360755205154419,,24,3740
,34.2399715,1779633090.270205,240.0,,,2.3158397674560547,,25,3740
,47.0499737,1779633103.0797102,250.0,2.3471176624298096,2.281454563140869,,0.0009979206008271391,26,3740
,47.1464116,1779633103.1766577,250.0,,,2.3328940868377686,,27,3740
,48.0475714,1779633104.0781596,260.0,,,2.322899103164673,,28,3740
,48.9465597,1779633104.976058,270.0,,,2.3234519958496094,,29,3740
,49.851144,1779633105.8805263,280.0,,,2.3005919456481934,,30,3740
,50.7429519,1779633106.772989,290.0,,,2.2861711978912354,,31,3740
,51.6384463,1779633107.6690443,300.0,,,2.2872979640960693,,32,3740
,52.5328176,1779633108.5625098,310.0,,,2.2584128379821777,,33,3740
,53.4390062,1779633109.4693084,320.0,,,2.2111661434173584,,34,3740
,54.3481663,1779633110.3782322,330.0,,,2.2132210731506348,,35,3740
,55.2441954,1779633111.2735267,340.0,,,2.2098209857940674,,36,3740
,56.1352665,1779633112.1651545,350.0,,,2.184771776199341,,37,3740
,57.0272636,1779633113.0570238,360.0,,,2.160414457321167,,38,3740
,57.9183158,1779633113.9487395,370.0,,,2.134140729904175,,39,3740
,58.8189772,1779633114.8492374,380.0,,,2.107985019683838,,40,3740
,59.7102092,1779633115.7408066,390.0,,,2.061377763748169,,41,3740
,60.6077514,1779633116.6383493,400.0,,,2.0727787017822266,,42,3740
,61.506628,1779633117.536906,410.0,,,2.06076717376709,,43,3740
,62.4110862,1779633118.441586,420.0,,,2.048593521118164,,44,3740
,63.3072118,1779633119.3378105,430.0,,,2.035325288772583,,45,3740
,64.20171,1779633120.2312782,440.0,,,2.007169485092163,,46,3740
,65.0953818,1779633121.1249385,450.0,,,2.0053091049194336,,47,3740
,65.9950878,1779633122.0250328,460.0,,,1.9917840957641602,,48,3740
,66.8928524,1779633122.923286,470.0,,,1.9583791494369507,,49,3740
,67.7850001,1779633123.8154676,480.0,,,1.922650933265686,,50,3740
,68.6849667,1779633124.715567,490.0,,,1.9202499389648438,,51,3740
,81.5169728,1779633137.545826,500.0,1.9449001550674438,1.8100197315216064,,0.0009852826883675631,52,3740
,81.6132483,1779633137.6437645,500.0,,,1.8763560056686401,,53,3740
,82.5140769,1779633138.5427809,510.0,,,1.910417914390564,,54,3740
,83.411495,1779633139.4411888,520.0,,,1.9021029472351074,,55,3740
,84.3095766,1779633140.3401334,530.0,,,1.8498494625091553,,56,3740
,85.2108668,1779633141.241467,540.0,,,1.8350999355316162,,57,3740
,86.1277282,1779633142.157288,550.0,,,1.841324806213379,,58,3740
,87.0296555,1779633143.056231,560.0,,,1.8500686883926392,,59,3740
,87.933221,1779633143.9638057,570.0,,,1.8125098943710327,,60,3740
,88.8394313,1779633144.8700283,580.0,,,1.8105242252349854,,61,3740
,89.7375249,1779633145.7681243,590.0,,,1.7821396589279175,,62,3740
,90.6413361,1779633146.6719344,600.0,,,1.7694908380508423,,63,3740
,91.5379142,1779633147.5685096,610.0,,,1.7676150798797607,,64,3740
,92.4397713,1779633148.4702458,620.0,,,1.7639180421829224,,65,3740
,93.35292,1779633149.3835182,630.0,,,1.7521916627883911,,66,3740
,94.2549929,1779633150.2854776,640.0,,,1.741882085800171,,67,3740
,95.1644565,1779633151.1942651,650.0,,,1.747509479522705,,68,3740
,96.0682976,1779633152.09879,660.0,,,1.721071720123291,,69,3740
,96.9770922,1779633153.006972,670.0,,,1.7276159524917603,,70,3740
,97.8866473,1779633153.9172442,680.0,,,1.7033557891845703,,71,3740
,98.7830948,1779633154.8136933,690.0,,,1.7337018251419067,,72,3740
,99.6835496,1779633155.713991,700.0,,,1.7185921669006348,,73,3740
,100.5852829,1779633156.614609,710.0,,,1.7217447757720947,,74,3740
,101.4899232,1779633157.5201976,720.0,,,1.6931490898132324,,75,3740
,102.3873273,1779633158.4179246,730.0,,,1.664200782775879,,76,3740
,103.2890006,1779633159.3195996,740.0,,,1.641149640083313,,77,3740
,116.2181317,1779633172.2471302,750.0,1.7979710102081299,1.584480881690979,,0.0009614856803571157,78,3740
,116.3122132,1779633172.342394,750.0,,,1.6562663316726685,,79,3740
,117.2173965,1779633173.246612,760.0,,,1.6926512718200684,,80,3740
,118.1255189,1779633174.155458,770.0,,,1.675394892692566,,81,3740
,119.0317016,1779633175.0617483,780.0,,,1.6522794961929321,,82,3740
,119.9331971,1779633175.9637685,790.0,,,1.6513769626617432,,83,3740
,120.8353828,1779633176.8652644,800.0,,,1.6177639961242676,,84,3740
,121.7408452,1779633177.7714434,810.0,,,1.642958402633667,,85,3740
,122.6388063,1779633178.6687317,820.0,,,1.631591558456421,,86,3740
,123.5441169,1779633179.5740943,830.0,,,1.6163878440856934,,87,3740
,124.4482403,1779633180.4788349,840.0,,,1.666966438293457,,88,3740
,125.3538755,1779633181.3828661,850.0,,,1.606402039527893,,89,3740
,126.2602673,1779633182.2904553,860.0,,,1.5664808750152588,,90,3740
,127.1726561,1779633183.2022567,870.0,,,1.5703758001327515,,91,3740
,128.0695677,1779633184.1001663,880.0,,,1.5824002027511597,,92,3740
,128.9796882,1779633185.0102842,890.0,,,1.5899065732955933,,93,3740
,129.8871346,1779633185.9177327,900.0,,,1.59981369972229,,94,3740
,130.7888766,1779633186.81941,910.0,,,1.6177970170974731,,95,3740
,131.7038529,1779633187.7341108,920.0,,,1.5734401941299438,,96,3740
,132.6125329,1779633188.643131,930.0,,,1.5316334962844849,,97,3740
,133.5199512,1779633189.5500257,940.0,,,1.582990288734436,,98,3740
,134.4238249,1779633190.4544222,950.0,,,1.569010615348816,,99,3740
,135.3248027,1779633191.3549533,960.0,,,1.5307101011276245,,100,3740
,136.2215682,1779633192.2512755,970.0,,,1.5646005868911743,,101,3740
,137.1301626,1779633193.1607609,980.0,,,1.546938419342041,,102,3740
,138.0406642,1779633194.0712633,990.0,,,1.5162070989608765,,103,3740
,151.013087,1779633207.0433517,1000.0,1.6816515922546387,1.4492992162704468,,0.0009271396472013282,104,3740
,151.106684,1779633207.137282,1000.0,,,1.5242431163787842,,105,3740
,152.0128628,1779633208.041802,1010.0,,,1.5515656471252441,,106,3740
,152.9171291,1779633208.947729,1020.0,,,1.5199987888336182,,107,3740
,153.8192267,1779633209.8498235,1030.0,,,1.54216468334198,,108,3740
,154.7229504,1779633210.7536664,1040.0,,,1.4963202476501465,,109,3740
,155.6379937,1779633211.6685948,1050.0,,,1.5216448307037354,,110,3740
,156.5548758,1779633212.5854774,1060.0,,,1.504075288772583,,111,3740
,157.4515912,1779633213.4814377,1070.0,,,1.5267281532287598,,112,3740
,158.3636441,1779633214.3941953,1080.0,,,1.5018270015716553,,113,3740
,159.2613989,1779633215.2919996,1090.0,,,1.4852341413497925,,114,3740
,160.1677692,1779633216.1983664,1100.0,,,1.4923490285873413,,115,3740
,161.0679239,1779633217.0979526,1110.0,,,1.5066262483596802,,116,3740
,161.9688678,1779633217.999467,1120.0,,,1.4746426343917847,,117,3740
,162.8731909,1779633218.9037917,1130.0,,,1.498188853263855,,118,3740
,163.7737482,1779633219.8042123,1140.0,,,1.5231163501739502,,119,3740
,164.6842581,1779633220.714087,1150.0,,,1.48307466506958,,120,3740
,165.5895231,1779633221.6201198,1160.0,,,1.500083565711975,,121,3740
,166.5043839,1779633222.534873,1170.0,,,1.5549498796463013,,122,3740
,167.4121786,1779633223.442776,1180.0,,,1.4956581592559814,,123,3740
,168.3190402,1779633224.3496406,1190.0,,,1.4686166048049927,,124,3740
,169.220526,1779633225.2502766,1200.0,,,1.4378917217254639,,125,3740
,170.1219137,1779633226.1519978,1210.0,,,1.4582079648971558,,126,3740
,171.0291992,1779633227.059654,1220.0,,,1.4866751432418823,,127,3740
,171.9370197,1779633227.9673555,1230.0,,,1.498470425605774,,128,3740
,172.8409619,1779633228.8714118,1240.0,,,1.4788719415664673,,129,3740
,185.8137598,1779633241.8432782,1250.0,1.6257177591323853,1.3762413263320923,,0.000883125098683892,130,3740
,185.9082365,1779633241.9388359,1250.0,,,1.4324754476547241,,131,3740
,186.8136786,1779633242.8442776,1260.0,,,1.4719717502593994,,132,3740
,187.7184288,1779633243.747932,1270.0,,,1.4555416107177734,,133,3740
,188.619651,1779633244.650249,1280.0,,,1.4530689716339111,,134,3740
,189.5209228,1779633245.550718,1290.0,,,1.44467031955719,,135,3740
,190.4275285,1779633246.4579391,1300.0,,,1.4452733993530273,,136,3740
,191.3339993,1779633247.3639934,1310.0,,,1.4635281562805176,,137,3740
,192.2426531,1779633248.2732518,1320.0,,,1.4565457105636597,,138,3740
,193.1551528,1779633249.185746,1330.0,,,1.4178273677825928,,139,3740
,194.0660154,1779633250.0966063,1340.0,,,1.467392086982727,,140,3740
,194.9709405,1779633251.0015388,1350.0,,,1.4377453327178955,,141,3740
,195.87328,1779633251.9038801,1360.0,,,1.4397921562194824,,142,3740
,196.7751309,1779633252.8057294,1370.0,,,1.4273791313171387,,143,3740
,197.6844939,1779633253.7143617,1380.0,,,1.4089810848236084,,144,3740
,198.5895217,1779633254.6196795,1390.0,,,1.4080718755722046,,145,3740
,199.4926394,1779633255.5231035,1400.0,,,1.4449563026428223,,146,3740
,200.3966064,1779633256.4272065,1410.0,,,1.3899707794189453,,147,3740
,201.3064665,1779633257.3370647,1420.0,,,1.4241080284118652,,148,3740
,202.2173803,1779633258.2476978,1430.0,,,1.410286545753479,,149,3740
,203.1213449,1779633259.1519392,1440.0,,,1.4285457134246826,,150,3740
,204.0329433,1779633260.06354,1450.0,,,1.400071382522583,,151,3740
,204.9355929,1779633260.966005,1460.0,,,1.4449622631072998,,152,3740
,205.8414059,1779633261.8720074,1470.0,,,1.4167982339859009,,153,3740
,206.7562096,1779633262.7860227,1480.0,,,1.4165222644805908,,154,3740
,207.6569942,1779633263.6867044,1490.0,,,1.4273402690887451,,155,3740
,220.6248117,1779633276.6543689,1500.0,1.5980949401855469,1.333193302154541,,0.0008305704108364302,156,3740
,220.7216629,1779633276.751985,1500.0,,,1.405376672744751,,157,3740
,221.6211702,1779633277.6517696,1510.0,,,1.427900791168213,,158,3740
,222.5213054,1779633278.5518734,1520.0,,,1.387511134147644,,159,3740
,223.4361881,1779633279.4667895,1530.0,,,1.4373058080673218,,160,3740
,224.3385205,1779633280.368743,1540.0,,,1.4086655378341675,,161,3740
,225.2383352,1779633281.2689333,1550.0,,,1.4081895351409912,,162,3740
,226.138903,1779633282.1694405,1560.0,,,1.3687063455581665,,163,3740
,227.0479117,1779633283.078349,1570.0,,,1.4156233072280884,,164,3740
,227.961811,1779633283.9916177,1580.0,,,1.3875709772109985,,165,3740
,228.8647473,1779633284.894303,1590.0,,,1.3935258388519287,,166,3740
,229.7694759,1779633285.7999725,1600.0,,,1.4145824909210205,,167,3740
,230.6780342,1779633286.7076483,1610.0,,,1.4122459888458252,,168,3740
,231.5837786,1779633287.6138706,1620.0,,,1.3470251560211182,,169,3740
,232.4881807,1779633288.5187757,1630.0,,,1.3578763008117676,,170,3740
,233.3933186,1779633289.423916,1640.0,,,1.3902949094772339,,171,3740
,234.301999,1779633290.3325958,1650.0,,,1.411605954170227,,172,3740
,235.2164526,1779633291.2470164,1660.0,,,1.3929201364517212,,173,3740
,236.1397727,1779633292.1700861,1670.0,,,1.3675613403320312,,174,3740
,237.045532,1779633293.0761304,1680.0,,,1.3924932479858398,,175,3740
,237.9631319,1779633293.993729,1690.0,,,1.3661633729934692,,176,3740
,238.8708132,1779633294.9011827,1700.0,,,1.3756895065307617,,177,3740
,239.7734333,1779633295.8039744,1710.0,,,1.3547762632369995,,178,3740
,240.6879207,1779633296.7185152,1720.0,,,1.3783330917358398,,179,3740
,241.5927893,1779633297.6223664,1730.0,,,1.3874059915542603,,180,3740
,242.4964743,1779633298.5260868,1740.0,,,1.3895344734191895,,181,3740
,255.4599191,1779633311.489706,1750.0,1.5601353645324707,1.277137279510498,,0.0007708228984017721,182,3740
,255.5519493,1779633311.580802,1750.0,,,1.369737982749939,,183,3740
,256.4510648,1779633312.4812374,1760.0,,,1.3445841073989868,,184,3740
,257.359784,1779633313.3897152,1770.0,,,1.3732458353042603,,185,3740
,258.2653892,1779633314.295988,1780.0,,,1.3844274282455444,,186,3740
,259.1642988,1779633315.1948972,1790.0,,,1.3589203357696533,,187,3740
,260.0703444,1779633316.100475,1800.0,,,1.368886947631836,,188,3740
,260.9775236,1779633317.0075896,1810.0,,,1.3653095960617065,,189,3740
,261.8945582,1779633317.9251578,1820.0,,,1.3543860912322998,,190,3740
,262.795862,1779633318.8264592,1830.0,,,1.3709299564361572,,191,3740
,263.6891619,1779633319.7193694,1840.0,,,1.3704829216003418,,192,3740
,264.5956466,1779633320.6262438,1850.0,,,1.3632134199142456,,193,3740
,265.4944643,1779633321.5250654,1860.0,,,1.3738389015197754,,194,3740
,266.4014877,1779633322.4311204,1870.0,,,1.3463773727416992,,195,3740
,267.3116011,1779633323.3416157,1880.0,,,1.3932744264602661,,196,3740
,268.213677,1779633324.2442763,1890.0,,,1.3283252716064453,,197,3740
,269.1173318,1779633325.1476724,1900.0,,,1.3247555494308472,,198,3740
,270.0257396,1779633326.056181,1910.0,,,1.3642637729644775,,199,3740
,270.9388492,1779633326.9694493,1920.0,,,1.346947193145752,,200,3740
,271.8586768,1779633327.888848,1930.0,,,1.308345079421997,,201,3740
,272.7632591,1779633328.79376,1940.0,,,1.35432767868042,,202,3740
,273.67517,1779633329.7056599,1950.0,,,1.3680529594421387,,203,3740
,274.5770506,1779633330.6068742,1960.0,,,1.3336446285247803,,204,3740
,275.4854443,1779633331.5160427,1970.0,,,1.3505185842514038,,205,3740
,276.3860341,1779633332.4162993,1980.0,,,1.3682401180267334,,206,3740
,277.3011111,1779633333.3314226,1990.0,,,1.3137093782424927,,207,3740
,290.2463101,1779633346.275455,2000.0,1.5529171228408813,1.259920597076416,,0.0007054142744895884,208,3740
,290.3398715,1779633346.3701768,2000.0,,,1.3386462926864624,,209,3740
,291.2469034,1779633347.2774687,2010.0,,,1.336159348487854,,210,3740
,292.163336,1779633348.1939356,2020.0,,,1.3198823928833008,,211,3740
,293.0802945,1779633349.1099477,2030.0,,,1.3330612182617188,,212,3740
,293.994154,1779633350.0246873,2040.0,,,1.3341668844223022,,213,3740
,294.9027239,1779633350.9333215,2050.0,,,1.3110004663467407,,214,3740
,295.8131128,1779633351.8436654,2060.0,,,1.3135182857513428,,215,3740
,296.7231843,1779633352.753698,2070.0,,,1.3630753755569458,,216,3740
,297.626746,1779633353.657212,2080.0,,,1.3171370029449463,,217,3740
,298.5309802,1779633354.561578,2090.0,,,1.3314546346664429,,218,3740
,299.4338363,1779633355.4636028,2100.0,,,1.3211467266082764,,219,3740
,300.3418718,1779633356.3724706,2110.0,,,1.3409384489059448,,220,3740
,301.2515575,1779633357.2821586,2120.0,,,1.3086166381835938,,221,3740
,302.167174,1779633358.1977746,2130.0,,,1.2906497716903687,,222,3740
,303.080011,1779633359.1103494,2140.0,,,1.339802622795105,,223,3740
,303.9945211,1779633360.0251007,2150.0,,,1.2832149267196655,,224,3740
,304.8972935,1779633360.9278204,2160.0,,,1.3419312238693237,,225,3740
,305.809226,1779633361.839701,2170.0,,,1.303118348121643,,226,3740
,306.7169463,1779633362.7464433,2180.0,,,1.3147751092910767,,227,3740
,307.6317598,1779633363.6621132,2190.0,,,1.3161474466323853,,228,3740
,308.5347313,1779633364.564838,2200.0,,,1.2989287376403809,,229,3740
,309.4471981,1779633365.477656,2210.0,,,1.292239785194397,,230,3740
,310.3672707,1779633366.3978722,2220.0,,,1.2962278127670288,,231,3740
,311.2732028,1779633367.3030438,2230.0,,,1.2968597412109375,,232,3740
,312.1843448,1779633368.2149465,2240.0,,,1.302159070968628,,233,3740
,325.1952392,1779633381.2251508,2250.0,1.531137228012085,1.2239278554916382,,0.0006360213829156177,234,3740
,325.2924443,1779633381.3222828,2250.0,,,1.3080564737319946,,235,3740
,326.1999672,1779633382.2305658,2260.0,,,1.2851166725158691,,236,3740
,327.1025517,1779633383.1331043,2270.0,,,1.2969549894332886,,237,3740
,328.0072355,1779633384.0378337,2280.0,,,1.2916486263275146,,238,3740
,328.9092609,1779633384.9395146,2290.0,,,1.2754011154174805,,239,3740
,329.8176026,1779633385.848202,2300.0,,,1.298301100730896,,240,3740
,330.7295592,1779633386.7597165,2310.0,,,1.2994970083236694,,241,3740
,331.6383777,1779633387.6680655,2320.0,,,1.2861591577529907,,242,3740
,332.5474524,1779633388.577519,2330.0,,,1.3238376379013062,,243,3740
,333.4573059,1779633389.4879038,2340.0,,,1.3448820114135742,,244,3740
,334.3537075,1779633390.383438,2350.0,,,1.2912417650222778,,245,3740
,335.263515,1779633391.2941148,2360.0,,,1.3099106550216675,,246,3740
,336.1713695,1779633392.201968,2370.0,,,1.2974196672439575,,247,3740
,337.0808274,1779633393.1108148,2380.0,,,1.2955113649368286,,248,3740
,337.9916514,1779633394.022247,2390.0,,,1.2797629833221436,,249,3740
,338.8893449,1779633394.9193354,2400.0,,,1.2851921319961548,,250,3740
,339.7992689,1779633395.8298674,2410.0,,,1.2659060955047607,,251,3740
,340.7176854,1779633396.7482858,2420.0,,,1.3044191598892212,,252,3740
,341.6323715,1779633397.662205,2430.0,,,1.2948352098464966,,253,3740
,342.5485352,1779633398.578453,2440.0,,,1.2891684770584106,,254,3740
,343.4567834,1779633399.4872077,2450.0,,,1.299815058708191,,255,3740
,344.3778524,1779633400.408452,2460.0,,,1.294419527053833,,256,3740
,345.2824753,1779633401.3130064,2470.0,,,1.2942825555801392,,257,3740
,346.1946219,1779633402.2251086,2480.0,,,1.2728407382965088,,258,3740
,347.1051525,1779633403.1357381,2490.0,,,1.2900843620300293,,259,3740
,360.0493297,1779633416.0799303,2500.0,1.5423496961593628,1.215356469154358,,0.000564423209907245,260,3740
,360.149287,1779633416.1797638,2500.0,,,1.2835766077041626,,261,3740
,361.0626459,1779633417.093242,2510.0,,,1.2397047281265259,,262,3740
,361.9656892,1779633417.9962902,2520.0,,,1.2750779390335083,,263,3740
,362.8828216,1779633418.912288,2530.0,,,1.320831060409546,,264,3740
,363.7872597,1779633419.8178594,2540.0,,,1.2829114198684692,,265,3740
,364.6988373,1779633420.7294328,2550.0,,,1.274407982826233,,266,3740
,365.6028702,1779633421.6334705,2560.0,,,1.2616108655929565,,267,3740
,366.5039562,1779633422.5345562,2570.0,,,1.2473548650741577,,268,3740
,367.4149378,1779633423.444966,2580.0,,,1.2624040842056274,,269,3740
,368.3222781,1779633424.352876,2590.0,,,1.261812686920166,,270,3740
,369.2322658,1779633425.2628486,2600.0,,,1.2709851264953613,,271,3740
,370.1326622,1779633426.163264,2610.0,,,1.2533503770828247,,272,3740
,371.051851,1779633427.0824504,2620.0,,,1.287363886833191,,273,3740
,371.9618908,1779633427.9924603,2630.0,,,1.2728759050369263,,274,3740
,372.8679692,1779633428.8980286,2640.0,,,1.2938694953918457,,275,3740
,373.7797589,1779633429.810324,2650.0,,,1.2571481466293335,,276,3740
,374.6929476,1779633430.7235487,2660.0,,,1.2524302005767822,,277,3740
,375.6057176,1779633431.6362908,2670.0,,,1.2689714431762695,,278,3740
,376.5187982,1779633432.549245,2680.0,,,1.2481341361999512,,279,3740
,377.4233898,1779633433.4531102,2690.0,,,1.2856113910675049,,280,3740
,378.3257324,1779633434.3556564,2700.0,,,1.2771201133728027,,281,3740
,379.2384465,1779633435.2681224,2710.0,,,1.227697730064392,,282,3740
,380.1509449,1779633436.1803958,2720.0,,,1.2394293546676636,,283,3740
,381.0466009,1779633437.0772007,2730.0,,,1.238246202468872,,284,3740
,381.9520266,1779633437.982037,2740.0,,,1.2567490339279175,,285,3740
,394.9397166,1779633450.9702861,2750.0,1.5389536619186401,1.1899995803833008,,0.0004924552772419723,286,3740
,395.0435802,1779633451.0734236,2750.0,,,1.2534087896347046,,287,3740
,395.9467999,1779633451.9766004,2760.0,,,1.2257145643234253,,288,3740
,396.8508805,1779633452.880849,2770.0,,,1.2335916757583618,,289,3740
,397.7508578,1779633453.7814565,2780.0,,,1.235262155532837,,290,3740
,398.6533477,1779633454.6830454,2790.0,,,1.2487338781356812,,291,3740
,399.5676491,1779633455.5982466,2800.0,,,1.2406047582626343,,292,3740
,400.470008,1779633456.500345,2810.0,,,1.2725915908813477,,293,3740
,401.3832082,1779633457.413123,2820.0,,,1.2329113483428955,,294,3740
,402.2914799,1779633458.322079,2830.0,,,1.24055016040802,,295,3740
,403.2078189,1779633459.2376475,2840.0,,,1.2455122470855713,,296,3740
,404.1209048,1779633460.1513326,2850.0,,,1.2384865283966064,,297,3740
,405.0295512,1779633461.059781,2860.0,,,1.2515525817871094,,298,3740
,405.9381586,1779633461.9681766,2870.0,,,1.2096983194351196,,299,3740
,406.8541636,1779633462.884762,2880.0,,,1.2368394136428833,,300,3740
,407.77115679999997,1779633463.8017554,2890.0,,,1.2098320722579956,,301,3740
,408.6810079,1779633464.7108305,2900.0,,,1.2307631969451904,,302,3740
,409.5910339,1779633465.6215143,2910.0,,,1.250360131263733,,303,3740
,410.4875828,1779633466.518182,2920.0,,,1.24307382106781,,304,3740
,411.398244,1779633467.4280262,2930.0,,,1.2475024461746216,,305,3740
,412.300867,1779633468.3308258,2940.0,,,1.2438876628875732,,306,3740
,413.2004811,1779633469.2310784,2950.0,,,1.21929931640625,,307,3740
,414.1030415,1779633470.1336403,2960.0,,,1.2277214527130127,,308,3740
,415.0175435,1779633471.0474277,2970.0,,,1.2397091388702393,,309,3740
,415.9241767,1779633471.9542162,2980.0,,,1.2154561281204224,,310,3740
,416.8386113,1779633472.869163,2990.0,,,1.2626498937606812,,311,3740
,429.8225918,1779633485.8525054,3000.0,1.521508812904358,1.1383583545684814,,0.0004219625860160354,312,3740
,429.9188845,1779633485.9485857,3000.0,,,1.2151057720184326,,313,3740
,430.8197126,1779633486.8496995,3010.0,,,1.2316741943359375,,314,3740
,431.7316053,1779633487.762205,3020.0,,,1.212436318397522,,315,3740
,432.6444634,1779633488.6750593,3030.0,,,1.2438924312591553,,316,3740
,433.5554171,1779633489.5865223,3040.0,,,1.2285845279693604,,317,3740
,434.4618614,1779633490.4922867,3050.0,,,1.2090399265289307,,318,3740
,435.3656729,1779633491.3962708,3060.0,,,1.2260245084762573,,319,3740
,436.2752169,1779633492.305576,3070.0,,,1.2441668510437012,,320,3740
,437.1786411,1779633493.2085588,3080.0,,,1.2225897312164307,,321,3740
,438.0898641,1779633494.1204634,3090.0,,,1.2400860786437988,,322,3740
,438.9920139,1779633495.022313,3100.0,,,1.2215992212295532,,323,3740
,439.9115299,1779633495.9421263,3110.0,,,1.1935657262802124,,324,3740
,440.8278639,1779633496.8577137,3120.0,,,1.2090941667556763,,325,3740
,441.7284566,1779633497.7590578,3130.0,,,1.2174696922302246,,326,3740
,442.6393505,1779633498.6699483,3140.0,,,1.204333782196045,,327,3740
,443.5515419,1779633499.5820894,3150.0,,,1.2421284914016724,,328,3740
,444.4730544,1779633500.5035188,3160.0,,,1.1911814212799072,,329,3740
,445.3803078,1779633501.4106536,3170.0,,,1.1692062616348267,,330,3740
,446.2863919,1779633502.3169577,3180.0,,,1.206190586090088,,331,3740
,447.1882911,1779633503.2183301,3190.0,,,1.2005884647369385,,332,3740
,448.1010665,1779633504.1316636,3200.0,,,1.211208701133728,,333,3740
,449.004323,1779633505.0345967,3210.0,,,1.234215259552002,,334,3740
,449.9151461,1779633505.9447055,3220.0,,,1.2406493425369263,,335,3740
,450.8271837,1779633506.85754,3230.0,,,1.1959996223449707,,336,3740
,451.7316307,1779633507.7621279,3240.0,,,1.2173019647598267,,337,3740
,464.7362995,1779633520.7668967,3250.0,1.5221120119094849,1.1351654529571533,,0.00035475231739709885,338,3740
,464.8313625,1779633520.8614047,3250.0,,,1.189285159111023,,339,3740
,465.7314527,1779633521.7620504,3260.0,,,1.2135261297225952,,340,3740
,466.6385387,1779633522.669116,3270.0,,,1.2222862243652344,,341,3740
,467.5449362,1779633523.5755336,3280.0,,,1.2175822257995605,,342,3740
,468.4534079,1779633524.484008,3290.0,,,1.2013416290283203,,343,3740
,469.352519,1779633525.383082,3300.0,,,1.1991605758666992,,344,3740
,470.2528486,1779633526.2834468,3310.0,,,1.2263588905334473,,345,3740
,471.1624255,1779633527.1930242,3320.0,,,1.2446972131729126,,346,3740
,472.0696899,1779633528.10029,3330.0,,,1.2110352516174316,,347,3740
,472.9809862,1779633529.011583,3340.0,,,1.1701858043670654,,348,3740
,473.8848336,1779633529.915402,3350.0,,,1.2106844186782837,,349,3740
,474.8008439,1779633530.8308115,3360.0,,,1.2156583070755005,,350,3740
,475.7002369,1779633531.730835,3370.0,,,1.2246662378311157,,351,3740
,476.609043,1779633532.639584,3380.0,,,1.2131565809249878,,352,3740
,477.5191708,1779633533.5497682,3390.0,,,1.2115027904510498,,353,3740
,478.4278864,1779633534.4583523,3400.0,,,1.1837903261184692,,354,3740
,479.3486583,1779633535.3781216,3410.0,,,1.1924976110458374,,355,3740
,480.2517403,1779633536.2824779,3420.0,,,1.1905220746994019,,356,3740
,481.163076,1779633537.1932724,3430.0,,,1.193657636642456,,357,3740
,482.0709388,1779633538.1013618,3440.0,,,1.1886192560195923,,358,3740
,482.984076,1779633539.0142672,3450.0,,,1.2028297185897827,,359,3740
,483.8898807,1779633539.920476,3460.0,,,1.1716926097869873,,360,3740
,484.8037597,1779633540.8337932,3470.0,,,1.192864179611206,,361,3740
,485.7066808,1779633541.7371776,3480.0,,,1.1641639471054077,,362,3740
,486.6193066,1779633542.6490285,3490.0,,,1.1996984481811523,,363,3740
,499.5822754,1779633555.6123793,3500.0,1.5471012592315674,1.1455308198928833,,0.0002925475029450237,364,3740
,499.6821946,1779633555.7122211,3500.0,,,1.1835883855819702,,365,3740
,500.5925924,1779633556.6229866,3510.0,,,1.2150458097457886,,366,3740
,501.4923969,1779633557.5229957,3520.0,,,1.1993632316589355,,367,3740
,502.4054611,1779633558.4360597,3530.0,,,1.18292236328125,,368,3740
,503.3155181,1779633559.3453076,3540.0,,,1.1602790355682373,,369,3740
,504.220655,1779633560.2509975,3550.0,,,1.219067096710205,,370,3740
,505.1304977,1779633561.1610947,3560.0,,,1.185246229171753,,371,3740
,506.0362382,1779633562.0668373,3570.0,,,1.1687864065170288,,372,3740
,506.940992,1779633562.971589,3580.0,,,1.1652336120605469,,373,3740
,507.8480508,1779633563.8777237,3590.0,,,1.1787242889404297,,374,3740
,508.7531301,1779633564.7828207,3600.0,,,1.1725939512252808,,375,3740
,509.6741083,1779633565.7044876,3610.0,,,1.1924411058425903,,376,3740
,510.5863058,1779633566.6168118,3620.0,,,1.1815125942230225,,377,3740
,511.5018844,1779633567.5324547,3630.0,,,1.1641209125518799,,378,3740
,512.4069934,1779633568.4370987,3640.0,,,1.1760283708572388,,379,3740
,513.3168604,1779633569.3468945,3650.0,,,1.1943186521530151,,380,3740
,514.2296582,1779633570.2592833,3660.0,,,1.182747483253479,,381,3740
,515.1455573,1779633571.1753814,3670.0,,,1.1741911172866821,,382,3740
,516.0536213,1779633572.0837023,3680.0,,,1.1791058778762817,,383,3740
,516.9578934,1779633572.9878135,3690.0,,,1.1895512342453003,,384,3740
,517.8795717,1779633573.910158,3700.0,,,1.209357500076294,,385,3740
,518.7870549,1779633574.8167222,3710.0,,,1.1758946180343628,,386,3740
,519.7141776,1779633575.7442856,3720.0,,,1.1531397104263306,,387,3740
,520.6300876,1779633576.6606846,3730.0,,,1.1815683841705322,,388,3740
,521.5404567,1779633577.5706468,3740.0,,,1.1908735036849976,,389,3740
,534.5052904,1779633590.5351658,3750.0,1.5332101583480835,1.0996239185333252,,0.00023694285222843113,390,3740
,534.600726,1779633590.6311896,3750.0,,,1.1830247640609741,,391,3740
,535.506731,1779633591.5373297,3760.0,,,1.1440712213516235,,392,3740
,536.4083794,1779633592.4387102,3770.0,,,1.1511662006378174,,393,3740
,537.3369175,1779633593.3675144,3780.0,,,1.1812753677368164,,394,3740
,538.2422307,1779633594.2719827,3790.0,,,1.1546764373779297,,395,3740
,539.1520539,1779633595.1826503,3800.0,,,1.1518769264221191,,396,3740
,540.0671156,1779633596.0976448,3810.0,,,1.155745029449463,,397,3740
,540.9653765,1779633596.9957092,3820.0,,,1.1410375833511353,,398,3740
,541.8812682,1779633597.9118645,3830.0,,,1.1660363674163818,,399,3740
,542.7844944,1779633598.8144763,3840.0,,,1.1700489521026611,,400,3740
,543.6905727,1779633599.721039,3850.0,,,1.1554396152496338,,401,3740
,544.6190137,1779633600.6495843,3860.0,,,1.1689720153808594,,402,3740
,545.5238473,1779633601.5543947,3870.0,,,1.1568305492401123,,403,3740
,546.435524,1779633602.4661207,3880.0,,,1.1356390714645386,,404,3740
,547.354191,1779633603.384229,3890.0,,,1.1784400939941406,,405,3740
,548.2632015,1779633604.293799,3900.0,,,1.1776314973831177,,406,3740
,549.1753653,1779633605.205956,3910.0,,,1.1397534608840942,,407,3740
,550.0924633,1779633606.122985,3920.0,,,1.1711771488189697,,408,3740
,551.0032861,1779633607.0338862,3930.0,,,1.1628694534301758,,409,3740
,551.9144015,1779633607.9445627,3940.0,,,1.1880632638931274,,410,3740
,552.8310411,1779633608.8614109,3950.0,,,1.1418753862380981,,411,3740
,553.7417615,1779633609.772361,3960.0,,,1.1677724123001099,,412,3740
,554.6522961,1779633610.6828675,3970.0,,,1.1693252325057983,,413,3740
,555.5616237,1779633611.5922217,3980.0,,,1.1620399951934814,,414,3740
,556.4753534,1779633612.5058625,3990.0,,,1.1584575176239014,,415,3740
,569.5101874,1779633625.5401618,4000.0,1.5371100902557373,1.097383737564087,,0.00018936387015941957,416,3740
,569.6063213,1779633625.63692,4000.0,,,1.1835155487060547,,417,3740
,570.5095991,1779633626.539633,4010.0,,,1.1724838018417358,,418,3740
,571.4177316,1779633627.4483302,4020.0,,,1.1587727069854736,,419,3740
,572.3355907,1779633628.3660092,4030.0,,,1.1630867719650269,,420,3740
,573.2399623,1779633629.270557,4040.0,,,1.1418988704681396,,421,3740
,574.1442093,1779633630.174232,4050.0,,,1.148341417312622,,422,3740
,575.0586149,1779633631.0885484,4060.0,,,1.1554484367370605,,423,3740
,575.9713298,1779633632.0015168,4070.0,,,1.1445115804672241,,424,3740
,576.8845509,1779633632.9140773,4080.0,,,1.152281641960144,,425,3740
,577.7843874,1779633633.8149872,4090.0,,,1.1482383012771606,,426,3740
,578.6996751,1779633634.730269,4100.0,,,1.1377208232879639,,427,3740
,579.6143422,1779633635.643776,4110.0,,,1.1541334390640259,,428,3740
,580.5273667,1779633636.5579643,4120.0,,,1.145401954650879,,429,3740
,581.4361651,1779633637.465945,4130.0,,,1.1723127365112305,,430,3740
,582.3463624,1779633638.3765042,4140.0,,,1.1395639181137085,,431,3740
,583.2645162,1779633639.2951145,4150.0,,,1.1384629011154175,,432,3740
,584.1616107,1779633640.1922078,4160.0,,,1.1352790594100952,,433,3740
,585.0681311,1779633641.098731,4170.0,,,1.1815335750579834,,434,3740
,586.0010792,1779633642.0316777,4180.0,,,1.1067605018615723,,435,3740
,586.9152656,1779633642.9444919,4190.0,,,1.1602277755737305,,436,3740
,587.8223585,1779633643.8523843,4200.0,,,1.1234990358352661,,437,3740
,588.7266163,1779633644.7566268,4210.0,,,1.1351336240768433,,438,3740
,589.6383393,1779633645.6689365,4220.0,,,1.1290518045425415,,439,3740
,590.5518139,1779633646.5818658,4230.0,,,1.1470707654953003,,440,3740
,591.4667257,1779633647.4973214,4240.0,,,1.1493326425552368,,441,3740
,604.4586447,1779633660.488456,4250.0,1.5406813621520996,1.0800105333328247,,0.00015103031213214996,442,3740
,604.5509966,1779633660.581035,4250.0,,,1.125938057899475,,443,3740
,605.4640526,1779633661.49465,4260.0,,,1.1526172161102295,,444,3740
,606.3685273,1779633662.3991292,4270.0,,,1.1460094451904297,,445,3740
,607.2738918,1779633663.3039727,4280.0,,,1.1369892358779907,,446,3740
,608.1841157,1779633664.214713,4290.0,,,1.100074291229248,,447,3740
,609.102601,1779633665.1331992,4300.0,,,1.132536768913269,,448,3740
,610.0165961,1779633666.047195,4310.0,,,1.1298067569732666,,449,3740
,610.925653,1779633666.955577,4320.0,,,1.1485940217971802,,450,3740
,611.8368514,1779633667.8663516,4330.0,,,1.1832774877548218,,451,3740
,612.7511626,1779633668.7817204,4340.0,,,1.1126267910003662,,452,3740
,613.6546927,1779633669.684534,4350.0,,,1.1414391994476318,,453,3740
,614.5653112,1779633670.595913,4360.0,,,1.1537165641784668,,454,3740
,615.4758132,1779633671.5062208,4370.0,,,1.1104556322097778,,455,3740
,616.3848999,1779633672.4154975,4380.0,,,1.168119192123413,,456,3740
,617.2976399,1779633673.3282375,4390.0,,,1.1272486448287964,,457,3740
,618.2060828,1779633674.2366805,4400.0,,,1.1298362016677856,,458,3740
,619.1126223,1779633675.1426852,4410.0,,,1.1258680820465088,,459,3740
,620.0254955,1779633676.0560932,4420.0,,,1.1413465738296509,,460,3740
,620.9425153,1779633676.9731164,4430.0,,,1.1129734516143799,,461,3740
,621.8492854,1779633677.8787584,4440.0,,,1.1723792552947998,,462,3740
,622.756238,1779633678.7859836,4450.0,,,1.1290972232818604,,463,3740
,623.6593121,1779633679.6899102,4460.0,,,1.1164582967758179,,464,3740
,624.5685699,1779633680.5991676,4470.0,,,1.1391128301620483,,465,3740
,625.4909108,1779633681.5214133,4480.0,,,1.1308976411819458,,466,3740
,626.4002884,1779633682.43082,4490.0,,,1.129432201385498,,467,3740
,639.2963706,1779633695.326446,4500.0,1.547064185142517,1.0612356662750244,,0.00012292491384519912,468,3740
,639.394487,1779633695.424813,4500.0,,,1.1344141960144043,,469,3740
,640.2877033,1779633696.3180866,4510.0,,,1.1611653566360474,,470,3740
,641.2080025,1779633697.236875,4520.0,,,1.153480887413025,,471,3740
,642.1122769,1779633698.1426258,4530.0,,,1.1439976692199707,,472,3740
,643.0219414,1779633699.0523129,4540.0,,,1.147316813468933,,473,3740
,643.9569128,1779633699.9875083,4550.0,,,1.1292362213134766,,474,3740
,644.866812,1779633700.8974109,4560.0,,,1.154044508934021,,475,3740
,645.7653762,1779633701.7954676,4570.0,,,1.1170235872268677,,476,3740
,646.6802288,1779633702.7108278,4580.0,,,1.1320741176605225,,477,3740
,647.595422,1779633703.6260195,4590.0,,,1.1675691604614258,,478,3740
,648.5018806,1779633704.5324771,4600.0,,,1.116867184638977,,479,3740
,649.414327,1779633705.4449146,4610.0,,,1.1384637355804443,,480,3740
,650.31314,1779633706.34278,4620.0,,,1.1200209856033325,,481,3740
,651.2206024,1779633707.2502587,4630.0,,,1.1172144412994385,,482,3740
,652.1445723,1779633708.174709,4640.0,,,1.1177058219909668,,483,3740
,653.0404432,1779633709.071043,4650.0,,,1.142326831817627,,484,3740
,653.9522397,1779633709.9817681,4660.0,,,1.1015467643737793,,485,3740
,654.8601402,1779633710.8897884,4670.0,,,1.1201592683792114,,486,3740
,655.7651683,1779633711.7957675,4680.0,,,1.132155418395996,,487,3740
,656.6727694,1779633712.7032046,4690.0,,,1.1152758598327637,,488,3740
,657.5806784,1779633713.611012,4700.0,,,1.1290440559387207,,489,3740
,658.4814109,1779633714.5111406,4710.0,,,1.1217626333236694,,490,3740
,659.3957785,1779633715.4253685,4720.0,,,1.1252989768981934,,491,3740
,660.313506,1779633716.3440719,4730.0,,,1.1185892820358276,,492,3740
,661.2320368,1779633717.2626357,4740.0,,,1.1447209119796753,,493,3740
,674.2267106,1779633730.2567248,4750.0,1.5571647882461548,1.0732934474945068,,0.00010576819746349742,494,3740
,674.3235657,1779633730.3538673,4750.0,,,1.1553198099136353,,495,3740
,675.2230876,1779633731.2534127,4760.0,,,1.1294513940811157,,496,3740
,676.1293109,1779633732.1599095,4770.0,,,1.1457836627960205,,497,3740
,677.0317584,1779633733.0623357,4780.0,,,1.1108980178833008,,498,3740
,677.9410441,1779633733.9716392,4790.0,,,1.1165478229522705,,499,3740
,678.8496849,1779633734.8800814,4800.0,,,1.1398615837097168,,500,3740
,679.767035,1779633735.79663,4810.0,,,1.1125383377075195,,501,3740
,680.678691,1779633736.7088993,4820.0,,,1.1078991889953613,,502,3740
,681.5853242,1779633737.6158903,4830.0,,,1.1092944145202637,,503,3740
,682.4980638,1779633738.5286415,4840.0,,,1.1126865148544312,,504,3740
,683.3995402,1779633739.4301393,4850.0,,,1.1164993047714233,,505,3740
,684.3155057,1779633740.345609,4860.0,,,1.1242107152938843,,506,3740
,685.2295406,1779633741.260142,4870.0,,,1.1371808052062988,,507,3740
,686.1373265,1779633742.1679246,4880.0,,,1.1473286151885986,,508,3740
,687.0480521,1779633743.077735,4890.0,,,1.1093230247497559,,509,3740
,687.9625731,1779633743.9931166,4900.0,,,1.0971052646636963,,510,3740
,688.8864234,1779633744.9163191,4910.0,,,1.1189849376678467,,511,3740
,689.7964127,1779633745.8270137,4920.0,,,1.119019865989685,,512,3740
,690.7153518,1779633746.7458582,4930.0,,,1.1059800386428833,,513,3740
,691.6217058,1779633747.6510885,4940.0,,,1.1240026950836182,,514,3740
,692.5326184,1779633748.5632114,4950.0,,,1.0957459211349487,,515,3740
,693.4470546,1779633749.4776545,4960.0,,,1.1181741952896118,,516,3740
,694.3532642,1779633750.383299,4970.0,,,1.1057519912719727,,517,3740
,695.2654461,1779633751.2960446,4980.0,,,1.143989086151123,,518,3740
,696.1772931,1779633752.2073152,4990.0,,,1.093812108039856,,519,3740
,709.1403235,1779633765.1694655,5000.0,1.5561554431915283,1.053412675857544,,0.0001,520,3740
,709.2376851,1779633765.2677078,5000.0,,,1.110443115234375,,521,3740
"{'path': 'media/html/Sample Generation_522_d9216b18475faa653a3f.html', 'size': 275, '_type': 'html-file', 'sha256': 'd9216b18475faa653a3f57debe0fd4bfbf5f2f05a2956414f2b969bec4a3d0fc'}",710.4226026,1779633766.4530725,,,,,,522,3740
