lr,train/loss,_step,val/loss,_timestamp,iter,_runtime,train/step_loss,Sample Generation,seed
9.900990099009901e-06,4.2738142013549805,0,4.267052173614502,1779707186.6153193,0.0,15.2713905,,,6242
,,1,,1779707186.737292,0.0,15.3933384,4.2634687423706055,,6242
,,2,,1779707187.819584,10.0,16.4756293,3.011631965637207,,6242
,,3,,1779707188.933307,20.0,17.5893778,2.6971030235290527,,6242
,,4,,1779707190.0335557,30.0,18.6890945,2.598235845565796,,6242
,,5,,1779707191.1240146,40.0,19.7805341,2.51180100440979,,6242
,,6,,1779707192.2036188,50.0,20.8598129,2.4408862590789795,,6242
,,7,,1779707193.299882,60.0,21.9564843,2.38157057762146,,6242
,,8,,1779707194.3855195,70.0,23.0419953,2.300063133239746,,6242
,,9,,1779707195.4655974,80.0,24.1217746,2.2123911380767822,,6242
,,10,,1779707196.560396,90.0,25.2164414,2.1621885299682617,,6242
,,11,,1779707197.6470685,100.0,26.3033751,2.112626075744629,,6242
,,12,,1779707198.7205896,110.0,27.3766345,2.0752792358398438,,6242
,,13,,1779707199.8088503,120.0,28.4649741,2.0053420066833496,,6242
,,14,,1779707200.9041874,130.0,29.5602334,1.988279104232788,,6242
,,15,,1779707201.9939253,140.0,30.64997,1.9520469903945923,,6242
,,16,,1779707203.0872097,150.0,31.7434712,1.8783166408538818,,6242
,,17,,1779707204.1785653,160.0,32.8346084,1.8474488258361816,,6242
,,18,,1779707205.2627213,170.0,33.9192092,1.8415162563323975,,6242
,,19,,1779707206.3395147,180.0,34.9955581,1.8445903062820435,,6242
,,20,,1779707207.4215393,190.0,36.077584,1.8037216663360596,,6242
,,21,,1779707208.5204535,200.0,37.1765952,1.7756619453430176,,6242
,,22,,1779707209.6177037,210.0,38.2741567,1.7139511108398438,,6242
,,23,,1779707210.7205698,220.0,39.37712,1.727241039276123,,6242
,,24,,1779707211.8310182,230.0,40.4870728,1.6934795379638672,,6242
,,25,,1779707212.91136,240.0,41.5676671,1.7127430438995361,,6242
0.0009979206008271391,1.5854095220565796,26,1.7554848194122314,1779707229.077472,250.0,57.7340127,,,6242
,,27,,1779707229.1954393,250.0,57.8514853,1.6917502880096436,,6242
,,28,,1779707230.318122,260.0,58.9741688,1.653261423110962,,6242
,,29,,1779707231.4338775,270.0,60.0899231,1.6686768531799316,,6242
,,30,,1779707232.5501533,280.0,61.2066848,1.6364548206329346,,6242
,,31,,1779707233.6695824,290.0,62.3259882,1.6283860206604004,,6242
,,32,,1779707234.778462,300.0,63.4346116,1.5811750888824463,,6242
,,33,,1779707235.890811,310.0,64.5474146,1.5932655334472656,,6242
,,34,,1779707237.011351,320.0,65.6675673,1.5756462812423706,,6242
,,35,,1779707238.1242797,330.0,66.780511,1.5846104621887207,,6242
,,36,,1779707239.2335072,340.0,67.8895533,1.5393691062927246,,6242
,,37,,1779707240.353521,350.0,69.0098404,1.5277341604232788,,6242
,,38,,1779707241.4691212,360.0,70.1251651,1.5111662149429321,,6242
,,39,,1779707242.5869656,370.0,71.2432555,1.527151346206665,,6242
,,40,,1779707243.700326,380.0,72.3558648,1.5108078718185425,,6242
,,41,,1779707244.8040648,390.0,73.4603027,1.4978666305541992,,6242
,,42,,1779707245.9323072,400.0,74.5883531,1.4778083562850952,,6242
,,43,,1779707247.0430088,410.0,75.700015,1.4623627662658691,,6242
,,44,,1779707248.1591725,420.0,76.8152474,1.4655338525772095,,6242
,,45,,1779707249.280915,430.0,77.9369604,1.4994828701019287,,6242
,,46,,1779707250.3912022,440.0,79.0483068,1.457944393157959,,6242
,,47,,1779707251.5124047,450.0,80.1686437,1.481375813484192,,6242
,,48,,1779707252.6387997,460.0,81.2948448,1.4748191833496094,,6242
,,49,,1779707253.762781,470.0,82.4194516,1.473922610282898,,6242
,,50,,1779707254.876626,480.0,83.5326738,1.442395806312561,,6242
,,51,,1779707255.9947772,490.0,84.6508217,1.461034893989563,,6242
0.0009852826883675631,1.3558193445205688,52,1.5797982215881348,1779707271.9177177,500.0,100.574256,,,6242
,,53,,1779707272.0337114,500.0,100.6897575,1.4425673484802246,,6242
,,54,,1779707273.1449625,510.0,101.8011785,1.4315719604492188,,6242
,,55,,1779707274.257438,520.0,102.9129769,1.4407830238342285,,6242
,,56,,1779707275.3694015,530.0,104.0255385,1.3841133117675781,,6242
,,57,,1779707276.4869778,540.0,105.1430442,1.3975446224212646,,6242
,,58,,1779707277.5949275,550.0,106.2509737,1.411763310432434,,6242
,,59,,1779707278.7115607,560.0,107.3679148,1.3990048170089722,,6242
,,60,,1779707279.8228319,570.0,108.4788773,1.4064632654190063,,6242
,,61,,1779707280.935367,580.0,109.5921811,1.363318920135498,,6242
,,62,,1779707282.0483,590.0,110.7043449,1.3888875246047974,,6242
,,63,,1779707283.1629715,600.0,111.8192017,1.3705462217330933,,6242
,,64,,1779707284.276624,610.0,112.9326699,1.4011178016662598,,6242
,,65,,1779707285.388418,620.0,114.0444628,1.3890252113342285,,6242
,,66,,1779707286.502919,630.0,115.1590133,1.353006362915039,,6242
,,67,,1779707287.6134262,640.0,116.2702746,1.3655884265899658,,6242
,,68,,1779707288.728534,650.0,117.3850672,1.349123239517212,,6242
,,69,,1779707289.8425298,660.0,118.4985772,1.3651987314224243,,6242
,,70,,1779707290.956277,670.0,119.6128854,1.3385897874832153,,6242
,,71,,1779707292.0699315,680.0,120.7259763,1.3548475503921509,,6242
,,72,,1779707293.1832867,690.0,121.8393316,1.368206262588501,,6242
,,73,,1779707294.3037324,700.0,122.9607762,1.313707709312439,,6242
,,74,,1779707295.4165928,710.0,124.0726362,1.3387782573699951,,6242
,,75,,1779707296.5340223,720.0,125.1906986,1.3254095315933228,,6242
,,76,,1779707297.6485176,730.0,126.3054711,1.3167153596878052,,6242
,,77,,1779707298.7626688,740.0,127.418915,1.3427379131317139,,6242
0.0009614856803571157,1.2542582750320435,78,1.5229321718215942,1779707314.7971117,750.0,143.4535959,,,6242
,,79,,1779707314.9133422,750.0,143.5693902,1.3029131889343262,,6242
,,80,,1779707316.0264356,760.0,144.6824801,1.292560338973999,,6242
,,81,,1779707317.1466,770.0,145.8026479,1.3211054801940918,,6242
,,82,,1779707318.258621,780.0,146.9147016,1.3118687868118286,,6242
,,83,,1779707319.3731115,790.0,148.0293223,1.3233397006988525,,6242
,,84,,1779707320.4832928,800.0,149.1393387,1.3180787563323975,,6242
,,85,,1779707321.6003647,810.0,150.2574102,1.2800114154815674,,6242
,,86,,1779707322.7136374,820.0,151.370714,1.3369174003601074,,6242
,,87,,1779707323.8266976,830.0,152.482741,1.3050466775894165,,6242
,,88,,1779707324.939017,840.0,153.5950627,1.279203176498413,,6242
,,89,,1779707326.0498853,850.0,154.7065845,1.2827363014221191,,6242
,,90,,1779707327.1621473,860.0,155.8192499,1.281480073928833,,6242
,,91,,1779707328.288516,870.0,156.9446244,1.2830493450164795,,6242
,,92,,1779707329.397654,880.0,158.0543,1.2926875352859497,,6242
,,93,,1779707330.5248735,890.0,159.1818017,1.2840921878814697,,6242
,,94,,1779707331.6400285,900.0,160.296151,1.3002383708953857,,6242
,,95,,1779707332.7605212,910.0,161.416566,1.2628569602966309,,6242
,,96,,1779707333.8780012,920.0,162.5341868,1.2827122211456299,,6242
,,97,,1779707334.989512,930.0,163.6457696,1.2745087146759033,,6242
,,98,,1779707336.104814,940.0,164.7614467,1.2557283639907837,,6242
,,99,,1779707337.215466,950.0,165.8723669,1.2742159366607666,,6242
,,100,,1779707338.317659,960.0,166.9744127,1.2763001918792725,,6242
,,101,,1779707339.4345298,970.0,168.0905778,1.250443696975708,,6242
,,102,,1779707340.5571375,980.0,169.2131831,1.262833833694458,,6242
,,103,,1779707341.6679401,990.0,170.3239854,1.265084147453308,,6242
0.0009271396472013282,1.1854417324066162,104,1.4883739948272705,1779707357.7311406,1000.0,186.3873068,,,6242
,,105,,1779707357.8485317,1000.0,186.5045783,1.2241030931472778,,6242
,,106,,1779707358.9634955,1010.0,187.619541,1.261474370956421,,6242
,,107,,1779707360.0893576,1020.0,188.7448965,1.2529538869857788,,6242
,,108,,1779707361.2086449,1030.0,189.8651856,1.214719295501709,,6242
,,109,,1779707362.3234513,1040.0,190.9797423,1.2053455114364624,,6242
,,110,,1779707363.4424245,1050.0,192.099412,1.2563618421554565,,6242
,,111,,1779707364.5584445,1060.0,193.2149479,1.2619695663452148,,6242
,,112,,1779707365.6772888,1070.0,194.3333344,1.2377312183380127,,6242
,,113,,1779707366.795723,1080.0,195.4517659,1.2262978553771973,,6242
,,114,,1779707367.9088917,1090.0,196.5655481,1.238306999206543,,6242
,,115,,1779707369.027765,1100.0,197.6838102,1.2525548934936523,,6242
,,116,,1779707370.137071,1110.0,198.7931183,1.2368206977844238,,6242
,,117,,1779707371.2502267,1120.0,199.9062735,1.247420310974121,,6242
,,118,,1779707372.3639507,1130.0,201.0202657,1.226840615272522,,6242
,,119,,1779707373.4874337,1140.0,202.143502,1.2389811277389526,,6242
,,120,,1779707374.6071029,1150.0,203.2631477,1.24078369140625,,6242
,,121,,1779707375.7184374,1160.0,204.3744832,1.2200393676757812,,6242
,,122,,1779707376.832048,1170.0,205.4880946,1.2005677223205566,,6242
,,123,,1779707377.9440796,1180.0,206.6002932,1.2018542289733887,,6242
,,124,,1779707379.058609,1190.0,207.7146544,1.2277752161026,,6242
,,125,,1779707380.1539588,1200.0,208.8102806,1.2320901155471802,,6242
,,126,,1779707381.2395532,1210.0,209.8958071,1.2090179920196533,,6242
,,127,,1779707382.3246918,1220.0,210.9807359,1.219509243965149,,6242
,,128,,1779707383.4046924,1230.0,212.0607353,1.223409652709961,,6242
,,129,,1779707384.4930322,1240.0,213.1495733,1.1872851848602295,,6242
0.000883125098683892,1.1338306665420532,130,1.4791940450668335,1779707400.476603,1250.0,229.1331882,,,6242
,,131,,1779707400.5961235,1250.0,229.2521748,1.2366620302200317,,6242
,,132,,1779707401.7102277,1260.0,230.3666322,1.1971968412399292,,6242
,,133,,1779707402.818774,1270.0,231.4758229,1.2012182474136353,,6242
,,134,,1779707403.935145,1280.0,232.59194,1.1759860515594482,,6242
,,135,,1779707405.052903,1290.0,233.7089501,1.1818430423736572,,6242
,,136,,1779707406.1647234,1300.0,234.8217591,1.1982104778289795,,6242
,,137,,1779707407.2835703,1310.0,235.9396177,1.1901313066482544,,6242
,,138,,1779707408.393556,1320.0,237.0496054,1.1857918500900269,,6242
,,139,,1779707409.5047083,1330.0,238.1610387,1.1990498304367065,,6242
,,140,,1779707410.6260343,1340.0,239.2820776,1.1843688488006592,,6242
,,141,,1779707411.7460985,1350.0,240.4021439,1.2086763381958008,,6242
,,142,,1779707412.859843,1360.0,241.5158883,1.1923983097076416,,6242
,,143,,1779707413.974417,1370.0,242.6310676,1.2131562232971191,,6242
,,144,,1779707415.0897527,1380.0,243.746018,1.2225830554962158,,6242
,,145,,1779707416.2048848,1390.0,244.8615816,1.1687281131744385,,6242
,,146,,1779707417.31783,1400.0,245.9739008,1.1905070543289185,,6242
,,147,,1779707418.4403398,1410.0,247.0965369,1.1845942735671997,,6242
,,148,,1779707419.5551693,1420.0,248.212171,1.1732581853866577,,6242
,,149,,1779707420.6714857,1430.0,249.3277565,1.1686147451400757,,6242
,,150,,1779707421.7931454,1440.0,250.4492718,1.1579973697662354,,6242
,,151,,1779707422.9019315,1450.0,251.5589935,1.1709493398666382,,6242
,,152,,1779707424.0162647,1460.0,252.6730807,1.1926178932189941,,6242
,,153,,1779707425.1251822,1470.0,253.7812283,1.1677411794662476,,6242
,,154,,1779707426.235838,1480.0,254.8926457,1.157941460609436,,6242
,,155,,1779707427.3503892,1490.0,256.0065438,1.178615689277649,,6242
0.0008305704108364302,1.0816869735717773,156,1.4905624389648438,1779707443.2522414,1500.0,271.9087394,,,6242
,,157,,1779707443.3671923,1500.0,272.0232378,1.157354474067688,,6242
,,158,,1779707444.4712372,1510.0,273.1272815,1.1389542818069458,,6242
,,159,,1779707445.551372,1520.0,274.2074161,1.1584995985031128,,6242
,,160,,1779707446.6351454,1530.0,275.2913665,1.1531751155853271,,6242
,,161,,1779707447.723381,1540.0,276.3798149,1.1893367767333984,,6242
,,162,,1779707448.8083785,1550.0,277.4644515,1.1830015182495117,,6242
,,163,,1779707449.8870926,1560.0,278.5436505,1.161120057106018,,6242
,,164,,1779707450.9738526,1570.0,279.6301089,1.1524814367294312,,6242
,,165,,1779707452.0597858,1580.0,280.7168639,1.1438406705856323,,6242
,,166,,1779707453.1381688,1590.0,281.7945813,1.1258221864700317,,6242
,,167,,1779707454.2211099,1600.0,282.8774181,1.1492265462875366,,6242
,,168,,1779707455.3053706,1610.0,283.961702,1.1259500980377197,,6242
,,169,,1779707456.3834074,1620.0,285.0394532,1.1268553733825684,,6242
,,170,,1779707457.4604158,1630.0,286.1169724,1.144205093383789,,6242
,,171,,1779707458.5389674,1640.0,287.1959364,1.147821307182312,,6242
,,172,,1779707459.6589947,1650.0,288.3150375,1.1577513217926025,,6242
,,173,,1779707460.7672749,1660.0,289.4233188,1.1491152048110962,,6242
,,174,,1779707461.9020486,1670.0,290.558095,1.1480339765548706,,6242
,,175,,1779707463.0585666,1680.0,291.7146142,1.1297653913497925,,6242
,,176,,1779707464.175509,1690.0,292.8321122,1.155597448348999,,6242
,,177,,1779707465.2816179,1700.0,293.9377902,1.1194862127304077,,6242
,,178,,1779707466.388073,1710.0,295.0441173,1.1275321245193481,,6242
,,179,,1779707467.4957404,1720.0,296.1518952,1.1259175539016724,,6242
,,180,,1779707468.5823572,1730.0,297.2384039,1.1334784030914307,,6242
,,181,,1779707469.7019737,1740.0,298.3585684,1.1306897401809692,,6242
0.0007708228984017721,1.0302494764328003,182,1.4773743152618408,1779707485.4379125,1750.0,314.0943368,,,6242
,,183,,1779707485.550859,1750.0,314.207096,1.1286712884902954,,6242
,,184,,1779707486.636319,1760.0,315.2927436,1.1232749223709106,,6242
,,185,,1779707487.7180903,1770.0,316.3751489,1.1199873685836792,,6242
,,186,,1779707488.8026903,1780.0,317.4587366,1.0821452140808105,,6242
,,187,,1779707489.8862803,1790.0,318.5425335,1.127800464630127,,6242
,,188,,1779707490.95778,1800.0,319.6138251,1.1318970918655396,,6242
,,189,,1779707492.0404983,1810.0,320.6966153,1.1337003707885742,,6242
,,190,,1779707493.1581836,1820.0,321.8148415,1.0856282711029053,,6242
,,191,,1779707494.2877834,1830.0,322.9436716,1.1158982515335083,,6242
,,192,,1779707495.370469,1840.0,324.027515,1.1366819143295288,,6242
,,193,,1779707496.4543908,1850.0,325.1106757,1.109275460243225,,6242
,,194,,1779707497.541814,1860.0,326.1973528,1.0982695817947388,,6242
,,195,,1779707498.6204908,1870.0,327.2769682,1.1142174005508423,,6242
,,196,,1779707499.713143,1880.0,328.3691882,1.1028640270233154,,6242
,,197,,1779707500.7939513,1890.0,329.4504097,1.0844964981079102,,6242
,,198,,1779707501.9199338,1900.0,330.5759776,1.084872841835022,,6242
,,199,,1779707503.0288174,1910.0,331.6851559,1.1147546768188477,,6242
,,200,,1779707504.118581,1920.0,332.7754538,1.0711578130722046,,6242
,,201,,1779707505.2157068,1930.0,333.8720106,1.1317683458328247,,6242
,,202,,1779707506.318473,1940.0,334.9747175,1.0958656072616577,,6242
,,203,,1779707507.4926858,1950.0,336.1495925,1.101731777191162,,6242
,,204,,1779707508.6096556,1960.0,337.266566,1.0751309394836426,,6242
,,205,,1779707509.7269516,1970.0,338.3831748,1.07865309715271,,6242
,,206,,1779707510.8444905,1980.0,339.5008572,1.0552074909210205,,6242
,,207,,1779707511.965508,1990.0,340.6222619,1.0581085681915283,,6242
0.0007054142744895884,0.9854946732521057,208,1.4941473007202148,1779707527.9982984,2000.0,356.6547619,,,6242
,,209,,1779707528.1132963,2000.0,356.7693915,1.086201548576355,,6242
,,210,,1779707529.2184827,2010.0,357.8745282,1.071557641029358,,6242
,,211,,1779707530.3269284,2020.0,358.9830582,1.0915369987487793,,6242
,,212,,1779707531.4401138,2030.0,360.0961591,1.0700894594192505,,6242
,,213,,1779707532.5651453,2040.0,361.2212429,1.0596442222595215,,6242
,,214,,1779707533.6863837,2050.0,362.3433911,1.0983729362487793,,6242
,,215,,1779707534.807221,2060.0,363.4633977,1.0524709224700928,,6242
,,216,,1779707535.9137843,2070.0,364.570691,1.0812578201293945,,6242
,,217,,1779707537.0467384,2080.0,365.7034829,1.071284532546997,,6242
,,218,,1779707538.1691096,2090.0,366.8252729,1.0513660907745361,,6242
,,219,,1779707539.2845771,2100.0,367.9406969,1.0981621742248535,,6242
,,220,,1779707540.4101233,2110.0,369.0665282,1.0665128231048584,,6242
,,221,,1779707541.5380132,2120.0,370.1940582,1.0751047134399414,,6242
,,222,,1779707542.6410348,2130.0,371.2973998,1.0704128742218018,,6242
,,223,,1779707543.7317529,2140.0,372.387797,1.046454906463623,,6242
,,224,,1779707544.8274276,2150.0,373.4834713,1.0717778205871582,,6242
,,225,,1779707545.9436395,2160.0,374.5996862,1.0651577711105347,,6242
,,226,,1779707547.0608988,2170.0,375.7170244,1.060086965560913,,6242
,,227,,1779707548.1810544,2180.0,376.8374892,1.065155029296875,,6242
,,228,,1779707549.2926981,2190.0,377.9487425,1.0346529483795166,,6242
,,229,,1779707550.4146516,2200.0,379.0701906,1.061901330947876,,6242
,,230,,1779707551.5388086,2210.0,380.1948556,1.040839672088623,,6242
,,231,,1779707552.6600614,2220.0,381.3161092,1.0376405715942383,,6242
,,232,,1779707553.7704942,2230.0,382.4270765,1.0395146608352661,,6242
,,233,,1779707554.8948596,2240.0,383.5509042,1.0649267435073853,,6242
0.0006360213829156177,0.9370321035385132,234,1.5001124143600464,1779707570.5109346,2250.0,399.167173,,,6242
,,235,,1779707570.6215982,2250.0,399.2778067,1.0487594604492188,,6242
,,236,,1779707571.6975486,2260.0,400.3538171,1.084537148475647,,6242
,,237,,1779707572.7780004,2270.0,401.4340438,1.0429737567901611,,6242
,,238,,1779707573.8585563,2280.0,402.5152923,1.0344189405441284,,6242
,,239,,1779707574.9425907,2290.0,403.5986395,1.0272690057754517,,6242
,,240,,1779707576.0202577,2300.0,404.6763031,1.0004825592041016,,6242
,,241,,1779707577.1002889,2310.0,405.7566995,1.0135430097579956,,6242
,,242,,1779707578.1760497,2320.0,406.8322986,1.0250016450881958,,6242
,,243,,1779707579.2541254,2330.0,407.9101679,1.0457082986831665,,6242
,,244,,1779707580.3247056,2340.0,408.9807757,1.0341436862945557,,6242
,,245,,1779707581.406532,2350.0,410.0625787,1.0288530588150024,,6242
,,246,,1779707582.4765625,2360.0,411.1331925,1.042672872543335,,6242
,,247,,1779707583.540134,2370.0,412.1963842,0.9852277040481567,,6242
,,248,,1779707584.6133265,2380.0,413.2693732,1.0505383014678955,,6242
,,249,,1779707585.7154388,2390.0,414.3714838,1.0599777698516846,,6242
,,250,,1779707586.8294454,2400.0,415.4855581,1.040121078491211,,6242
,,251,,1779707587.9304535,2410.0,416.5865024,1.027866244316101,,6242
,,252,,1779707589.0361083,2420.0,417.6921531,1.0315359830856323,,6242
,,253,,1779707590.1383781,2430.0,418.795299,0.9953668713569641,,6242
,,254,,1779707591.2334225,2440.0,419.8902915,0.9991335272789001,,6242
,,255,,1779707592.3377564,2450.0,420.993823,1.0379176139831543,,6242
,,256,,1779707593.4472966,2460.0,422.103343,1.012068748474121,,6242
,,257,,1779707594.5535848,2470.0,423.2096315,1.0211083889007568,,6242
,,258,,1779707595.67639,2480.0,424.3324339,1.0270198583602905,,6242
,,259,,1779707596.7786026,2490.0,425.4346465,1.0310369729995728,,6242
0.000564423209907245,0.890333354473114,260,1.519214153289795,1779707612.7232606,2500.0,441.3798078,,,6242
,,261,,1779707612.8399503,2500.0,441.4963291,1.0078706741333008,,6242
,,262,,1779707613.9458544,2510.0,442.602891,1.0081756114959717,,6242
,,263,,1779707615.0924594,2520.0,443.7485088,0.9933496713638306,,6242
,,264,,1779707616.2194924,2530.0,444.8755465,1.0237455368041992,,6242
,,265,,1779707617.3074749,2540.0,445.9635475,1.0019432306289673,,6242
,,266,,1779707618.3964188,2550.0,447.0524693,0.9944786429405212,,6242
,,267,,1779707619.484589,2560.0,448.1408925,0.9906431436538696,,6242
,,268,,1779707620.5709252,2570.0,449.2269695,0.9942126274108887,,6242
,,269,,1779707621.6950958,2580.0,450.3514725,0.9994939565658569,,6242
,,270,,1779707622.9007814,2590.0,451.5583483,1.0252068042755127,,6242
,,271,,1779707624.0122888,2600.0,452.6683401,1.0176361799240112,,6242
,,272,,1779707625.1003456,2610.0,453.7558845,0.984838604927063,,6242
,,273,,1779707626.1955974,2620.0,454.8517673,0.980920672416687,,6242
,,274,,1779707627.282168,2630.0,455.9382128,0.9977682828903198,,6242
,,275,,1779707628.367677,2640.0,457.0241718,0.9943734407424927,,6242
,,276,,1779707629.4638271,2650.0,458.1198737,1.0133804082870483,,6242
,,277,,1779707630.569684,2660.0,459.2257291,0.9960296750068665,,6242
,,278,,1779707631.6479952,2670.0,460.3047889,0.9963154792785645,,6242
,,279,,1779707632.735778,2680.0,461.3918229,0.9919022917747498,,6242
,,280,,1779707633.8523397,2690.0,462.5090407,0.9668459296226501,,6242
,,281,,1779707634.9626784,2700.0,463.618733,0.9901905059814453,,6242
,,282,,1779707636.070724,2710.0,464.7268339,0.9897758960723877,,6242
,,283,,1779707637.1854563,2720.0,465.841503,0.9895491600036621,,6242
,,284,,1779707638.287898,2730.0,466.943944,0.9931631088256836,,6242
,,285,,1779707639.405847,2740.0,468.0619707,0.97616046667099,,6242
0.0004924552772419723,0.8418478965759277,286,1.540473461151123,1779707655.4244077,2750.0,484.0808331,,,6242
,,287,,1779707655.5405893,2750.0,484.1968065,0.9567327499389648,,6242
,,288,,1779707656.6365747,2760.0,485.2926202,0.9874102473258972,,6242
,,289,,1779707657.737196,2770.0,486.3932405,0.9704559445381165,,6242
,,290,,1779707658.8206317,2780.0,487.476679,0.9771209955215454,,6242
,,291,,1779707659.921339,2790.0,488.5778731,0.9753941893577576,,6242
,,292,,1779707661.0099723,2800.0,489.6660176,0.9691919088363647,,6242
,,293,,1779707662.094944,2810.0,490.7510507,0.9684724807739258,,6242
,,294,,1779707663.2253723,2820.0,491.8821341,0.9595349431037903,,6242
,,295,,1779707664.3417773,2830.0,492.9983871,0.9752843976020813,,6242
,,296,,1779707665.4365008,2840.0,494.093052,0.9600107669830322,,6242
,,297,,1779707666.5328722,2850.0,495.1895493,0.9715951085090637,,6242
,,298,,1779707667.6258533,2860.0,496.2818996,0.9491468071937561,,6242
,,299,,1779707668.724027,2870.0,497.380142,0.9664744138717651,,6242
,,300,,1779707669.8693051,2880.0,498.52535,0.9537134766578674,,6242
,,301,,1779707671.0749805,2890.0,499.7310266,0.9267183542251587,,6242
,,302,,1779707672.2550023,2900.0,500.9109628,0.9642041921615601,,6242
,,303,,1779707673.401637,2910.0,502.0585535,0.9521278142929077,,6242
,,304,,1779707674.5216646,2920.0,503.1779712,0.9452883005142212,,6242
,,305,,1779707675.6184995,2930.0,504.2745479,0.9265369176864624,,6242
,,306,,1779707676.752708,2940.0,505.4088476,0.9644991159439087,,6242
,,307,,1779707677.8446023,2950.0,506.5013544,0.9583463072776794,,6242
,,308,,1779707678.944303,2960.0,507.6003491,0.9262005686759949,,6242
,,309,,1779707680.057614,2970.0,508.7136615,0.9469817876815796,,6242
,,310,,1779707681.1423073,2980.0,509.7983525,0.9453943967819214,,6242
,,311,,1779707682.2293375,2990.0,510.8855908,0.9381116628646851,,6242
0.0004219625860160354,0.7974774837493896,312,1.567091464996338,1779707697.7860377,3000.0,526.4415767,,,6242
,,313,,1779707697.896812,3000.0,526.5528581,0.927105724811554,,6242
,,314,,1779707699.0280836,3010.0,527.6841305,0.9305225610733032,,6242
,,315,,1779707700.1748304,3020.0,528.8309472,0.9262834191322327,,6242
,,316,,1779707701.3326983,3030.0,529.989283,0.9531524181365967,,6242
,,317,,1779707702.507235,3040.0,531.1638115,0.9515212178230286,,6242
,,318,,1779707703.5998585,3050.0,532.2559065,0.9423942565917969,,6242
,,319,,1779707704.6934986,3060.0,533.3495442,0.9344026446342468,,6242
,,320,,1779707705.787322,3070.0,534.4433669,0.9376030564308167,,6242
,,321,,1779707706.8831978,3080.0,535.5399746,0.9462056756019592,,6242
,,322,,1779707707.9849024,3090.0,536.640946,0.9541094303131104,,6242
,,323,,1779707709.079589,3100.0,537.7351277,0.9299654960632324,,6242
,,324,,1779707710.16857,3110.0,538.8248649,0.918641984462738,,6242
,,325,,1779707711.27139,3120.0,539.927435,0.9189258217811584,,6242
,,326,,1779707712.3633158,3130.0,541.0193922,0.9353989958763123,,6242
,,327,,1779707713.4539013,3140.0,542.1099438,0.9348098635673523,,6242
,,328,,1779707714.5374541,3150.0,543.1937579,0.9222835898399353,,6242
,,329,,1779707715.628108,3160.0,544.2850433,0.906071126461029,,6242
,,330,,1779707716.7191803,3170.0,545.3752265,0.9345462918281555,,6242
,,331,,1779707717.8005822,3180.0,546.4567071,0.8914157152175903,,6242
,,332,,1779707718.8935115,3190.0,547.549557,0.9118615984916687,,6242
,,333,,1779707719.976292,3200.0,548.6323374,0.9249132871627808,,6242
,,334,,1779707721.0571764,3210.0,549.714024,0.9155948758125305,,6242
,,335,,1779707722.1424286,3220.0,550.7987116,0.9201079607009888,,6242
,,336,,1779707723.2202916,3230.0,551.876595,0.8875333666801453,,6242
,,337,,1779707724.349925,3240.0,553.0059696,0.8991918563842773,,6242
0.00035475231739709885,0.754540205001831,338,1.590091586112976,1779707740.0484586,3250.0,568.705305,,,6242
,,339,,1779707740.16039,3250.0,568.8165172,0.9057234525680542,,6242
,,340,,1779707741.2398057,3260.0,569.8958575,0.9129499793052673,,6242
,,341,,1779707742.3321571,3270.0,570.9882024,0.9342536926269531,,6242
,,342,,1779707743.423463,3280.0,572.079924,0.8854091167449951,,6242
,,343,,1779707744.5164163,3290.0,573.1725217,0.9171345233917236,,6242
,,344,,1779707745.6047635,3300.0,574.2616917,0.8984777331352234,,6242
,,345,,1779707746.6882637,3310.0,575.3443089,0.9201639890670776,,6242
,,346,,1779707747.7651682,3320.0,576.4212137,0.8869314789772034,,6242
,,347,,1779707748.86527,3330.0,577.5214528,0.8884461522102356,,6242
,,348,,1779707749.943267,3340.0,578.5993118,0.8963070511817932,,6242
,,349,,1779707751.022611,3350.0,579.6786578,0.8965504765510559,,6242
,,350,,1779707752.0985234,3360.0,580.7550504,0.9052754640579224,,6242
,,351,,1779707753.2089062,3370.0,581.8649785,0.8755060434341431,,6242
,,352,,1779707754.295955,3380.0,582.9520001,0.9104626774787903,,6242
,,353,,1779707755.3782945,3390.0,584.0343409,0.9012802839279175,,6242
,,354,,1779707756.456595,3400.0,585.1128188,0.9066399931907654,,6242
,,355,,1779707757.5477216,3410.0,586.2043649,0.9199891686439514,,6242
,,356,,1779707758.62895,3420.0,587.2849968,0.9048503637313843,,6242
,,357,,1779707759.7180402,3430.0,588.3746542,0.8969489336013794,,6242
,,358,,1779707760.8002815,3440.0,589.456456,0.8857429623603821,,6242
,,359,,1779707761.879748,3450.0,590.5360331,0.8973035216331482,,6242
,,360,,1779707762.965941,3460.0,591.6221984,0.8891866207122803,,6242
,,361,,1779707764.0494912,3470.0,592.705537,0.8903743028640747,,6242
,,362,,1779707765.1377034,3480.0,593.793748,0.8551060557365417,,6242
,,363,,1779707766.2141237,3490.0,594.8701689,0.8954445719718933,,6242
0.0002925475029450237,0.7132715582847595,364,1.6239523887634277,1779707781.6875212,3500.0,610.3438842,,,6242
,,365,,1779707781.7984443,3500.0,610.454487,0.9182583689689636,,6242
,,366,,1779707782.8671951,3510.0,611.5235748,0.8477770686149597,,6242
,,367,,1779707783.9417896,3520.0,612.5978858,0.8828321099281311,,6242
,,368,,1779707785.0180292,3530.0,613.6740737,0.8590729832649231,,6242
,,369,,1779707786.1158571,3540.0,614.7719021,0.8710691928863525,,6242
,,370,,1779707787.182742,3550.0,615.8391848,0.8655476570129395,,6242
,,371,,1779707788.3102782,3560.0,616.9665238,0.8927087187767029,,6242
,,372,,1779707789.3865292,3570.0,618.0427049,0.8645167350769043,,6242
,,373,,1779707790.4547274,3580.0,619.1115317,0.8724366426467896,,6242
,,374,,1779707791.528858,3590.0,620.1849018,0.8596906661987305,,6242
,,375,,1779707792.6019049,3600.0,621.2584533,0.8757433295249939,,6242
,,376,,1779707793.6740131,3610.0,622.330058,0.8858217597007751,,6242
,,377,,1779707794.7425363,3620.0,623.399621,0.84975665807724,,6242
,,378,,1779707795.8165731,3630.0,624.4731134,0.8776176571846008,,6242
,,379,,1779707796.8886325,3640.0,625.5447065,0.8830850720405579,,6242
,,380,,1779707797.9646478,3650.0,626.6215193,0.8553576469421387,,6242
,,381,,1779707799.0434687,3660.0,627.6995165,0.8801664710044861,,6242
,,382,,1779707800.190745,3670.0,628.8473689,0.8944712281227112,,6242
,,383,,1779707801.2680502,3680.0,629.9240948,0.8639759421348572,,6242
,,384,,1779707802.3397903,3690.0,630.9959212,0.8955961465835571,,6242
,,385,,1779707803.414572,3700.0,632.070734,0.8622952699661255,,6242
,,386,,1779707804.5076685,3710.0,633.163715,0.8657938241958618,,6242
,,387,,1779707805.5890775,3720.0,634.245124,0.8499219417572021,,6242
,,388,,1779707806.6949933,3730.0,635.3510366,0.8600955605506897,,6242
,,389,,1779707807.8185182,3740.0,636.4746125,0.869198739528656,,6242
0.00023694285222843113,0.6819959282875061,390,1.6455044746398926,1779707823.720423,3750.0,652.3774762,,,6242
,,391,,1779707823.8360445,3750.0,652.4925448,0.8539141416549683,,6242
,,392,,1779707824.945917,3760.0,653.6019625,0.848548412322998,,6242
,,393,,1779707826.0567887,3770.0,654.7133767,0.8435034155845642,,6242
,,394,,1779707827.1564224,3780.0,655.8124674,0.89382404088974,,6242
,,395,,1779707828.2640336,3790.0,656.9201346,0.8620484471321106,,6242
,,396,,1779707829.3761609,3800.0,658.0329356,0.8415167927742004,,6242
,,397,,1779707830.4894142,3810.0,659.1463548,0.8538910746574402,,6242
,,398,,1779707831.6002085,3820.0,660.2563409,0.8605726957321167,,6242
,,399,,1779707832.7092104,3830.0,661.3662535,0.8543964624404907,,6242
,,400,,1779707833.8259935,3840.0,662.4823313,0.8424911499023438,,6242
,,401,,1779707834.9297895,3850.0,663.5860991,0.8386492729187012,,6242
,,402,,1779707836.0392256,3860.0,664.6959107,0.8353185653686523,,6242
,,403,,1779707837.15202,3870.0,665.8080662,0.868243396282196,,6242
,,404,,1779707838.2689307,3880.0,666.9249774,0.8626224994659424,,6242
,,405,,1779707839.3685942,3890.0,668.0256203,0.8575025796890259,,6242
,,406,,1779707840.4837184,3900.0,669.1397644,0.8463866114616394,,6242
,,407,,1779707841.5998945,3910.0,670.2565851,0.8490824699401855,,6242
,,408,,1779707842.7104964,3920.0,671.3667273,0.8290190100669861,,6242
,,409,,1779707843.832419,3930.0,672.4897369,0.8283281326293945,,6242
,,410,,1779707844.9935958,3940.0,673.6498924,0.8493055105209351,,6242
,,411,,1779707846.0838559,3950.0,674.7399114,0.8450607061386108,,6242
,,412,,1779707847.2114046,3960.0,675.8674514,0.8362697958946228,,6242
,,413,,1779707848.3086655,3970.0,676.9656265,0.8473809957504272,,6242
,,414,,1779707849.4051666,3980.0,678.0612247,0.8596821427345276,,6242
,,415,,1779707850.5009196,3990.0,679.1569661,0.8494725227355957,,6242
0.00018936387015941957,0.6481813192367554,416,1.6690499782562256,1779707866.2773983,4000.0,694.9335619,,,6242
,,417,,1779707866.3937483,4000.0,695.0497962,0.8695441484451294,,6242
,,418,,1779707867.5160425,4010.0,696.1720881,0.8299944996833801,,6242
,,419,,1779707868.6072035,4020.0,697.264173,0.8441558480262756,,6242
,,420,,1779707869.6995146,4030.0,698.3555606,0.8567386269569397,,6242
,,421,,1779707870.807005,4040.0,699.4633912,0.8446993827819824,,6242
,,422,,1779707871.9248104,4050.0,700.5813498,0.8237453103065491,,6242
,,423,,1779707873.0445914,4060.0,701.7008154,0.8395841121673584,,6242
,,424,,1779707874.1640484,4070.0,702.8200934,0.8448051810264587,,6242
,,425,,1779707875.2766848,4080.0,703.9328834,0.8455586433410645,,6242
,,426,,1779707876.396629,4090.0,705.0531689,0.8006304502487183,,6242
,,427,,1779707877.5092633,4100.0,706.1662201,0.8270809054374695,,6242
,,428,,1779707878.6291597,4110.0,707.2858183,0.8175371885299683,,6242
,,429,,1779707879.7468188,4120.0,708.4030638,0.8421730399131775,,6242
,,430,,1779707880.8805497,4130.0,709.5365945,0.8441286087036133,,6242
,,431,,1779707881.9806552,4140.0,710.6367917,0.8425314426422119,,6242
,,432,,1779707883.1028502,4150.0,711.7588961,0.8273159861564636,,6242
,,433,,1779707884.21535,4160.0,712.8714722,0.8260866403579712,,6242
,,434,,1779707885.3190103,4170.0,713.9752561,0.8332128524780273,,6242
,,435,,1779707886.4864883,4180.0,715.1425355,0.8514366745948792,,6242
,,436,,1779707887.607678,4190.0,716.2637864,0.8048861622810364,,6242
,,437,,1779707888.700361,4200.0,717.3564067,0.8200081586837769,,6242
,,438,,1779707889.7899761,4210.0,718.4460394,0.8190553188323975,,6242
,,439,,1779707890.8929706,4220.0,719.5490179,0.8502900004386902,,6242
,,440,,1779707892.0023088,4230.0,720.6583515,0.8189593553543091,,6242
,,441,,1779707893.1029544,4240.0,721.7589992,0.8145605325698853,,6242
0.00015103031213214996,0.6235443949699402,442,1.6812407970428467,1779707909.6382313,4250.0,738.2942375,,,6242
,,443,,1779707909.7552333,4250.0,738.4116742,0.8060669302940369,,6242
,,444,,1779707910.8696043,4260.0,739.5259981,0.8270497918128967,,6242
,,445,,1779707911.982721,4270.0,740.638767,0.8179765343666077,,6242
,,446,,1779707913.0998693,4280.0,741.7559186,0.8420306444168091,,6242
,,447,,1779707914.2041488,4290.0,742.8602394,0.8225389719009399,,6242
,,448,,1779707915.2941973,4300.0,743.9504325,0.7965996861457825,,6242
,,449,,1779707916.3904338,4310.0,745.0464808,0.7978023886680603,,6242
,,450,,1779707917.4928827,4320.0,746.1489589,0.7974166870117188,,6242
,,451,,1779707918.5876544,4330.0,747.2447012,0.8238295316696167,,6242
,,452,,1779707919.714431,4340.0,748.3704749,0.8289865255355835,,6242
,,453,,1779707920.8057523,4350.0,749.4617984,0.8146021962165833,,6242
,,454,,1779707921.889306,4360.0,750.5458407,0.8170647621154785,,6242
,,455,,1779707922.9882517,4370.0,751.6442974,0.8001446723937988,,6242
,,456,,1779707924.0763323,4380.0,752.7323952,0.8030378818511963,,6242
,,457,,1779707925.1650755,4390.0,753.8211187,0.800089955329895,,6242
,,458,,1779707926.245629,4400.0,754.9019485,0.8107064962387085,,6242
,,459,,1779707927.3358245,4410.0,755.9921228,0.825581431388855,,6242
,,460,,1779707928.4218512,4420.0,757.0778974,0.7716361880302429,,6242
,,461,,1779707929.5090494,4430.0,758.1650469,0.8097254633903503,,6242
,,462,,1779707930.5946746,4440.0,759.2507227,0.816217303276062,,6242
,,463,,1779707931.684102,4450.0,760.3401481,0.8185591697692871,,6242
,,464,,1779707932.768227,4460.0,761.4247498,0.8024357557296753,,6242
,,465,,1779707933.8576884,4470.0,762.5139359,0.7865281701087952,,6242
,,466,,1779707934.947076,4480.0,763.6037785,0.7938244938850403,,6242
,,467,,1779707936.0340676,4490.0,764.6901121,0.8056278228759766,,6242
0.00012292491384519912,0.6016080379486084,468,1.700364112854004,1779707951.5646029,4500.0,780.2211413,,,6242
,,469,,1779707951.6778407,4500.0,780.3338857,0.8157446980476379,,6242
,,470,,1779707952.7587154,4510.0,781.4155167,0.798481822013855,,6242
,,471,,1779707953.839973,4520.0,782.4962515,0.8056871891021729,,6242
,,472,,1779707954.9231114,4530.0,783.579157,0.8196606040000916,,6242
,,473,,1779707956.002613,4540.0,784.658152,0.8199985027313232,,6242
,,474,,1779707957.0821002,4550.0,785.7391441,0.8022313117980957,,6242
,,475,,1779707958.1634636,4560.0,786.8195075,0.7923452258110046,,6242
,,476,,1779707959.2530844,4570.0,787.9100144,0.8026468753814697,,6242
,,477,,1779707960.3331757,4580.0,788.9898793,0.8035344481468201,,6242
,,478,,1779707961.4141004,4590.0,790.070147,0.7967832684516907,,6242
,,479,,1779707962.496511,4600.0,791.1528363,0.7956656217575073,,6242
,,480,,1779707963.6022408,4610.0,792.2584944,0.8225300908088684,,6242
,,481,,1779707964.6993716,4620.0,793.3554731,0.7926968932151794,,6242
,,482,,1779707965.817821,4630.0,794.4740109,0.7974279522895813,,6242
,,483,,1779707967.0074189,4640.0,795.6640772,0.7986934781074524,,6242
,,484,,1779707968.1926281,4650.0,796.8491671,0.7960197925567627,,6242
,,485,,1779707969.3676298,4660.0,798.0236748,0.8118529319763184,,6242
,,486,,1779707970.5622163,4670.0,799.2185019,0.7860270738601685,,6242
,,487,,1779707971.7182162,4680.0,800.3742589,0.7925370335578918,,6242
,,488,,1779707972.8577695,4690.0,801.5138161,0.8234155178070068,,6242
,,489,,1779707973.9588144,4700.0,802.6149278,0.8061878085136414,,6242
,,490,,1779707975.0477304,4710.0,803.7037739,0.807884156703949,,6242
,,491,,1779707976.1347487,4720.0,804.791102,0.8012223839759827,,6242
,,492,,1779707977.2260137,4730.0,805.8823124,0.8048043847084045,,6242
,,493,,1779707978.315245,4740.0,806.9712893,0.7812923192977905,,6242
0.00010576819746349742,0.5823798179626465,494,1.7159918546676636,1779707993.8984869,4750.0,822.5550303,,,6242
,,495,,1779707994.0138862,4750.0,822.6704062,0.7889084815979004,,6242
,,496,,1779707995.0899491,4760.0,823.7462046,0.7722926139831543,,6242
,,497,,1779707996.173396,4770.0,824.8294428,0.8012945652008057,,6242
,,498,,1779707997.2530923,4780.0,825.90984,0.7887649536132812,,6242
,,499,,1779707998.3363652,4790.0,826.9924109,0.7929178476333618,,6242
,,500,,1779707999.4143698,4800.0,828.0710295,0.7774883508682251,,6242
,,501,,1779708000.4949954,4810.0,829.1510413,0.7717112898826599,,6242
,,502,,1779708001.57097,4820.0,830.2280531,0.812381386756897,,6242
,,503,,1779708002.66249,4830.0,831.3185345,0.8017398715019226,,6242
,,504,,1779708003.7465653,4840.0,832.4034192,0.7916253209114075,,6242
,,505,,1779708004.8262386,4850.0,833.4825605,0.7836337685585022,,6242
,,506,,1779708005.9070587,4860.0,834.5639983,0.7880334258079529,,6242
,,507,,1779708006.9969022,4870.0,835.6529471,0.7837244868278503,,6242
,,508,,1779708008.0747283,4880.0,836.7307735,0.8007453083992004,,6242
,,509,,1779708009.164322,4890.0,837.8203669,0.7991524934768677,,6242
,,510,,1779708010.239612,4900.0,838.8959488,0.7981576919555664,,6242
,,511,,1779708011.3317375,4910.0,839.9880313,0.7965110540390015,,6242
,,512,,1779708012.4130857,4920.0,841.0691379,0.7777448296546936,,6242
,,513,,1779708013.4934628,4930.0,842.1497766,0.7979914546012878,,6242
,,514,,1779708014.576971,4940.0,843.2337908,0.7917003035545349,,6242
,,515,,1779708015.6553226,4950.0,844.3114804,0.7805326581001282,,6242
,,516,,1779708016.7381613,4960.0,845.3946723,0.8067554235458374,,6242
,,517,,1779708017.8251617,4970.0,846.4812075,0.7868596911430359,,6242
,,518,,1779708018.9110436,4980.0,847.5671525,0.7702678442001343,,6242
,,519,,1779708019.989395,4990.0,848.6454413,0.7979559302330017,,6242
0.0001,0.5712676048278809,520,1.7268010377883911,1779708035.5652618,5000.0,864.2211034,,,6242
,,521,,1779708035.6780972,5000.0,864.3341423,0.7868649363517761,,6242
,,522,,1779708036.9796095,,865.6356732,,"{'path': 'media/html/Sample Generation_522_e7d1a1dc864e79977a1f.html', 'size': 271, '_type': 'html-file', 'sha256': 'e7d1a1dc864e79977a1ff22d83d318ba7f2cd40b8006e94a3e9bf44f20c12bfc'}",6242
