Sample Generation,train/step_loss,lr,iter,val/loss,_step,_runtime,_timestamp,train/loss,seed
,,9.900990099009901e-06,0.0,4.193165302276611,0,23.9814141,1779620995.5026681,4.1996965408325195,3242
,4.199650764465332,,0.0,,1,24.1655252,1779620995.6867764,,3242
,3.033616542816162,,10.0,,2,25.8570191,1779620997.3782666,,3242
,2.5997395515441895,,20.0,,3,27.5538167,1779620999.074102,,3242
,2.4685006141662598,,30.0,,4,29.2461225,1779621000.7673564,,3242
,2.3788766860961914,,40.0,,5,30.953403,1779621002.4739172,,3242
,2.279353141784668,,50.0,,6,32.7189809,1779621004.2400496,,3242
,2.213348627090454,,60.0,,7,34.4046336,1779621005.925883,,3242
,2.189260721206665,,70.0,,8,36.0571123,1779621007.5783632,,3242
,2.131633996963501,,80.0,,9,37.7044907,1779621009.2257416,,3242
,2.109438180923462,,90.0,,10,39.334793,1779621010.855232,,3242
,2.0837807655334473,,100.0,,11,40.9729825,1779621012.4932692,,3242
,2.0407955646514893,,110.0,,12,42.6942563,1779621014.2154863,,3242
,2.01235032081604,,120.0,,13,44.3945953,1779621015.9156377,,3242
,1.9856712818145752,,130.0,,14,46.0249528,1779621017.5462058,,3242
,1.9194382429122925,,140.0,,15,47.7175966,1779621019.2388456,,3242
,1.9347546100616455,,150.0,,16,49.4955827,1779621021.0162146,,3242
,1.8846007585525513,,160.0,,17,51.2848747,1779621022.8054643,,3242
,1.8720479011535645,,170.0,,18,53.1092896,1779621024.6303205,,3242
,1.8437494039535522,,180.0,,19,54.9704163,1779621026.4916644,,3242
,1.8238524198532104,,190.0,,20,56.7595757,1779621028.2798622,,3242
,1.8127692937850952,,200.0,,21,58.540299,1779621030.0606527,,3242
,1.7758703231811523,,210.0,,22,60.3247102,1779621031.8459601,,3242
,1.7800170183181763,,220.0,,23,62.1066095,1779621033.6278603,,3242
,1.7379209995269775,,230.0,,24,63.891216299999996,1779621035.4124107,,3242
,1.7524274587631226,,240.0,,25,65.6707951,1779621037.1920445,,3242
,,0.0009979206008271391,250.0,1.7935034036636353,26,92.1391379,1779621063.6593487,1.6101429462432861,3242
,1.749790906906128,,250.0,,27,92.318614,1779621063.8398619,,3242
,1.6903526782989502,,260.0,,28,94.0813489,1779621065.6015978,,3242
,1.693092942237854,,270.0,,29,95.7496759,1779621067.2709289,,3242
,1.687612771987915,,280.0,,30,97.4405719,1779621068.9616327,,3242
,1.6472561359405518,,290.0,,31,99.1295048,1779621070.650466,,3242
,1.6589314937591553,,300.0,,32,100.7705958,1779621072.291613,,3242
,1.6310665607452393,,310.0,,33,102.4226256,1779621073.943695,,3242
,1.6322576999664307,,320.0,,34,104.0585117,1779621075.5797534,,3242
,1.5945008993148804,,330.0,,35,105.7049077,1779621077.2257552,,3242
,1.6005510091781616,,340.0,,36,107.3270109,1779621078.8482528,,3242
,1.6061967611312866,,350.0,,37,108.9671283,1779621080.487756,,3242
,1.556626796722412,,360.0,,38,110.6069154,1779621082.1281326,,3242
,1.5566303730010986,,370.0,,39,112.2886005,1779621083.8098507,,3242
,1.5507267713546753,,380.0,,40,113.9693613,1779621085.4906108,,3242
,1.5522059202194214,,390.0,,41,115.6172626,1779621087.1385148,,3242
,1.5549683570861816,,400.0,,42,117.2672552,1779621088.7882648,,3242
,1.5192936658859253,,410.0,,43,118.9147027,1779621090.4359522,,3242
,1.500507116317749,,420.0,,44,120.625062,1779621092.1461987,,3242
,1.5396511554718018,,430.0,,45,122.305106,1779621093.826152,,3242
,1.5100595951080322,,440.0,,46,123.9160329,1779621095.4372811,,3242
,1.511592149734497,,450.0,,47,125.5653096,1779621097.0859113,,3242
,1.470696210861206,,460.0,,48,127.2546142,1779621098.775864,,3242
,1.468455195426941,,470.0,,49,128.8905508,1779621100.4115603,,3242
,1.460358738899231,,480.0,,50,130.5118566,1779621102.032123,,3242
,1.4790805578231812,,490.0,,51,132.1190479,1779621103.639753,,3242
,,0.0009852826883675631,500.0,1.6098252534866333,52,157.1599744,1779621128.6811,1.3846641778945923,3242
,1.4678915739059448,,500.0,,53,157.3399737,1779621128.8609781,,3242
,1.4690521955490112,,510.0,,54,159.1277201,1779621130.6489692,,3242
,1.4724041223526,,520.0,,55,160.8067083,1779621132.3278177,,3242
,1.4243346452713013,,530.0,,56,162.5726627,1779621134.0939152,,3242
,1.4582213163375854,,540.0,,57,164.2553714,1779621135.776111,,3242
,1.4578441381454468,,550.0,,58,166.0011835,1779621137.522352,,3242
,1.4329718351364136,,560.0,,59,167.6343597,1779621139.1553905,,3242
,1.4130123853683472,,570.0,,60,169.2869465,1779621140.8072784,,3242
,1.426688551902771,,580.0,,61,170.9157885,1779621142.4370382,,3242
,1.4194393157958984,,590.0,,62,172.571882,1779621144.092651,,3242
,1.4029896259307861,,600.0,,63,174.2489522,1779621145.7686079,,3242
,1.3810017108917236,,610.0,,64,175.9517757,1779621147.4725893,,3242
,1.401261568069458,,620.0,,65,177.6357968,1779621149.156846,,3242
,1.4201244115829468,,630.0,,66,179.3328581,1779621150.853745,,3242
,1.3822309970855713,,640.0,,67,180.9857507,1779621152.5058265,,3242
,1.3849434852600098,,650.0,,68,182.6498852,1779621154.1711342,,3242
,1.3789304494857788,,660.0,,69,184.3110319,1779621155.8311913,,3242
,1.37470543384552,,670.0,,70,185.9414932,1779621157.4627428,,3242
,1.4143836498260498,,680.0,,71,187.587936,1779621159.1089761,,3242
,1.3430280685424805,,690.0,,72,189.201427,1779621160.7224584,,3242
,1.3793907165527344,,700.0,,73,190.8064496,1779621162.327699,,3242
,1.378775715827942,,710.0,,74,192.39639,1779621163.9176044,,3242
,1.3365148305892944,,720.0,,75,193.9841162,1779621165.5043688,,3242
,1.3490744829177856,,730.0,,76,195.5537985,1779621167.0744004,,3242
,1.369930386543274,,740.0,,77,197.1302033,1779621168.6505265,,3242
,,0.0009614856803571157,750.0,1.5460246801376343,78,221.5482742,1779621193.0685196,1.276382327079773,3242
,1.3357471227645874,,750.0,,79,221.7197047,1779621193.2407377,,3242
,1.3566797971725464,,760.0,,80,223.3183166,1779621194.8389559,,3242
,1.3674144744873047,,770.0,,81,224.9340084,1779621196.4552586,,3242
,1.3565118312835693,,780.0,,82,226.6273477,1779621198.1480095,,3242
,1.352139949798584,,790.0,,83,228.257833,1779621199.7790833,,3242
,1.3551868200302124,,800.0,,84,229.9047433,1779621201.4259927,,3242
,1.3597488403320312,,810.0,,85,231.5198604,1779621203.0410678,,3242
,1.2934612035751343,,820.0,,86,233.159508,1779621204.6795127,,3242
,1.3580092191696167,,830.0,,87,234.7799712,1779621206.3012214,,3242
,1.320581078529358,,840.0,,88,236.450691,1779621207.9716213,,3242
,1.2949355840682983,,850.0,,89,238.1235734,1779621209.6440501,,3242
,1.3414734601974487,,860.0,,90,239.7623444,1779621211.2835543,,3242
,1.286423683166504,,870.0,,91,241.3795531,1779621212.900037,,3242
,1.3287792205810547,,880.0,,92,243.0174919,1779621214.5387442,,3242
,1.3181287050247192,,890.0,,93,244.6711541,1779621216.192281,,3242
,1.2937535047531128,,900.0,,94,246.311494,1779621217.8327453,,3242
,1.3288867473602295,,910.0,,95,247.9740533,1779621219.495303,,3242
,1.2971978187561035,,920.0,,96,249.6314221,1779621221.1526706,,3242
,1.279598593711853,,930.0,,97,251.3039413,1779621222.8251915,,3242
,1.2995284795761108,,940.0,,98,253.0090184,1779621224.530063,,3242
,1.300342082977295,,950.0,,99,254.7080834,1779621226.229432,,3242
,1.3073996305465698,,960.0,,100,256.3449602,1779621227.866717,,3242
,1.308714509010315,,970.0,,101,257.9874889,1779621229.5080612,,3242
,1.2738817930221558,,980.0,,102,259.612025,1779621231.1332495,,3242
,1.2963284254074097,,990.0,,103,261.226626,1779621232.7465618,,3242
,,0.0009271396472013282,1000.0,1.5038464069366455,104,285.8056578,1779621257.3263166,1.2002524137496948,3242
,1.3037947416305542,,1000.0,,105,285.9754869,1779621257.4966319,,3242
,1.274657130241394,,1010.0,,106,287.6015168,1779621259.1226597,,3242
,1.2978063821792603,,1020.0,,107,289.2247799,1779621260.74603,,3242
,1.289845585823059,,1030.0,,108,290.8462984,1779621262.3675501,,3242
,1.2757891416549683,,1040.0,,109,292.4585984,1779621263.9798026,,3242
,1.304969072341919,,1050.0,,110,294.0627191,1779621265.5833077,,3242
,1.269200086593628,,1060.0,,111,295.7159761,1779621267.2371767,,3242
,1.2560919523239136,,1070.0,,112,297.3915376,1779621268.9119852,,3242
,1.2695451974868774,,1080.0,,113,299.0767931,1779621270.5974286,,3242
,1.2526473999023438,,1090.0,,114,300.7680206,1779621272.2892718,,3242
,1.2298431396484375,,1100.0,,115,302.4386548,1779621273.9590654,,3242
,1.2518858909606934,,1110.0,,116,304.1049858,1779621275.625921,,3242
,1.2898025512695312,,1120.0,,117,305.785588,1779621277.3068357,,3242
,1.2771731615066528,,1130.0,,118,307.4618433,1779621278.9830937,,3242
,1.231572151184082,,1140.0,,119,309.1959358,1779621280.7166772,,3242
,1.2307374477386475,,1150.0,,120,310.8641095,1779621282.3850777,,3242
,1.2543792724609375,,1160.0,,121,312.466637,1779621283.9878862,,3242
,1.238041639328003,,1170.0,,122,314.0668546,1779621285.5880842,,3242
,1.2631542682647705,,1180.0,,123,315.6637916,1779621287.1847844,,3242
,1.220778465270996,,1190.0,,124,317.3446961,1779621288.8653922,,3242
,1.2188763618469238,,1200.0,,125,319.0001255,1779621290.5213757,,3242
,1.2258154153823853,,1210.0,,126,320.6406164,1779621292.1608791,,3242
,1.2340894937515259,,1220.0,,127,322.2833066,1779621293.8037345,,3242
,1.2823997735977173,,1230.0,,128,323.8857033,1779621295.4068642,,3242
,1.2450196743011475,,1240.0,,129,325.5020203,1779621297.023201,,3242
,,0.000883125098683892,1250.0,1.4859100580215454,130,350.2452618,1779621321.765816,1.139662265777588,3242
,1.242514729499817,,1250.0,,131,350.4149507,1779621321.9360116,,3242
,1.2226033210754395,,1260.0,,132,352.0873791,1779621323.6086264,,3242
,1.2042362689971924,,1270.0,,133,353.7429061,1779621325.2641578,,3242
,1.2449778318405151,,1280.0,,134,355.3749782,1779621326.896228,,3242
,1.1859080791473389,,1290.0,,135,356.9908179,1779621328.5114949,,3242
,1.206488013267517,,1300.0,,136,358.6195938,1779621330.140782,,3242
,1.2147856950759888,,1310.0,,137,360.2854106,1779621331.8066602,,3242
,1.2252219915390015,,1320.0,,138,361.9598473,1779621333.4810984,,3242
,1.214287281036377,,1330.0,,139,363.6317062,1779621335.1529572,,3242
,1.1847400665283203,,1340.0,,140,365.3312942,1779621336.8510826,,3242
,1.2036057710647583,,1350.0,,141,367.0123588,1779621338.5330327,,3242
,1.2169283628463745,,1360.0,,142,368.6897676,1779621340.2109568,,3242
,1.233076810836792,,1370.0,,143,370.3829649,1779621341.9041853,,3242
,1.191917896270752,,1380.0,,144,372.0533105,1779621343.5745623,,3242
,1.216905117034912,,1390.0,,145,373.7097991,1779621345.2310464,,3242
,1.1846034526824951,,1400.0,,146,375.3629883,1779621346.8841565,,3242
,1.1953319311141968,,1410.0,,147,376.9909894,1779621348.512238,,3242
,1.2031198740005493,,1420.0,,148,378.5842991,1779621350.1055505,,3242
,1.1933245658874512,,1430.0,,149,380.2293885,1779621351.750511,,3242
,1.2033298015594482,,1440.0,,150,381.8609086,1779621353.3814306,,3242
,1.1872385740280151,,1450.0,,151,383.462889,1779621354.9834583,,3242
,1.1952621936798096,,1460.0,,152,385.0965314,1779621356.6171634,,3242
,1.1856012344360352,,1470.0,,153,386.7231434,1779621358.2441666,,3242
,1.1773896217346191,,1480.0,,154,388.3425798,1779621359.8631635,,3242
,1.1523234844207764,,1490.0,,155,389.9902791,1779621361.5115225,,3242
,,0.0008305704108364302,1500.0,1.4965884685516357,156,414.6786718,1779621386.1989138,1.0897213220596313,3242
,1.1844030618667603,,1500.0,,157,414.8542691,1779621386.3753407,,3242
,1.167356014251709,,1510.0,,158,416.5909741,1779621388.1118352,,3242
,1.2086591720581055,,1520.0,,159,418.3548743,1779621389.8756783,,3242
,1.2047520875930786,,1530.0,,160,420.0575722,1779621391.5787976,,3242
,1.1797984838485718,,1540.0,,161,421.8006258,1779621393.3218782,,3242
,1.1449940204620361,,1550.0,,162,423.5290904,1779621395.050341,,3242
,1.1584599018096924,,1560.0,,163,425.1866045,1779621396.7078345,,3242
,1.1659724712371826,,1570.0,,164,426.8268541,1779621398.3480968,,3242
,1.156082034111023,,1580.0,,165,428.483109,1779621400.0032375,,3242
,1.1615639925003052,,1590.0,,166,430.1576546,1779621401.678905,,3242
,1.1819134950637817,,1600.0,,167,431.9018294,1779621403.42308,,3242
,1.1926827430725098,,1610.0,,168,433.6038575,1779621405.125106,,3242
,1.1750524044036865,,1620.0,,169,435.333162,1779621406.8539255,,3242
,1.183980941772461,,1630.0,,170,437.0148602,1779621408.5354748,,3242
,1.1791608333587646,,1640.0,,171,438.755286,1779621410.2765365,,3242
,1.158063292503357,,1650.0,,172,440.5487863,1779621412.0691857,,3242
,1.139346718788147,,1660.0,,173,442.2733097,1779621413.7943568,,3242
,1.1879689693450928,,1670.0,,174,443.9671773,1779621415.4874692,,3242
,1.1395525932312012,,1680.0,,175,445.6758307,1779621417.1970408,,3242
,1.1460684537887573,,1690.0,,176,447.3190336,1779621418.8402843,,3242
,1.1445282697677612,,1700.0,,177,448.9878321,1779621420.5089333,,3242
,1.1480841636657715,,1710.0,,178,450.6513846,1779621422.1721437,,3242
,1.1908589601516724,,1720.0,,179,452.3624092,1779621423.88292,,3242
,1.1404485702514648,,1730.0,,180,454.0706954,1779621425.5918336,,3242
,1.1077803373336792,,1740.0,,181,455.7831305,1779621427.303832,,3242
,,0.0007708228984017721,1750.0,1.4954637289047241,182,480.9555261,1779621452.4754207,1.0382822751998901,3242
,1.1313560009002686,,1750.0,,183,481.1278859,1779621452.6491354,,3242
,1.1356254816055298,,1760.0,,184,482.8229505,1779621454.3433,,3242
,1.1216511726379395,,1770.0,,185,484.4738444,1779621455.9950824,,3242
,1.1200335025787354,,1780.0,,186,486.1471942,1779621457.668444,,3242
,1.1512317657470703,,1790.0,,187,487.8159539,1779621459.3364625,,3242
,1.1139910221099854,,1800.0,,188,489.4703415,1779621460.9911184,,3242
,1.1253559589385986,,1810.0,,189,491.1595577,1779621462.6808083,,3242
,1.1260919570922852,,1820.0,,190,492.816548,1779621464.3375318,,3242
,1.1494824886322021,,1830.0,,191,494.4819422,1779621466.0031898,,3242
,1.1064581871032715,,1840.0,,192,496.2018774,1779621467.723129,,3242
,1.1282228231430054,,1850.0,,193,497.855672,1779621469.376922,,3242
,1.1536798477172852,,1860.0,,194,499.5374634,1779621471.0587125,,3242
,1.1308523416519165,,1870.0,,195,501.2162474,1779621472.7374978,,3242
,1.110651969909668,,1880.0,,196,502.906304,1779621474.4275098,,3242
,1.1116100549697876,,1890.0,,197,504.5578289,1779621476.0785422,,3242
,1.1037323474884033,,1900.0,,198,506.2102463,1779621477.7309334,,3242
,1.1539241075515747,,1910.0,,199,507.8890279,1779621479.4102771,,3242
,1.1029961109161377,,1920.0,,200,509.5519377,1779621481.07301,,3242
,1.0963680744171143,,1930.0,,201,511.2182582,1779621482.7395082,,3242
,1.1255378723144531,,1940.0,,202,512.882818,1779621484.404069,,3242
,1.1242539882659912,,1950.0,,203,514.5536401,1779621486.0748906,,3242
,1.092282772064209,,1960.0,,204,516.257014,1779621487.7773943,,3242
,1.1117511987686157,,1970.0,,205,517.9257783,1779621489.4464605,,3242
,1.0873106718063354,,1980.0,,206,519.6141943,1779621491.1354463,,3242
,1.095592975616455,,1990.0,,207,521.3088703,1779621492.8290849,,3242
,,0.0007054142744895884,2000.0,1.5070818662643433,208,546.7776126,1779621518.2979004,0.986612856388092,3242
,1.118884801864624,,2000.0,,209,546.9533491,1779621518.474595,,3242
,1.1104960441589355,,2010.0,,210,548.6108149,1779621520.1315148,,3242
,1.117358684539795,,2020.0,,211,550.2887551,1779621521.809518,,3242
,1.0977338552474976,,2030.0,,212,551.9940224,1779621523.5152733,,3242
,1.0867788791656494,,2040.0,,213,553.6986159,1779621525.219573,,3242
,1.0867791175842285,,2050.0,,214,555.3801562,1779621526.9011536,,3242
,1.0929200649261475,,2060.0,,215,557.0551944,1779621528.5762627,,3242
,1.1083922386169434,,2070.0,,216,558.7354217,1779621530.2563791,,3242
,1.0638090372085571,,2080.0,,217,560.4356167,1779621531.9573736,,3242
,1.0926953554153442,,2090.0,,218,562.1450532,1779621533.6649635,,3242
,1.0689276456832886,,2100.0,,219,563.8463022,1779621535.367553,,3242
,1.0938498973846436,,2110.0,,220,565.5860433,1779621537.1072574,,3242
,1.0785361528396606,,2120.0,,221,567.2916798,1779621538.812562,,3242
,1.0749571323394775,,2130.0,,222,568.9140478,1779621540.4344034,,3242
,1.0609768629074097,,2140.0,,223,570.5021856,1779621542.0234363,,3242
,1.0801222324371338,,2150.0,,224,572.0901851,1779621543.6114352,,3242
,1.0799992084503174,,2160.0,,225,573.735008,1779621545.2561357,,3242
,1.0701149702072144,,2170.0,,226,575.466684,1779621546.9879322,,3242
,1.0533910989761353,,2180.0,,227,577.1534187,1779621548.6738937,,3242
,1.065423846244812,,2190.0,,228,578.8341461,1779621550.3553967,,3242
,1.0681039094924927,,2200.0,,229,580.5628127,1779621552.0833378,,3242
,1.0620408058166504,,2210.0,,230,582.2578141,1779621553.778515,,3242
,1.0541056394577026,,2220.0,,231,583.9524388,1779621555.473662,,3242
,1.0291489362716675,,2230.0,,232,585.6110742,1779621557.131637,,3242
,1.0422608852386475,,2240.0,,233,587.2555987,1779621558.7768505,,3242
,,0.0006360213829156177,2250.0,1.5245379209518433,234,611.9160466,1779621583.4368718,0.933540940284729,3242
,1.0531424283981323,,2250.0,,235,612.0792458,1779621583.600495,,3242
,1.0402344465255737,,2260.0,,236,613.6769121,1779621585.1981628,,3242
,1.0810366868972778,,2270.0,,237,615.258269,1779621586.779404,,3242
,1.03956937789917,,2280.0,,238,616.8339622,1779621588.3548863,,3242
,1.0315335988998413,,2290.0,,239,618.4130575,1779621589.9342422,,3242
,1.0365421772003174,,2300.0,,240,619.9927104,1779621591.5133805,,3242
,1.051828145980835,,2310.0,,241,621.578698,1779621593.09933,,3242
,1.0038189888000488,,2320.0,,242,623.1604317,1779621594.68135,,3242
,1.05424165725708,,2330.0,,243,624.744845,1779621596.2651787,,3242
,1.0691713094711304,,2340.0,,244,626.3278487,1779621597.8489733,,3242
,1.059217095375061,,2350.0,,245,627.9286952,1779621599.4493244,,3242
,1.0620012283325195,,2360.0,,246,629.5652236,1779621601.0864732,,3242
,1.0209156274795532,,2370.0,,247,631.1842591,1779621602.7054787,,3242
,1.0429404973983765,,2380.0,,248,632.8086665,1779621604.3294585,,3242
,1.0196783542633057,,2390.0,,249,634.4024183,1779621605.9235125,,3242
,1.0221877098083496,,2400.0,,250,635.9701401,1779621607.4913876,,3242
,1.0181550979614258,,2410.0,,251,637.5442107,1779621609.0650787,,3242
,1.02439284324646,,2420.0,,252,639.11805,1779621610.6392999,,3242
,1.0463080406188965,,2430.0,,253,640.6881289,1779621612.2092927,,3242
,1.0298696756362915,,2440.0,,254,642.2590765,1779621613.7803278,,3242
,1.0132993459701538,,2450.0,,255,643.8309738,1779621615.351811,,3242
,1.0265231132507324,,2460.0,,256,645.4080248,1779621616.92855,,3242
,1.031622290611267,,2470.0,,257,646.9733268,1779621618.4945502,,3242
,1.0102667808532715,,2480.0,,258,648.5403821,1779621620.0614777,,3242
,1.0092718601226807,,2490.0,,259,650.140566,1779621621.6618166,,3242
,,0.000564423209907245,2500.0,1.5591208934783936,260,673.8229177,1779621645.3437095,0.8831301927566528,3242
,1.0293101072311401,,2500.0,,261,673.9829891,1779621645.5032642,,3242
,0.9999281167984009,,2510.0,,262,675.5459319,1779621647.066615,,3242
,1.0275717973709106,,2520.0,,263,677.1149578,1779621648.6359463,,3242
,1.0139003992080688,,2530.0,,264,678.6800512,1779621650.2011986,,3242
,1.020793080329895,,2540.0,,265,680.2433739,1779621651.7641025,,3242
,1.0328058004379272,,2550.0,,266,681.8100243,1779621653.3312616,,3242
,1.0347481966018677,,2560.0,,267,683.3750977,1779621654.8963482,,3242
,1.0290974378585815,,2570.0,,268,684.9429788,1779621656.4630942,,3242
,1.0143325328826904,,2580.0,,269,686.5094999,1779621658.030682,,3242
,1.006698489189148,,2590.0,,270,688.072973,1779621659.594118,,3242
,0.9986431002616882,,2600.0,,271,689.6413612,1779621661.1621542,,3242
,1.00466787815094,,2610.0,,272,691.2016147,1779621662.7228668,,3242
,1.0171600580215454,,2620.0,,273,692.7672724,1779621664.2885005,,3242
,0.9726108908653259,,2630.0,,274,694.3298218,1779621665.8509064,,3242
,1.0131597518920898,,2640.0,,275,695.8953926,1779621667.4166417,,3242
,0.990467369556427,,2650.0,,276,697.4597277,1779621668.9803355,,3242
,1.0051294565200806,,2660.0,,277,699.0205998,1779621670.5418496,,3242
,0.9741800427436829,,2670.0,,278,700.5832407,1779621672.103508,,3242
,1.0005875825881958,,2680.0,,279,702.1462263,1779621673.6674175,,3242
,0.9918909072875977,,2690.0,,280,703.7121396,1779621675.2331347,,3242
,0.9888770580291748,,2700.0,,281,705.2755651,1779621676.7968023,,3242
,0.9777567386627197,,2710.0,,282,706.844479,1779621678.3651655,,3242
,0.9908192753791809,,2720.0,,283,708.4144949,1779621679.935028,,3242
,0.9763626456260681,,2730.0,,284,709.9782497,1779621681.4994986,,3242
,0.9721894264221191,,2740.0,,285,711.5402969,1779621683.0615478,,3242
,,0.0004924552772419723,2750.0,1.5791490077972412,286,735.5251597,1779621707.0458648,0.8299908638000488,3242
,1.005814790725708,,2750.0,,287,735.6878393,1779621707.2090893,,3242
,0.9976826906204224,,2760.0,,288,737.3684374,1779621708.8896365,,3242
,1.0098243951797485,,2770.0,,289,739.0519946,1779621710.5727086,,3242
,0.9758889675140381,,2780.0,,290,740.6827845,1779621712.2040005,,3242
,0.9782270193099976,,2790.0,,291,742.3317972,1779621713.8529828,,3242
,0.968208372592926,,2800.0,,292,744.0141587,1779621715.5354111,,3242
,0.9647122621536255,,2810.0,,293,745.711306,1779621717.2325473,,3242
,0.9608381986618042,,2820.0,,294,747.4182516,1779621718.939502,,3242
,0.979557991027832,,2830.0,,295,749.1153687,1779621720.6371257,,3242
,0.9520072340965271,,2840.0,,296,750.8057338,1779621722.3269842,,3242
,0.9528864026069641,,2850.0,,297,752.5472213,1779621724.0684724,,3242
,0.9885878562927246,,2860.0,,298,754.2563761,1779621725.7774003,,3242
,0.9634720087051392,,2870.0,,299,755.9560181,1779621727.4772701,,3242
,0.9907386302947998,,2880.0,,300,757.6334967,1779621729.1552536,,3242
,0.9516992568969727,,2890.0,,301,759.2992289,1779621730.8197045,,3242
,0.9686002135276794,,2900.0,,302,760.961413,1779621732.482712,,3242
,0.9610029458999634,,2910.0,,303,762.6274014,1779621734.1484606,,3242
,0.9903863072395325,,2920.0,,304,764.2779485,1779621735.7997055,,3242
,0.9433128237724304,,2930.0,,305,765.9453313,1779621737.466356,,3242
,0.9455917477607727,,2940.0,,306,767.6075577,1779621739.1288097,,3242
,0.9487675428390503,,2950.0,,307,769.2802377,1779621740.801489,,3242
,0.9390293955802917,,2960.0,,308,770.9689236,1779621742.4901485,,3242
,0.9516913890838623,,2970.0,,309,772.6408852,1779621744.1620417,,3242
,0.9634913206100464,,2980.0,,310,774.3110895,1779621745.8322816,,3242
,0.9475396871566772,,2990.0,,311,775.9851302,1779621747.5063815,,3242
,,0.0004219625860160354,3000.0,1.6160184144973755,312,800.6370997,1779621772.15788,0.7820684313774109,3242
,0.9559239745140076,,3000.0,,313,800.8128261,1779621772.3340771,,3242
,0.9459695816040039,,3010.0,,314,802.5145559,1779621774.0355666,,3242
,0.9232997298240662,,3020.0,,315,804.2327536,1779621775.7540016,,3242
,0.9326900243759155,,3030.0,,316,805.9593584,1779621777.4804792,,3242
,0.9273355007171631,,3040.0,,317,807.6600175,1779621779.1812694,,3242
,0.9740657210350037,,3050.0,,318,809.3852499,1779621780.9065015,,3242
,0.9491422176361084,,3060.0,,319,811.0440866,1779621782.5653374,,3242
,0.9275279641151428,,3070.0,,320,812.6777592,1779621784.198438,,3242
,0.9589737057685852,,3080.0,,321,814.3461601,1779621785.8674107,,3242
,0.9441641569137573,,3090.0,,322,816.0195237,1779621787.5401814,,3242
,0.9260622262954712,,3100.0,,323,817.6065595,1779621789.1273477,,3242
,0.9344745874404907,,3110.0,,324,819.2232458,1779621790.7444956,,3242
,0.9460488557815552,,3120.0,,325,820.8137828,1779621792.3350332,,3242
,0.9249286651611328,,3130.0,,326,822.4371933,1779621793.9584444,,3242
,0.9472735524177551,,3140.0,,327,824.0801551,1779621795.6006844,,3242
,0.9204658269882202,,3150.0,,328,825.8438389,1779621797.3648539,,3242
,0.9241136908531189,,3160.0,,329,827.4806956,1779621799.0019464,,3242
,0.9412537813186646,,3170.0,,330,829.0427639,1779621800.5639477,,3242
,0.9245703816413879,,3180.0,,331,830.6404413,1779621802.1616948,,3242
,0.9140459299087524,,3190.0,,332,832.2698945,1779621803.791092,,3242
,0.9184226393699646,,3200.0,,333,833.8500147,1779621805.3712664,,3242
,0.8914867639541626,,3210.0,,334,835.4420394,1779621806.9626496,,3242
,0.9062095284461975,,3220.0,,335,837.1141507,1779621808.6353378,,3242
,0.9234985709190369,,3230.0,,336,838.7116538,1779621810.231906,,3242
,0.9077115654945374,,3240.0,,337,840.2699904,1779621811.7903724,,3242
,,0.00035475231739709885,3250.0,1.6590406894683838,338,863.9976148,1779621835.5173368,0.7359769344329834,3242
,0.9176486730575562,,3250.0,,339,864.1588406,1779621835.6798549,,3242
,0.9024407267570496,,3260.0,,340,865.7167734,1779621837.2378933,,3242
,0.9057629108428955,,3270.0,,341,867.2743263,1779621838.795577,,3242
,0.8909748196601868,,3280.0,,342,868.8682819,1779621840.3895037,,3242
,0.9125567674636841,,3290.0,,343,870.5346021,1779621842.055854,,3242
,0.9320011138916016,,3300.0,,344,872.1452122,1779621843.6664643,,3242
,0.939535915851593,,3310.0,,345,873.7139938,1779621845.2351358,,3242
,0.9078409671783447,,3320.0,,346,875.2775503,1779621846.7988017,,3242
,0.9323450326919556,,3330.0,,347,876.8399579,1779621848.3601658,,3242
,0.890945315361023,,3340.0,,348,878.4116006,1779621849.9326231,,3242
,0.9094600677490234,,3350.0,,349,879.978873,1779621851.4999747,,3242
,0.9023532271385193,,3360.0,,350,881.6429238,1779621853.1634517,,3242
,0.9424488544464111,,3370.0,,351,883.2714036,1779621854.792627,,3242
,0.8858434557914734,,3380.0,,352,884.8532517,1779621856.374319,,3242
,0.9296300411224365,,3390.0,,353,886.4273546,1779621857.9486036,,3242
,0.9156106114387512,,3400.0,,354,887.9966737,1779621859.5172606,,3242
,0.882748544216156,,3410.0,,355,889.556834,1779621861.078088,,3242
,0.8982717990875244,,3420.0,,356,891.1126195,1779621862.6333158,,3242
,0.889563262462616,,3430.0,,357,892.658189,1779621864.1793025,,3242
,0.8720507621765137,,3440.0,,358,894.1958982,1779621865.715986,,3242
,0.8685470223426819,,3450.0,,359,895.735907,1779621867.2569447,,3242
,0.8725062012672424,,3460.0,,360,897.2778932,1779621868.7991407,,3242
,0.8810624480247498,,3470.0,,361,898.8176768,1779621870.3383975,,3242
,0.8915841579437256,,3480.0,,362,900.3484125,1779621871.869658,,3242
,0.8858439326286316,,3490.0,,363,901.8795945,1779621873.4001567,,3242
,,0.0002925475029450237,3500.0,1.667503833770752,364,924.7687629,1779621896.2897732,0.6931430101394653,3242
,0.8784166574478149,,3500.0,,365,924.9251626,1779621896.4464138,,3242
,0.8749404549598694,,3510.0,,366,926.4518683,1779621897.972935,,3242
,0.8722846508026123,,3520.0,,367,927.9767586,1779621899.497281,,3242
,0.8643239140510559,,3530.0,,368,929.5028169,1779621901.0240672,,3242
,0.8695218563079834,,3540.0,,369,931.0310889,1779621902.5520992,,3242
,0.8594971299171448,,3550.0,,370,932.5567306,1779621904.0773752,,3242
,0.857781708240509,,3560.0,,371,934.0829179,1779621905.6035717,,3242
,0.8647028207778931,,3570.0,,372,935.6080267,1779621907.1292799,,3242
,0.857082724571228,,3580.0,,373,937.1347646,1779621908.6560163,,3242
,0.8827286958694458,,3590.0,,374,938.6621905,1779621910.183138,,3242
,0.8787975311279297,,3600.0,,375,940.1895436,1779621911.710796,,3242
,0.8775787949562073,,3610.0,,376,941.7162345,1779621913.2365017,,3242
,0.8635324835777283,,3620.0,,377,943.2409212,1779621914.7621744,,3242
,0.8344740867614746,,3630.0,,378,944.7671024,1779621916.2876325,,3242
,0.8530734777450562,,3640.0,,379,946.293435,1779621917.8146262,,3242
,0.868999719619751,,3650.0,,380,947.8188908,1779621919.3396153,,3242
,0.8564180731773376,,3660.0,,381,949.34442,1779621920.8649201,,3242
,0.8773237466812134,,3670.0,,382,950.8705423,1779621922.3917956,,3242
,0.8925710320472717,,3680.0,,383,952.3991851,1779621923.920223,,3242
,0.8531528115272522,,3690.0,,384,953.9245484,1779621925.4457974,,3242
,0.8713540434837341,,3700.0,,385,955.4513933,1779621926.9722683,,3242
,0.8564353585243225,,3710.0,,386,956.975521,1779621928.4964738,,3242
,0.8576911687850952,,3720.0,,387,958.501504,1779621930.021885,,3242
,0.840262234210968,,3730.0,,388,960.0266329,1779621931.546746,,3242
,0.8428253531455994,,3740.0,,389,961.554969,1779621933.0759966,,3242
,,0.00023694285222843113,3750.0,1.698950171470642,390,984.5016077,1779621956.0225823,0.6566402912139893,3242
,0.8236896991729736,,3750.0,,391,984.6584551,1779621956.17902,,3242
,0.8512016534805298,,3760.0,,392,986.185924,1779621957.7068994,,3242
,0.8570058345794678,,3770.0,,393,987.710935,1779621959.232692,,3242
,0.8420873284339905,,3780.0,,394,989.2368801,1779621960.7581294,,3242
,0.8339719772338867,,3790.0,,395,990.7634898,1779621962.2844894,,3242
,0.8470580577850342,,3800.0,,396,992.2890496,1779621963.8101149,,3242
,0.8543491363525391,,3810.0,,397,993.8154567,1779621965.3367062,,3242
,0.8235231637954712,,3820.0,,398,995.3409757,1779621966.8616326,,3242
,0.841376006603241,,3830.0,,399,996.8690364,1779621968.3899083,,3242
,0.81913822889328,,3840.0,,400,998.3983441,1779621969.9182563,,3242
,0.8481776118278503,,3850.0,,401,999.9247098,1779621971.4459603,,3242
,0.8536964654922485,,3860.0,,402,1001.4493041,1779621972.9699461,,3242
,0.8448390960693359,,3870.0,,403,1002.9739502,1779621974.495202,,3242
,0.8385622501373291,,3880.0,,404,1004.5000917,1779621976.021064,,3242
,0.8522884249687195,,3890.0,,405,1006.025613,1779621977.5461895,,3242
,0.8252736330032349,,3900.0,,406,1007.5533565,1779621979.074608,,3242
,0.8278131484985352,,3910.0,,407,1009.0783109,1779621980.599559,,3242
,0.8409208655357361,,3920.0,,408,1010.6047978,1779621982.1254985,,3242
,0.8336312770843506,,3930.0,,409,1012.1316629,1779621983.652307,,3242
,0.8127790689468384,,3940.0,,410,1013.6571419,1779621985.178383,,3242
,0.8221949338912964,,3950.0,,411,1015.1819413,1779621986.7029781,,3242
,0.8305371999740601,,3960.0,,412,1016.7076703,1779621988.2289193,,3242
,0.8371259570121765,,3970.0,,413,1018.2351392,1779621989.7563875,,3242
,0.8266531825065613,,3980.0,,414,1019.7617326,1779621991.280856,,3242
,0.8101333975791931,,3990.0,,415,1021.289909,1779621992.8110397,,3242
,,0.00018936387015941957,4000.0,1.7314437627792358,416,1044.8716306,1779622016.3927708,0.6179018616676331,3242
,0.8265610337257385,,4000.0,,417,1045.0319821,1779622016.55321,,3242
,0.8376809358596802,,4010.0,,418,1046.603061,1779622018.1242607,,3242
,0.8257294297218323,,4020.0,,419,1048.1757485,1779622019.6975055,,3242
,0.8089218735694885,,4030.0,,420,1049.7548098,1779622021.2765667,,3242
,0.8427293300628662,,4040.0,,421,1051.3396396,1779622022.8599467,,3242
,0.8025318384170532,,4050.0,,422,1052.9106076,1779622024.4317565,,3242
,0.8333885073661804,,4060.0,,423,1054.484375,1779622026.0056262,,3242
,0.8291640877723694,,4070.0,,424,1056.0586037,1779622027.579353,,3242
,0.8331596851348877,,4080.0,,425,1057.6259381,1779622029.146806,,3242
,0.8192219734191895,,4090.0,,426,1059.2023084,1779622030.723253,,3242
,0.8239299058914185,,4100.0,,427,1060.7739577,1779622032.2953954,,3242
,0.8090147376060486,,4110.0,,428,1062.3472788,1779622033.8685317,,3242
,0.8236486315727234,,4120.0,,429,1063.9234638,1779622035.4441133,,3242
,0.8364725112915039,,4130.0,,430,1065.501306,1779622037.0220544,,3242
,0.8276936411857605,,4140.0,,431,1067.0732662,1779622038.5941207,,3242
,0.8045958280563354,,4150.0,,432,1068.7021866,1779622040.222873,,3242
,0.8050316572189331,,4160.0,,433,1070.341394,1779622041.862644,,3242
,0.7921749353408813,,4170.0,,434,1071.9499189,1779622043.4711692,,3242
,0.8218353390693665,,4180.0,,435,1073.5563296,1779622045.0765052,,3242
,0.8063694834709167,,4190.0,,436,1075.1799027,1779622046.7009366,,3242
,0.7937911152839661,,4200.0,,437,1076.7832046,1779622048.3044536,,3242
,0.807206392288208,,4210.0,,438,1078.3852804,1779622049.9058328,,3242
,0.8141628503799438,,4220.0,,439,1079.9769328,1779622051.4975069,,3242
,0.8167709708213806,,4230.0,,440,1081.5619516,1779622053.0832016,,3242
,0.8040019869804382,,4240.0,,441,1083.1808397,1779622054.7011666,,3242
,,0.00015103031213214996,4250.0,1.7467080354690552,442,1106.8933361,1779622078.4136345,0.5898900032043457,3242
,0.804711103439331,,4250.0,,443,1107.0529219,1779622078.5741746,,3242
,0.8122501969337463,,4260.0,,444,1108.6054049,1779622080.1266534,,3242
,0.8031366467475891,,4270.0,,445,1110.1586796,1779622081.6799302,,3242
,0.7730374336242676,,4280.0,,446,1111.7114351,1779622083.2313528,,3242
,0.7954321503639221,,4290.0,,447,1113.2645814,1779622084.7849617,,3242
,0.8127149939537048,,4300.0,,448,1114.8197757,1779622086.3410263,,3242
,0.8141785860061646,,4310.0,,449,1116.3747811,1779622087.8951616,,3242
,0.7927566170692444,,4320.0,,450,1117.9271499,1779622089.4478278,,3242
,0.7874100804328918,,4330.0,,451,1119.4802448,1779622091.0014176,,3242
,0.8021606802940369,,4340.0,,452,1121.0312184,1779622092.5524654,,3242
,0.7785648703575134,,4350.0,,453,1122.5844267,1779622094.1056783,,3242
,0.7976713180541992,,4360.0,,454,1124.136992,1779622095.658084,,3242
,0.8091583251953125,,4370.0,,455,1125.6910419,1779622097.2113202,,3242
,0.7847442626953125,,4380.0,,456,1127.2434994,1779622098.764633,,3242
,0.786975622177124,,4390.0,,457,1128.7949817,1779622100.315582,,3242
,0.8028784990310669,,4400.0,,458,1130.3488412,1779622101.8696167,,3242
,0.7855802774429321,,4410.0,,459,1131.9639981,1779622103.484341,,3242
,0.7830287218093872,,4420.0,,460,1133.5415881,1779622105.061878,,3242
,0.7798511981964111,,4430.0,,461,1135.126322,1779622106.6473396,,3242
,0.7950624823570251,,4440.0,,462,1136.7020983,1779622108.2233474,,3242
,0.8088414669036865,,4450.0,,463,1138.2639216,1779622109.7851717,,3242
,0.783294141292572,,4460.0,,464,1139.8149407,1779622111.3361914,,3242
,0.7927926182746887,,4470.0,,465,1141.3972648,1779622112.917593,,3242
,0.8018060326576233,,4480.0,,466,1142.9726341,1779622114.4938796,,3242
,0.7907701730728149,,4490.0,,467,1144.5520791,1779622116.0733273,,3242
,,0.00012292491384519912,4500.0,1.7817083597183228,468,1167.9981238,1779622139.518474,0.5662365555763245,3242
,0.8078962564468384,,4500.0,,469,1168.1564446,1779622139.677697,,3242
,0.782775342464447,,4510.0,,470,1169.7107445,1779622141.2314637,,3242
,0.7869325280189514,,4520.0,,471,1171.2643396,1779622142.7854583,,3242
,0.7736153602600098,,4530.0,,472,1172.818778,1779622144.3394778,,3242
,0.7981996536254883,,4540.0,,473,1174.3718582,1779622145.8925548,,3242
,0.7656115889549255,,4550.0,,474,1175.9257527,1779622147.4465978,,3242
,0.7982479333877563,,4560.0,,475,1177.4788407,1779622148.9999943,,3242
,0.7894690036773682,,4570.0,,476,1179.0331379,1779622150.553984,,3242
,0.7685431241989136,,4580.0,,477,1180.5867136,1779622152.1078897,,3242
,0.781471848487854,,4590.0,,478,1182.1392705,1779622153.6601572,,3242
,0.7860134840011597,,4600.0,,479,1183.6937766,1779622155.215027,,3242
,0.7671341300010681,,4610.0,,480,1185.2786633,1779622156.7989998,,3242
,0.7749950885772705,,4620.0,,481,1186.853565,1779622158.3733542,,3242
,0.772404670715332,,4630.0,,482,1188.4234848,1779622159.9440007,,3242
,0.7680355906486511,,4640.0,,483,1189.9920418,1779622161.513171,,3242
,0.782710075378418,,4650.0,,484,1191.5601765,1779622163.0814264,,3242
,0.7929443717002869,,4660.0,,485,1193.1292852,1779622164.6499298,,3242
,0.7649292349815369,,4670.0,,486,1194.6971545,1779622166.218405,,3242
,0.7679538726806641,,4680.0,,487,1196.2666235,1779622167.7872407,,3242
,0.7729207277297974,,4690.0,,488,1197.8357528,1779622169.3569596,,3242
,0.7985661625862122,,4700.0,,489,1199.4084598,1779622170.9298503,,3242
,0.7851929664611816,,4710.0,,490,1200.9757239,1779622172.4968023,,3242
,0.7625579833984375,,4720.0,,491,1202.5454437,1779622174.0666924,,3242
,0.7722695469856262,,4730.0,,492,1204.1153162,1779622175.636483,,3242
,0.7577705383300781,,4740.0,,493,1205.684634,1779622177.2058845,,3242
,,0.00010576819746349742,4750.0,1.796240210533142,494,1229.3247938,1779622200.8454823,0.5505848526954651,3242
,0.7701277136802673,,4750.0,,495,1229.4856421,1779622201.0059178,,3242
,0.7740225195884705,,4760.0,,496,1231.0552702,1779622202.576367,,3242
,0.7881019711494446,,4770.0,,497,1232.6251587,1779622204.145397,,3242
,0.7510546445846558,,4780.0,,498,1234.1945648,1779622205.7156494,,3242
,0.7925846576690674,,4790.0,,499,1235.765108,1779622207.2859473,,3242
,0.7661663889884949,,4800.0,,500,1237.3357368,1779622208.8564796,,3242
,0.7579270005226135,,4810.0,,501,1238.9078491,1779622210.4275486,,3242
,0.7601004838943481,,4820.0,,502,1240.4774534,1779622211.9983099,,3242
,0.7693181037902832,,4830.0,,503,1242.0463504,1779622213.5670476,,3242
,0.795589029788971,,4840.0,,504,1243.6164357,1779622215.1376839,,3242
,0.7955014109611511,,4850.0,,505,1245.2041033,1779622216.7246637,,3242
,0.7840307950973511,,4860.0,,506,1246.7865089,1779622218.3077466,,3242
,0.7546895742416382,,4870.0,,507,1248.3389872,1779622219.8602335,,3242
,0.7702747583389282,,4880.0,,508,1249.8921569,1779622221.4134047,,3242
,0.7743792533874512,,4890.0,,509,1251.44432,1779622222.9655716,,3242
,0.7810849547386169,,4900.0,,510,1252.9974697,1779622224.51872,,3242
,0.7541643977165222,,4910.0,,511,1254.5506128,1779622226.0712032,,3242
,0.7754397392272949,,4920.0,,512,1256.1049827,1779622227.6260352,,3242
,0.7615734338760376,,4930.0,,513,1257.6592159,1779622229.1803122,,3242
,0.7658773064613342,,4940.0,,514,1259.2114547,1779622230.7320447,,3242
,0.7764871120452881,,4950.0,,515,1260.7622977,1779622232.282713,,3242
,0.7795875072479248,,4960.0,,516,1262.3150578,1779622233.83631,,3242
,0.7899099588394165,,4970.0,,517,1263.8667913,1779622235.3870878,,3242
,0.7847051620483398,,4980.0,,518,1265.4206022,1779622236.9414887,,3242
,0.8001194596290588,,4990.0,,519,1266.9730234,1779622238.4930346,,3242
,,0.0001,5000.0,1.8112096786499023,520,1290.3800087,1779622261.9017656,0.5317318439483643,3242
,0.7778551578521729,,5000.0,,521,1290.5418358,1779622262.0630538,,3242
"{'size': 273, '_type': 'html-file', 'sha256': '23b11b7f440614a771b26fc64a3f8d7428ee31fba0988fc026d9f5ad5ac385cf', 'path': 'media/html/Sample Generation_522_23b11b7f440614a771b2.html'}",,,,,522,1292.3630761,1779622263.8838322,,3242
