_runtime,_timestamp,train/loss,train/step_loss,Sample Generation,val/loss,lr,iter,_step
26.7419242,1779693931.7089367,4.268057823181152,,,4.260388374328613,9.900990099009901e-06,0.0,0
26.9649512,1779693931.9322753,,4.261457443237305,,,,0.0,1
28.9869038,1779693933.9543183,,3.0367064476013184,,,,10.0,2
31.0123862,1779693935.9797978,,2.611286163330078,,,,20.0,3
33.03643,1779693938.003575,,2.454451560974121,,,,30.0,4
35.0596685,1779693940.0269868,,2.3464930057525635,,,,40.0,5
37.0823157,1779693942.0496624,,2.3105132579803467,,,,50.0,6
39.0263714,1779693943.9937441,,2.2667315006256104,,,,60.0,7
41.0452399,1779693946.0126514,,2.186558246612549,,,,70.0,8
43.0668224,1779693948.0347438,,2.147071361541748,,,,80.0,9
45.0914626,1779693950.0588717,,2.135348081588745,,,,90.0,10
47.1148254,1779693952.0827465,,2.084916830062866,,,,100.0,11
49.1391841,1779693954.1065934,,2.0262720584869385,,,,110.0,12
51.1599528,1779693956.1271594,,2.0076143741607666,,,,120.0,13
53.1823564,1779693958.1496098,,1.9680418968200684,,,,130.0,14
55.2052451,1779693960.1726606,,1.937195897102356,,,,140.0,15
57.234432,1779693962.2018375,,1.927375316619873,,,,150.0,16
59.2541756,1779693964.2216637,,1.8823204040527344,,,,160.0,17
61.2816303,1779693966.2490437,,1.838118076324463,,,,170.0,18
63.3049236,1779693968.2723303,,1.8312206268310547,,,,180.0,19
65.3274359,1779693970.2948496,,1.821132779121399,,,,190.0,20
67.3511208,1779693972.318451,,1.7958029508590698,,,,200.0,21
69.3758689,1779693974.3432744,,1.7702912092208862,,,,210.0,22
71.3967592,1779693976.364164,,1.7601391077041626,,,,220.0,23
73.4214078,1779693978.3887987,,1.7299927473068237,,,,230.0,24
75.4454318,1779693980.4128468,,1.7289637327194214,,,,240.0,25
103.6272715,1779694008.5937443,1.6089168787002563,,,1.7853343486785889,0.0009979206008271391,250.0,26
103.8198436,1779694008.7864697,,1.7050161361694336,,,,250.0,27
105.6812879,1779694010.6486952,,1.708013653755188,,,,260.0,28
107.6973316,1779694012.6647022,,1.687063217163086,,,,270.0,29
109.7200945,1779694014.688016,,1.689067006111145,,,,280.0,30
111.7449307,1779694016.7123418,,1.6590908765792847,,,,290.0,31
113.7647571,1779694018.732076,,1.682638168334961,,,,300.0,32
115.7891691,1779694020.7565434,,1.6770561933517456,,,,310.0,33
117.8118605,1779694022.7791367,,1.600972056388855,,,,320.0,34
119.8316147,1779694024.7990136,,1.6040719747543335,,,,330.0,35
121.8547329,1779694026.8221343,,1.5786559581756592,,,,340.0,36
123.876632,1779694028.8440247,,1.5971013307571411,,,,350.0,37
125.8970772,1779694030.8644876,,1.5757337808609009,,,,360.0,38
127.9208577,1779694032.888268,,1.5699379444122314,,,,370.0,39
129.9440686,1779694034.91147,,1.5322518348693848,,,,380.0,40
131.9640219,1779694036.9314363,,1.5189944505691528,,,,390.0,41
133.9883111,1779694038.9554515,,1.500717282295227,,,,400.0,42
136.0118627,1779694040.9791434,,1.5057536363601685,,,,410.0,43
138.0330281,1779694043.000441,,1.512940764427185,,,,420.0,44
140.0575395,1779694045.0248241,,1.5614006519317627,,,,430.0,45
142.0801444,1779694047.0475583,,1.4952982664108276,,,,440.0,46
144.1005671,1779694049.0679817,,1.501471996307373,,,,450.0,47
146.1220154,1779694051.0887334,,1.4626342058181763,,,,460.0,48
148.1460093,1779694053.1134105,,1.5174534320831299,,,,470.0,49
150.1666835,1779694055.1339903,,1.4699671268463135,,,,480.0,50
152.1930384,1779694057.1603756,,1.488397479057312,,,,490.0,51
180.3116649,1779694085.2790802,1.382338285446167,,,1.6027511358261108,0.0009852826883675631,500.0,52
180.4996631,1779694085.4670308,,1.4658010005950928,,,,500.0,53
182.3479459,1779694087.3153603,,1.4523931741714478,,,,510.0,54
184.2745247,1779694089.2419329,,1.4576833248138428,,,,520.0,55
186.1994658,1779694091.166713,,1.4317787885665894,,,,530.0,56
188.200431,1779694093.1673505,,1.4315510988235474,,,,540.0,57
190.2230302,1779694095.1903832,,1.4090567827224731,,,,550.0,58
192.2465811,1779694097.2139957,,1.3874679803848267,,,,560.0,59
194.2697129,1779694099.2371302,,1.4033143520355225,,,,570.0,60
196.2913688,1779694101.2592902,,1.4188954830169678,,,,580.0,61
198.3146552,1779694103.2814121,,1.4340637922286987,,,,590.0,62
200.3363064,1779694105.3036718,,1.3849663734436035,,,,600.0,63
202.3599342,1779694107.3273487,,1.396321177482605,,,,610.0,64
204.3860774,1779694109.3534923,,1.409044861793518,,,,620.0,65
206.4131415,1779694111.380546,,1.3721712827682495,,,,630.0,66
208.4342753,1779694113.4016528,,1.3804523944854736,,,,640.0,67
210.4575621,1779694115.4249763,,1.388852834701538,,,,650.0,68
212.4802288,1779694117.4476218,,1.3894261121749878,,,,660.0,69
214.5022538,1779694119.4696543,,1.362917184829712,,,,670.0,70
216.5250164,1779694121.49241,,1.3250097036361694,,,,680.0,71
218.5486608,1779694123.515838,,1.3831764459609985,,,,690.0,72
220.5690667,1779694125.536988,,1.3970036506652832,,,,700.0,73
222.5924067,1779694127.5598154,,1.3669862747192383,,,,710.0,74
224.6171522,1779694129.584552,,1.374553918838501,,,,720.0,75
226.6377981,1779694131.6051977,,1.3205742835998535,,,,730.0,76
228.6625245,1779694133.6299343,,1.3558909893035889,,,,740.0,77
256.4291784,1779694161.3963294,1.2757728099822998,,,1.5416576862335205,0.0009614856803571157,750.0,78
256.6210738,1779694161.5884848,,1.3324123620986938,,,,750.0,79
258.5326484,1779694163.500052,,1.3316881656646729,,,,760.0,80
260.4727407,1779694165.440251,,1.3457481861114502,,,,770.0,81
262.4322725,1779694167.3996818,,1.3313509225845337,,,,780.0,82
264.4551662,1779694169.422573,,1.3307963609695435,,,,790.0,83
266.4728343,1779694171.4400363,,1.3879051208496094,,,,800.0,84
268.4269286,1779694173.3942952,,1.3465806245803833,,,,810.0,85
270.2668815,1779694175.2338247,,1.3444364070892334,,,,820.0,86
272.168534,1779694177.1359456,,1.3738973140716553,,,,830.0,87
274.1170509,1779694179.0844522,,1.3309885263442993,,,,840.0,88
276.0630387,1779694181.0304499,,1.316654920578003,,,,850.0,89
278.0670724,1779694183.034456,,1.3281928300857544,,,,860.0,90
280.0891003,1779694185.0570216,,1.3593720197677612,,,,870.0,91
282.1070969,1779694187.0743535,,1.3324675559997559,,,,880.0,92
284.1322417,1779694189.099605,,1.2992748022079468,,,,890.0,93
286.1562761,1779694191.1236775,,1.2798724174499512,,,,900.0,94
288.2061662,1779694193.1735706,,1.3162074089050293,,,,910.0,95
290.0457303,1779694195.0131457,,1.264788269996643,,,,920.0,96
291.8918286,1779694196.859238,,1.3237667083740234,,,,930.0,97
293.7403151,1779694198.7077305,,1.2884550094604492,,,,940.0,98
295.7426092,1779694200.7100236,,1.314124584197998,,,,950.0,99
297.6953207,1779694202.6623626,,1.3168187141418457,,,,960.0,100
299.579374,1779694204.5467832,,1.305177092552185,,,,970.0,101
301.5461619,1779694206.5135767,,1.254300594329834,,,,980.0,102
303.569736,1779694208.5371418,,1.3101080656051636,,,,990.0,103
332.0133641,1779694236.980775,1.2067880630493164,,,1.5035030841827393,0.0009271396472013282,1000.0,104
332.2121593,1779694237.179491,,1.3156379461288452,,,,1000.0,105
334.201533,1779694239.168948,,1.2404671907424927,,,,1010.0,106
336.2270549,1779694241.1944432,,1.2538421154022217,,,,1020.0,107
338.249317,1779694243.2172382,,1.2941092252731323,,,,1030.0,108
340.2700757,1779694245.2374785,,1.2895501852035522,,,,1040.0,109
342.2931984,1779694247.2603753,,1.2483683824539185,,,,1050.0,110
344.3142176,1779694249.2816327,,1.2992522716522217,,,,1060.0,111
346.3352572,1779694251.3026717,,1.271803617477417,,,,1070.0,112
348.3633148,1779694253.3307917,,1.276606798171997,,,,1080.0,113
350.3846802,1779694255.3504982,,1.2526297569274902,,,,1090.0,114
352.4055669,1779694257.3729815,,1.3020094633102417,,,,1100.0,115
354.429305,1779694259.3965864,,1.267671823501587,,,,1110.0,116
356.4548449,1779694261.422766,,1.2465068101882935,,,,1120.0,117
358.4760236,1779694263.4434333,,1.2282871007919312,,,,1130.0,118
360.4999675,1779694265.4673443,,1.230615258216858,,,,1140.0,119
362.5207606,1779694267.4881754,,1.2388209104537964,,,,1150.0,120
364.5410921,1779694269.5085003,,1.219496250152588,,,,1160.0,121
366.5657843,1779694271.533193,,1.2608017921447754,,,,1170.0,122
368.5929337,1779694273.5603497,,1.2321991920471191,,,,1180.0,123
370.612401,1779694275.5798073,,1.245970606803894,,,,1190.0,124
372.6368668,1779694277.603964,,1.213860273361206,,,,1200.0,125
374.6596677,1779694279.6268988,,1.2242701053619385,,,,1210.0,126
376.6827944,1779694281.649313,,1.196631908416748,,,,1220.0,127
378.7053661,1779694283.672775,,1.2179882526397705,,,,1230.0,128
380.7287958,1779694285.6962051,,1.2186236381530762,,,,1240.0,129
408.5913134,1779694313.558235,1.1405354738235474,,,1.4905614852905273,0.000883125098683892,1250.0,130
408.7791188,1779694313.7465296,,1.2346028089523315,,,,1250.0,131
410.6847417,1779694315.6521506,,1.2542608976364136,,,,1260.0,132
412.7064131,1779694317.6738212,,1.2446614503860474,,,,1270.0,133
414.7292973,1779694319.6967087,,1.2108793258666992,,,,1280.0,134
416.7526904,1779694321.7200534,,1.227887749671936,,,,1290.0,135
418.7757942,1779694323.7432091,,1.2058497667312622,,,,1300.0,136
420.7996187,1779694325.7670329,,1.2423039674758911,,,,1310.0,137
422.8195008,1779694327.7869153,,1.2157396078109741,,,,1320.0,138
424.8395894,1779694329.8070035,,1.1862879991531372,,,,1330.0,139
426.863111,1779694331.8305156,,1.1802613735198975,,,,1340.0,140
428.8847189,1779694333.852134,,1.238975167274475,,,,1350.0,141
430.9062764,1779694335.8736763,,1.1972770690917969,,,,1360.0,142
432.9309712,1779694337.8982944,,1.2107784748077393,,,,1370.0,143
434.9530751,1779694339.9209964,,1.1984161138534546,,,,1380.0,144
436.9752885,1779694341.942352,,1.230699896812439,,,,1390.0,145
438.9974473,1779694343.964844,,1.1812607049942017,,,,1400.0,146
441.0186894,1779694345.98603,,1.2102633714675903,,,,1410.0,147
443.040568,1779694348.0084891,,1.1934794187545776,,,,1420.0,148
445.0630829,1779694350.030425,,1.1827678680419922,,,,1430.0,149
447.0860684,1779694352.0534773,,1.1591225862503052,,,,1440.0,150
449.1072146,1779694354.0746229,,1.1956068277359009,,,,1450.0,151
451.1310824,1779694356.0982878,,1.199125051498413,,,,1460.0,152
453.1513776,1779694358.119299,,1.169819712638855,,,,1470.0,153
455.1736675,1779694360.1409366,,1.1805830001831055,,,,1480.0,154
457.1984155,1779694362.1663368,,1.208759069442749,,,,1490.0,155
484.8729695,1779694389.8403854,1.0951684713363647,,,1.4966375827789307,0.0008305704108364302,1500.0,156
485.0631821,1779694390.0305855,,1.2052122354507446,,,,1500.0,157
486.9284633,1779694391.895068,,1.1527276039123535,,,,1510.0,158
488.9166275,1779694393.8840334,,1.1970112323760986,,,,1520.0,159
490.9395861,1779694395.906995,,1.1563923358917236,,,,1530.0,160
492.9053548,1779694397.8727715,,1.1773581504821777,,,,1540.0,161
494.7398026,1779694399.7072117,,1.1596342325210571,,,,1550.0,162
496.739003,1779694401.7062924,,1.1638084650039673,,,,1560.0,163
498.7597678,1779694403.7271528,,1.1449509859085083,,,,1570.0,164
500.7818528,1779694405.749266,,1.1737298965454102,,,,1580.0,165
502.8050077,1779694407.7724175,,1.1674927473068237,,,,1590.0,166
504.8256933,1779694409.7936146,,1.1718134880065918,,,,1600.0,167
506.8485087,1779694411.815674,,1.1432738304138184,,,,1610.0,168
508.8726448,1779694413.8400562,,1.1822930574417114,,,,1620.0,169
510.8938743,1779694415.8612885,,1.1882848739624023,,,,1630.0,170
512.9173925,1779694417.8846848,,1.1729751825332642,,,,1640.0,171
514.9406994,1779694419.9086208,,1.1337631940841675,,,,1650.0,172
516.9608541,1779694421.9282591,,1.1367675065994263,,,,1660.0,173
518.9841096,1779694423.951227,,1.1515424251556396,,,,1670.0,174
521.0085231,1779694425.9759374,,1.1348483562469482,,,,1680.0,175
523.0345089,1779694428.00192,,1.164185643196106,,,,1690.0,176
525.0543806,1779694430.0217917,,1.153276801109314,,,,1700.0,177
527.0770819,1779694432.044497,,1.1343920230865479,,,,1710.0,178
529.1025253,1779694434.069893,,1.169658899307251,,,,1720.0,179
531.1228893,1779694436.0908105,,1.14162015914917,,,,1730.0,180
533.1458592,1779694438.1132731,,1.1192216873168945,,,,1740.0,181
560.9614427,1779694465.9288118,1.0430256128311157,,,1.510134220123291,0.0007708228984017721,1750.0,182
561.1525148,1779694466.1198747,,1.124796986579895,,,,1750.0,183
563.0028653,1779694467.969537,,1.1464004516601562,,,,1760.0,184
564.8847471,1779694469.8521338,,1.1855008602142334,,,,1770.0,185
566.8219224,1779694471.7893276,,1.122666358947754,,,,1780.0,186
568.8450897,1779694473.8123555,,1.1527875661849976,,,,1790.0,187
570.8650482,1779694475.8324368,,1.1205768585205078,,,,1800.0,188
572.8887633,1779694477.8561442,,1.1520769596099854,,,,1810.0,189
574.9131013,1779694479.8802998,,1.1228973865509033,,,,1820.0,190
576.9330877,1779694481.900447,,1.1229239702224731,,,,1830.0,191
578.9539818,1779694483.9213793,,1.1410231590270996,,,,1840.0,192
580.9786872,1779694485.946097,,1.1150282621383667,,,,1850.0,193
582.9985214,1779694487.96591,,1.1123288869857788,,,,1860.0,194
585.0184902,1779694489.98588,,1.1467061042785645,,,,1870.0,195
587.0416542,1779694492.0090086,,1.120048999786377,,,,1880.0,196
589.0623165,1779694494.0297313,,1.1334807872772217,,,,1890.0,197
591.0837122,1779694496.0511253,,1.104965329170227,,,,1900.0,198
593.107222,1779694498.0746331,,1.0982362031936646,,,,1910.0,199
595.1256122,1779694500.0929303,,1.1302844285964966,,,,1920.0,200
597.1482576,1779694502.1156738,,1.1256786584854126,,,,1930.0,201
599.1695215,1779694504.136935,,1.1307612657546997,,,,1940.0,202
601.1931236,1779694506.160521,,1.1046113967895508,,,,1950.0,203
603.2174318,1779694508.184837,,1.1221818923950195,,,,1960.0,204
605.241429,1779694510.2088382,,1.0825189352035522,,,,1970.0,205
607.260821,1779694512.2279904,,1.0985735654830933,,,,1980.0,206
609.284786,1779694514.2520142,,1.1235318183898926,,,,1990.0,207
637.5899053,1779694542.5571463,0.9827939867973328,,,1.5092177391052246,0.0007054142744895884,2000.0,208
637.7806431,1779694542.7480545,,1.1234805583953857,,,,2000.0,209
639.7157944,1779694544.6832047,,1.0888327360153198,,,,2010.0,210
641.7399001,1779694546.7073061,,1.0899832248687744,,,,2020.0,211
643.7629999,1779694548.7301047,,1.0845565795898438,,,,2030.0,212
645.7831944,1779694550.7505991,,1.0854216814041138,,,,2040.0,213
647.8083783,1779694552.7757854,,1.0760773420333862,,,,2050.0,214
649.8326731,1779694554.7999425,,1.090616226196289,,,,2060.0,215
651.8523012,1779694556.8197088,,1.1186532974243164,,,,2070.0,216
653.8756588,1779694558.8430698,,1.1098464727401733,,,,2080.0,217
655.9000072,1779694560.867397,,1.1036046743392944,,,,2090.0,218
657.9219759,1779694562.8893907,,1.108575463294983,,,,2100.0,219
659.9423644,1779694564.9097748,,1.1006758213043213,,,,2110.0,220
661.9668203,1779694566.934233,,1.075437307357788,,,,2120.0,221
663.9907529,1779694568.9581668,,1.0766633749008179,,,,2130.0,222
666.0131954,1779694570.9807851,,1.0629303455352783,,,,2140.0,223
668.0380404,1779694573.0054092,,1.0593304634094238,,,,2150.0,224
670.0587023,1779694575.026011,,1.1203052997589111,,,,2160.0,225
672.0795815,1779694577.0469863,,1.0849798917770386,,,,2170.0,226
674.1033219,1779694579.0707364,,1.04331374168396,,,,2180.0,227
676.1263599,1779694581.0937076,,1.0693109035491943,,,,2190.0,228
678.1488886,1779694583.116299,,1.0544250011444092,,,,2200.0,229
680.1717146,1779694585.1391275,,1.0570393800735474,,,,2210.0,230
682.1916813,1779694587.1590965,,1.03075110912323,,,,2220.0,231
684.2123204,1779694589.1797314,,1.0940409898757935,,,,2230.0,232
686.2370485,1779694591.2044513,,1.0633046627044678,,,,2240.0,233
714.0260036,1779694618.9933023,0.937909722328186,,,1.53664231300354,0.0006360213829156177,2250.0,234
714.2172725,1779694619.1842065,,1.049721360206604,,,,2250.0,235
716.0734215,1779694621.0413427,,1.052674412727356,,,,2260.0,236
718.0234364,1779694622.9899936,,1.0222364664077759,,,,2270.0,237
720.046724,1779694625.01414,,1.0467941761016846,,,,2280.0,238
722.0705928,1779694627.0385141,,1.0541383028030396,,,,2290.0,239
724.0904221,1779694629.0577102,,1.0604486465454102,,,,2300.0,240
726.1138037,1779694631.08122,,1.0607467889785767,,,,2310.0,241
728.1355336,1779694633.1029468,,1.0737833976745605,,,,2320.0,242
730.155961,1779694635.1233335,,1.077010989189148,,,,2330.0,243
732.180445,1779694637.1475923,,1.02762770652771,,,,2340.0,244
734.2061914,1779694639.1735892,,1.0687601566314697,,,,2350.0,245
736.2281333,1779694641.1955419,,1.0578138828277588,,,,2360.0,246
738.2495085,1779694643.2166495,,1.026570200920105,,,,2370.0,247
740.2722788,1779694645.2396936,,1.0624679327011108,,,,2380.0,248
742.2964589,1779694647.2643802,,1.0374425649642944,,,,2390.0,249
744.3190252,1779694649.286436,,1.024045705795288,,,,2400.0,250
746.3427819,1779694651.310192,,1.0338612794876099,,,,2410.0,251
748.3669986,1779694653.3341653,,1.0512669086456299,,,,2420.0,252
750.3417365,1779694655.3091466,,1.0514147281646729,,,,2430.0,253
752.1801521,1779694657.1475616,,1.0557152032852173,,,,2440.0,254
754.124544,1779694659.091945,,1.0306798219680786,,,,2450.0,255
756.1427076,1779694661.1100008,,1.0458528995513916,,,,2460.0,256
758.1637376,1779694663.131149,,0.9970183968544006,,,,2470.0,257
760.1799714,1779694665.1473863,,1.0387074947357178,,,,2480.0,258
762.2033624,1779694667.1708317,,0.9955002665519714,,,,2490.0,259
790.0224671,1779694694.988893,0.885356605052948,,,1.5662976503372192,0.000564423209907245,2500.0,260
790.2196088,1779694695.1870177,,1.0245277881622314,,,,2500.0,261
792.221465,1779694697.1888778,,1.0044217109680176,,,,2510.0,262
794.2693164,1779694699.2367132,,1.0358654260635376,,,,2520.0,263
796.113922,1779694701.0810552,,1.0462509393692017,,,,2530.0,264
798.1346416,1779694703.10198,,1.0239548683166504,,,,2540.0,265
800.1545003,1779694705.121916,,0.9906908869743347,,,,2550.0,266
802.1762893,1779694707.1437058,,1.0184218883514404,,,,2560.0,267
804.1979942,1779694709.1654093,,1.0076688528060913,,,,2570.0,268
806.21971,1779694711.1868773,,1.0359888076782227,,,,2580.0,269
808.2416863,1779694713.2080624,,1.0218217372894287,,,,2590.0,270
810.2648559,1779694715.2321212,,1.0085527896881104,,,,2600.0,271
812.2883343,1779694717.2557402,,0.9973198771476746,,,,2610.0,272
814.309312,1779694719.276662,,1.0107768774032593,,,,2620.0,273
816.3333503,1779694721.3004708,,0.9891033172607422,,,,2630.0,274
818.355079,1779694723.3220198,,0.9983611702919006,,,,2640.0,275
820.3761115,1779694725.3434973,,1.0004119873046875,,,,2650.0,276
822.3991193,1779694727.3665292,,1.0024579763412476,,,,2660.0,277
824.4232632,1779694729.3903754,,0.9936221241950989,,,,2670.0,278
826.443271,1779694731.4111924,,1.010408639907837,,,,2680.0,279
828.469462,1779694733.4368653,,1.0042914152145386,,,,2690.0,280
830.4928025,1779694735.459984,,1.0097026824951172,,,,2700.0,281
832.5152643,1779694737.4826663,,0.9853323698043823,,,,2710.0,282
834.5395285,1779694739.5069351,,0.9906459450721741,,,,2720.0,283
836.5632828,1779694741.530556,,0.9783906936645508,,,,2730.0,284
838.5799205,1779694743.5471575,,0.9950140118598938,,,,2740.0,285
866.3755327,1779694771.3428457,0.8340306282043457,,,1.576694369316101,0.0004924552772419723,2750.0,286
866.5775239,1779694771.5449407,,0.9853855967521667,,,,2750.0,287
868.6010526,1779694773.5684636,,0.9542641043663025,,,,2760.0,288
870.6232223,1779694775.5902088,,0.9887166023254395,,,,2770.0,289
872.6443852,1779694777.6117992,,0.9920328855514526,,,,2780.0,290
874.6679361,1779694779.6353512,,0.9930200576782227,,,,2790.0,291
876.6919773,1779694781.6593862,,0.9637234210968018,,,,2800.0,292
878.7127002,1779694783.680117,,0.9446821808815002,,,,2810.0,293
880.7367568,1779694785.7039719,,0.9775376915931702,,,,2820.0,294
882.759369,1779694787.726783,,0.9652407765388489,,,,2830.0,295
884.7838804,1779694789.751225,,0.9398010969161987,,,,2840.0,296
886.8041732,1779694791.7715797,,0.9737892746925354,,,,2850.0,297
888.8276652,1779694793.7948394,,0.950772225856781,,,,2860.0,298
890.8511683,1779694795.8185623,,0.9507126808166504,,,,2870.0,299
892.8730562,1779694797.8398645,,0.9589787125587463,,,,2880.0,300
894.895862,1779694799.8630877,,0.9836471080780029,,,,2890.0,301
896.92152,1779694801.8886638,,0.9576597213745117,,,,2900.0,302
898.941821,1779694803.9092371,,0.9424552917480469,,,,2910.0,303
900.9653445,1779694805.932753,,0.9643034934997559,,,,2920.0,304
902.9797694,1779694807.9471762,,0.9800567030906677,,,,2930.0,305
904.9130148,1779694809.8804297,,0.9467542171478271,,,,2940.0,306
906.8919025,1779694811.8593166,,0.931310772895813,,,,2950.0,307
908.9133809,1779694813.8806648,,0.9377305507659912,,,,2960.0,308
910.9330118,1779694815.900933,,0.9487907886505127,,,,2970.0,309
912.9562489,1779694817.9236631,,0.9413343667984009,,,,2980.0,310
914.9274589,1779694819.8947425,,0.9489978551864624,,,,2990.0,311
942.4910342,1779694847.4576132,0.7869831323623657,,,1.6237143278121948,0.0004219625860160354,3000.0,312
942.6779993,1779694847.644637,,0.9332371950149536,,,,3000.0,313
944.5932655,1779694849.5602703,,0.942658007144928,,,,3010.0,314
946.611339,1779694851.5787506,,0.9546526074409485,,,,3020.0,315
948.6335045,1779694853.6008677,,0.9484666585922241,,,,3030.0,316
950.6578668,1779694855.6252809,,0.9538017511367798,,,,3040.0,317
952.6779727,1779694857.645386,,0.9305014610290527,,,,3050.0,318
954.70163,1779694859.668798,,0.9516945481300354,,,,3060.0,319
956.7220304,1779694861.689447,,0.9439873695373535,,,,3070.0,320
958.7414385,1779694863.708779,,0.9325727820396423,,,,3080.0,321
960.7655832,1779694865.7327516,,0.9429280161857605,,,,3090.0,322
962.7881046,1779694867.755128,,0.9397704601287842,,,,3100.0,323
964.8097791,1779694869.7771888,,0.926364541053772,,,,3110.0,324
966.8333229,1779694871.8007388,,0.9071836471557617,,,,3120.0,325
968.8556244,1779694873.822728,,0.9218451976776123,,,,3130.0,326
970.8766828,1779694875.8439195,,0.9502841830253601,,,,3140.0,327
972.9020443,1779694877.8694556,,0.8965399861335754,,,,3150.0,328
974.9260689,1779694879.8934839,,0.9071273803710938,,,,3160.0,329
976.9480383,1779694881.9154465,,0.9065930247306824,,,,3170.0,330
978.9701386,1779694883.9375522,,0.9184557795524597,,,,3180.0,331
980.9941746,1779694885.9607854,,0.8856775164604187,,,,3190.0,332
983.0167712,1779694887.9838097,,0.8984073400497437,,,,3200.0,333
985.0393947,1779694890.0066304,,0.898395299911499,,,,3210.0,334
987.0632607,1779694892.0306683,,0.9182000756263733,,,,3220.0,335
989.0868063,1779694894.0539384,,0.915023922920227,,,,3230.0,336
991.1069173,1779694896.0742893,,0.9361515641212463,,,,3240.0,337
1019.0261084,1779694923.992596,0.7412551641464233,,,1.6517529487609863,0.00035475231739709885,3250.0,338
1019.2190436,1779694924.18624,,0.920266330242157,,,,3250.0,339
1021.1005276,1779694926.068449,,0.8988653421401978,,,,3260.0,340
1022.984717,1779694927.9526381,,0.9196911454200745,,,,3270.0,341
1024.9216079,1779694929.888983,,0.9064193367958069,,,,3280.0,342
1026.922465,1779694931.889876,,0.914515495300293,,,,3290.0,343
1028.9420152,1779694933.909429,,0.9297769665718079,,,,3300.0,344
1030.9615715,1779694935.9289145,,0.9086148142814636,,,,3310.0,345
1032.9860513,1779694937.953466,,0.9164831042289734,,,,3320.0,346
1035.0080847,1779694939.9754717,,0.8911756873130798,,,,3330.0,347
1037.0300681,1779694941.997462,,0.8919584155082703,,,,3340.0,348
1039.0527864,1779694944.0201945,,0.8910967707633972,,,,3350.0,349
1041.0743368,1779694946.041746,,0.9061279892921448,,,,3360.0,350
1043.099094,1779694948.0662525,,0.8938192129135132,,,,3370.0,351
1045.1210932,1779694950.0885038,,0.8858625888824463,,,,3380.0,352
1047.1414231,1779694952.1088068,,0.8719157576560974,,,,3390.0,353
1049.1621079,1779694954.1300292,,0.9261897802352905,,,,3400.0,354
1051.1880306,1779694956.1554453,,0.8775556087493896,,,,3410.0,355
1053.2095082,1779694958.1763835,,0.8890723586082458,,,,3420.0,356
1055.2292229,1779694960.196634,,0.8641448020935059,,,,3430.0,357
1057.2533449,1779694962.2206511,,0.9218984246253967,,,,3440.0,358
1059.1510456,1779694964.1184614,,0.8646395206451416,,,,3450.0,359
1061.0239963,1779694965.9914057,,0.8781647086143494,,,,3460.0,360
1062.9064279,1779694967.8737173,,0.8838874101638794,,,,3470.0,361
1064.9190445,1779694969.8864534,,0.8516258001327515,,,,3480.0,362
1066.9370909,1779694971.9045062,,0.8984511494636536,,,,3490.0,363
1094.8453761,1779694999.8127365,0.6937409043312073,,,1.666642189025879,0.0002925475029450237,3500.0,364
1095.0435124,1779695000.0106773,,0.877285897731781,,,,3500.0,365
1097.0290338,1779695001.9969552,,0.8722235560417175,,,,3510.0,366
1099.0541801,1779695004.0212648,,0.8748763203620911,,,,3520.0,367
1101.0795704,1779695006.046779,,0.8832777738571167,,,,3530.0,368
1103.1005029,1779695008.067911,,0.8741765022277832,,,,3540.0,369
1105.1261311,1779695010.093583,,0.8858788013458252,,,,3550.0,370
1107.1493392,1779695012.1167505,,0.8737298250198364,,,,3560.0,371
1109.1699926,1779695014.1373992,,0.8806591033935547,,,,3570.0,372
1111.1948869,1779695016.1621318,,0.8681622743606567,,,,3580.0,373
1113.2056997,1779695018.1731162,,0.8714022636413574,,,,3590.0,374
1115.1999068,1779695020.1667078,,0.8914755582809448,,,,3600.0,375
1117.1957876,1779695022.163197,,0.8729720711708069,,,,3610.0,376
1119.1920472,1779695024.1593566,,0.8781026005744934,,,,3620.0,377
1121.1886813,1779695026.1560867,,0.8754706382751465,,,,3630.0,378
1123.1844148,1779695028.1516595,,0.8793057799339294,,,,3640.0,379
1125.1972713,1779695030.1646776,,0.8855226039886475,,,,3650.0,380
1127.2191717,1779695032.1865172,,0.8471324443817139,,,,3660.0,381
1129.2402634,1779695034.2076516,,0.8511590957641602,,,,3670.0,382
1131.26149,1779695036.228905,,0.8561482429504395,,,,3680.0,383
1133.2838163,1779695038.2511597,,0.8395941853523254,,,,3690.0,384
1135.3010626,1779695040.2684662,,0.8745945692062378,,,,3700.0,385
1137.3228701,1779695042.2901483,,0.8416800498962402,,,,3710.0,386
1139.2853337,1779695044.2527416,,0.8605102896690369,,,,3720.0,387
1141.2402083,1779695046.207304,,0.8960336446762085,,,,3730.0,388
1143.1939022,1779695048.1618235,,0.8611322045326233,,,,3740.0,389
1170.7468015,1779695075.714213,0.6528583765029907,,,1.706242322921753,0.00023694285222843113,3750.0,390
1170.9344128,1779695075.901799,,0.8592923283576965,,,,3750.0,391
1172.8300588,1779695077.797471,,0.8556451201438904,,,,3760.0,392
1174.8478066,1779695079.8152213,,0.8475741147994995,,,,3770.0,393
1176.8702153,1779695081.8372738,,0.8341400027275085,,,,3780.0,394
1178.8951724,1779695083.8625722,,0.8417460918426514,,,,3790.0,395
1180.91907,1779695085.8861706,,0.8425222635269165,,,,3800.0,396
1182.9428967,1779695087.910049,,0.8383081555366516,,,,3810.0,397
1184.9643039,1779695089.931684,,0.8311058878898621,,,,3820.0,398
1186.9895022,1779695091.956917,,0.8461269736289978,,,,3830.0,399
1189.0108581,1779695093.9787793,,0.8343406319618225,,,,3840.0,400
1191.0325318,1779695095.9999409,,0.8443329930305481,,,,3850.0,401
1193.0567881,1779695098.0247095,,0.8382682800292969,,,,3860.0,402
1195.0806063,1779695100.0474305,,0.8265482187271118,,,,3870.0,403
1197.1011005,1779695102.0685046,,0.8465585708618164,,,,3880.0,404
1199.1244992,1779695104.0919077,,0.8252722024917603,,,,3890.0,405
1201.1489915,1779695106.1165214,,0.8229936957359314,,,,3900.0,406
1203.1759596,1779695108.1430924,,0.8435746431350708,,,,3910.0,407
1205.1469608,1779695110.114882,,0.8420144319534302,,,,3920.0,408
1207.0729984,1779695112.0395947,,0.844853401184082,,,,3930.0,409
1209.0880028,1779695114.0554175,,0.8527507781982422,,,,3940.0,410
1211.1112315,1779695116.0786362,,0.8449115753173828,,,,3950.0,411
1213.1320729,1779695118.099482,,0.8002269268035889,,,,3960.0,412
1215.118805,1779695120.086213,,0.8316804766654968,,,,3970.0,413
1217.0976173,1779695122.0643222,,0.8331477046012878,,,,3980.0,414
1219.0802403,1779695124.0473208,,0.835848331451416,,,,3990.0,415
1246.6834867,1779695151.6503122,0.6236294507980347,,,1.725709080696106,0.00018936387015941957,4000.0,416
1246.872008,1779695151.83882,,0.8186181783676147,,,,4000.0,417
1248.7480279,1779695153.7154365,,0.8411082625389099,,,,4010.0,418
1250.658788,1779695155.6261947,,0.8300740122795105,,,,4020.0,419
1252.6838665,1779695157.6512828,,0.8296905159950256,,,,4030.0,420
1254.7062206,1779695159.6736312,,0.8292296528816223,,,,4040.0,421
1256.7277411,1779695161.6951504,,0.8330219984054565,,,,4050.0,422
1258.7624498,1779695163.729867,,0.8271763324737549,,,,4060.0,423
1260.6249875,1779695165.5923991,,0.8158195614814758,,,,4070.0,424
1262.5380576,1779695167.505377,,0.8279645442962646,,,,4080.0,425
1264.4504996,1779695169.4179075,,0.8055142760276794,,,,4090.0,426
1266.4407684,1779695171.4081666,,0.8279545903205872,,,,4100.0,427
1268.4611699,1779695173.4285853,,0.8049412965774536,,,,4110.0,428
1270.4843659,1779695175.4516351,,0.8197410106658936,,,,4120.0,429
1272.5068961,1779695177.4741952,,0.8190312385559082,,,,4130.0,430
1274.5263232,1779695179.4934433,,0.8273367285728455,,,,4140.0,431
1276.5464367,1779695181.5138466,,0.8123488426208496,,,,4150.0,432
1278.5649354,1779695183.5321195,,0.8106512427330017,,,,4160.0,433
1280.5875505,1779695185.554898,,0.8134926557540894,,,,4170.0,434
1282.6049459,1779695187.5723531,,0.8267947435379028,,,,4180.0,435
1284.626215,1779695189.5934262,,0.8267418146133423,,,,4190.0,436
1286.6510882,1779695191.6190095,,0.8124804496765137,,,,4200.0,437
1288.673035,1779695193.6404502,,0.799068808555603,,,,4210.0,438
1290.6979055,1779695195.6658268,,0.8216590881347656,,,,4220.0,439
1292.7222599,1779695197.6895094,,0.8043916821479797,,,,4230.0,440
1294.7448813,1779695199.7128026,,0.8305073976516724,,,,4240.0,441
1322.9249307,1779695227.8917909,0.5952280759811401,,,1.7593835592269897,0.00015103031213214996,4250.0,442
1323.1130674,1779695228.080129,,0.8081339001655579,,,,4250.0,443
1324.9547743,1779695229.9217792,,0.7976953983306885,,,,4260.0,444
1326.796531,1779695231.763873,,0.8217722177505493,,,,4270.0,445
1328.7287309,1779695233.6960638,,0.7734187245368958,,,,4280.0,446
1330.7474249,1779695235.714761,,0.7950546741485596,,,,4290.0,447
1332.7693647,1779695237.7367797,,0.7883607745170593,,,,4300.0,448
1334.7908426,1779695239.7582173,,0.8343086838722229,,,,4310.0,449
1336.8099537,1779695241.7773693,,0.8182759284973145,,,,4320.0,450
1338.8302822,1779695243.79758,,0.8019579648971558,,,,4330.0,451
1340.8529713,1779695245.8200426,,0.7960792183876038,,,,4340.0,452
1342.8737205,1779695247.841111,,0.8231671452522278,,,,4350.0,453
1344.8941235,1779695249.8612826,,0.7988271713256836,,,,4360.0,454
1346.9164518,1779695251.8835087,,0.8122944235801697,,,,4370.0,455
1348.9385802,1779695253.9058638,,0.7780232429504395,,,,4380.0,456
1350.9639451,1779695255.931358,,0.8111682534217834,,,,4390.0,457
1352.9366948,1779695257.9041097,,0.8075212240219116,,,,4400.0,458
1354.8478316,1779695259.8151755,,0.8296486139297485,,,,4410.0,459
1356.7611584,1779695261.7283347,,0.8064897656440735,,,,4420.0,460
1358.6728531,1779695263.639879,,0.8051729798316956,,,,4430.0,461
1360.5885562,1779695265.5559714,,0.7891374230384827,,,,4440.0,462
1362.5004564,1779695267.4677217,,0.7869774103164673,,,,4450.0,463
1364.4141528,1779695269.381275,,0.7875764966011047,,,,4460.0,464
1366.326247,1779695271.2936606,,0.8075776696205139,,,,4470.0,465
1368.2406242,1779695273.208041,,0.7723061442375183,,,,4480.0,466
1370.2350044,1779695275.2023559,,0.8056188821792603,,,,4490.0,467
1398.1054398,1779695303.0719757,0.572223961353302,,,1.7747063636779785,0.00012292491384519912,4500.0,468
1398.3004756,1779695303.2678885,,0.7742581963539124,,,,4500.0,469
1400.2186147,1779695305.1860306,,0.7889312505722046,,,,4510.0,470
1402.1359301,1779695307.1033442,,0.7884259223937988,,,,4520.0,471
1404.0514855,1779695309.0189004,,0.7765968441963196,,,,4530.0,472
1405.9659478,1779695310.933361,,0.7927457094192505,,,,4540.0,473
1407.8865861,1779695312.8540025,,0.78922039270401,,,,4550.0,474
1409.8296384,1779695314.7970521,,0.7941779494285583,,,,4560.0,475
1411.8514467,1779695316.8188632,,0.7859923839569092,,,,4570.0,476
1413.8732458,1779695318.8398256,,0.777249276638031,,,,4580.0,477
1415.8938627,1779695320.860545,,0.7670658826828003,,,,4590.0,478
1417.9175696,1779695322.8849444,,0.7931528091430664,,,,4600.0,479
1419.9389461,1779695324.9061108,,0.7820565104484558,,,,4610.0,480
1421.9577439,1779695326.9250667,,0.7829770445823669,,,,4620.0,481
1423.980371,1779695328.9468198,,0.7718506455421448,,,,4630.0,482
1426.0000475,1779695330.967461,,0.7652250528335571,,,,4640.0,483
1428.0215413,1779695332.9887493,,0.7815638184547424,,,,4650.0,484
1429.989998,1779695334.9574134,,0.7689660787582397,,,,4660.0,485
1431.9573255,1779695336.9247406,,0.793612003326416,,,,4670.0,486
1433.9224622,1779695338.889879,,0.7890195250511169,,,,4680.0,487
1435.8852286,1779695340.8525581,,0.8016975522041321,,,,4690.0,488
1437.8458744,1779695342.8132908,,0.7763349413871765,,,,4700.0,489
1439.8097362,1779695344.777146,,0.7659318447113037,,,,4710.0,490
1441.7685252,1779695346.735748,,0.8002544641494751,,,,4720.0,491
1443.6798873,1779695348.6473033,,0.7730231881141663,,,,4730.0,492
1445.5747937,1779695350.5422077,,0.7765322327613831,,,,4740.0,493
1473.0128989,1779695377.9798136,0.5522180795669556,,,1.796393632888794,0.00010576819746349742,4750.0,494
1473.2015539,1779695378.1688983,,0.7857407331466675,,,,4750.0,495
1475.035836,1779695380.0032518,,0.7881196737289429,,,,4760.0,496
1476.9488181,1779695381.9154596,,0.7906892895698547,,,,4770.0,497
1478.9310189,1779695383.8977628,,0.7707823514938354,,,,4780.0,498
1480.9533923,1779695385.9208078,,0.7793974876403809,,,,4790.0,499
1482.977501,1779695387.9449172,,0.766355574131012,,,,4800.0,500
1484.9993215,1779695389.966732,,0.7767689228057861,,,,4810.0,501
1487.0245317,1779695391.9919,,0.7797623872756958,,,,4820.0,502
1489.0479178,1779695394.0146117,,0.7943400144577026,,,,4830.0,503
1491.0730171,1779695396.0401971,,0.7844376564025879,,,,4840.0,504
1493.0961807,1779695398.0635953,,0.7682992815971375,,,,4850.0,505
1495.1186248,1779695400.0860422,,0.7541871666908264,,,,4860.0,506
1497.1426499,1779695402.1099696,,0.7723166942596436,,,,4870.0,507
1499.1639057,1779695404.131322,,0.7629436254501343,,,,4880.0,508
1501.1865204,1779695406.1532376,,0.7666949033737183,,,,4890.0,509
1503.2082306,1779695408.1748445,,0.7736808061599731,,,,4900.0,510
1505.2314282,1779695410.1987264,,0.7634420990943909,,,,4910.0,511
1507.255298,1779695412.222472,,0.7664295434951782,,,,4920.0,512
1509.2583405,1779695414.2257552,,0.7721855044364929,,,,4930.0,513
1511.2552217,1779695416.22262,,0.7819134593009949,,,,4940.0,514
1513.2518771,1779695418.21929,,0.7564547657966614,,,,4950.0,515
1515.2519575,1779695420.2190537,,0.7641810774803162,,,,4960.0,516
1517.18409,1779695422.15144,,0.7748169898986816,,,,4970.0,517
1519.0979053,1779695424.0652554,,0.7695719003677368,,,,4980.0,518
1521.0143176,1779695425.9817326,,0.7617262005805969,,,,4990.0,519
1548.3779482,1779695453.3453338,0.5375778079032898,,,1.8090397119522095,0.0001,5000.0,520
1548.5659662,1779695453.5326118,,0.7787430882453918,,,,5000.0,521
1550.449495,1779695455.416545,,,"{'size': 272, '_type': 'html-file', 'sha256': 'a9ef31f44de87ab248e795eac2d522541dcb940d3011fb9174b612956124db63', 'path': 'media/html/Sample Generation_522_a9ef31f44de87ab248e7.html'}",,,,522
