val/loss,_timestamp,_step,Sample Generation,train/loss,train/step_loss,lr,iter,_runtime
4.103899002075195,1779695475.5456972,0,,4.101020336151123,,9.900990099009901e-06,0.0,16.6774239
,1779695475.7053874,1,,,4.141645431518555,,0.0,16.8366225
,1779695477.0935004,2,,,3.117215633392334,,10.0,18.2251206
,1779695478.4938636,3,,,2.7674307823181152,,20.0,19.6254469
,1779695479.8812995,4,,,2.63470196723938,,30.0,21.0126906
,1779695481.277173,5,,,2.580343246459961,,40.0,22.4084649
,1779695482.667408,6,,,2.529968023300171,,50.0,23.7986398
,1779695484.100396,7,,,2.5169758796691895,,60.0,25.2316322
,1779695485.5712712,8,,,2.4876134395599365,,70.0,26.7025321
,1779695487.0607674,9,,,2.4856653213500977,,80.0,28.1920123
,1779695488.488899,10,,,2.4841506481170654,,90.0,29.620381
,1779695489.913304,11,,,2.4574601650238037,,100.0,31.0455382
,1779695491.337131,12,,,2.4573416709899902,,110.0,32.4684615
,1779695492.7479708,13,,,2.4074931144714355,,120.0,33.879758
,1779695494.1456594,14,,,2.4225966930389404,,130.0,35.2768915
,1779695495.5718765,15,,,2.4127824306488037,,140.0,36.7038688
,1779695497.0155387,16,,,2.3785197734832764,,150.0,38.1467739
,1779695498.4626484,17,,,2.395401954650879,,160.0,39.594349
,1779695499.9079125,18,,,2.348670721054077,,170.0,41.0391854
,1779695501.369952,19,,,2.3187508583068848,,180.0,42.5011828
,1779695502.8998005,20,,,2.2930493354797363,,190.0,44.0310484
,1779695504.4245477,21,,,2.2555923461914062,,200.0,45.555778
,1779695505.9986086,22,,,2.2176358699798584,,210.0,47.1300488
,1779695507.5736752,23,,,2.200376033782959,,220.0,48.7049061
,1779695509.1404238,24,,,2.147132635116577,,230.0,50.2716537
,1779695510.717653,25,,,2.1163976192474365,,240.0,51.8490224
2.116088628768921,1779695528.75049,26,,2.0257680416107178,,0.0009979206008271391,250.0,69.8816292
,1779695528.894907,27,,,2.0763156414031982,,250.0,70.0261394
,1779695530.291301,28,,,2.0432662963867188,,260.0,71.4225342
,1779695531.6870737,29,,,2.0203371047973633,,270.0,72.8183126
,1779695533.2133071,30,,,2.0411429405212402,,280.0,74.3445422
,1779695534.7891982,31,,,1.9818098545074463,,290.0,75.9207179
,1779695536.3665004,32,,,1.9349613189697266,,300.0,77.4979126
,1779695537.9393497,33,,,1.9145865440368652,,310.0,79.0713454
,1779695539.5165727,34,,,1.890523076057434,,320.0,80.647834
,1779695541.0934765,35,,,1.846901774406433,,330.0,82.22471
,1779695542.6696131,36,,,1.829714059829712,,340.0,83.8008446
,1779695544.246857,37,,,1.8035441637039185,,350.0,85.3780897
,1779695545.8226671,38,,,1.7929946184158325,,360.0,86.9539005
,1779695547.3857057,39,,,1.810373306274414,,370.0,88.5169391
,1779695548.9236526,40,,,1.7826629877090454,,380.0,90.0549143
,1779695550.4582083,41,,,1.7967275381088257,,390.0,91.5894401
,1779695551.955004,42,,,1.752664566040039,,400.0,93.086899
,1779695553.4107375,43,,,1.714259147644043,,410.0,94.5420768
,1779695554.8671327,44,,,1.6954129934310913,,420.0,95.9983993
,1779695556.3234334,45,,,1.7192533016204834,,430.0,97.454666
,1779695557.7791457,46,,,1.6810868978500366,,440.0,98.9103789
,1779695559.2360182,47,,,1.6635209321975708,,450.0,100.3674399
,1779695560.6899006,48,,,1.6805840730667114,,460.0,101.8216813
,1779695562.1490366,49,,,1.6375172138214111,,470.0,103.2803844
,1779695563.6061947,50,,,1.6594305038452148,,480.0,104.7374277
,1779695565.063062,51,,,1.585750699043274,,490.0,106.1945163
1.729888916015625,1779695582.349532,52,,1.5360145568847656,,0.0009852826883675631,500.0,123.480786
,1779695582.494597,53,,,1.6058653593063354,,500.0,123.6258278
,1779695583.8985176,54,,,1.6301825046539307,,510.0,125.030003
,1779695585.3254437,55,,,1.5676391124725342,,520.0,126.4566771
,1779695586.8410988,56,,,1.5625519752502441,,530.0,127.9723311
,1779695588.3517282,57,,,1.562084674835205,,540.0,129.4831746
,1779695589.8703172,58,,,1.5848468542099,,550.0,131.0017621
,1779695591.3845835,59,,,1.5278693437576294,,560.0,132.5158183
,1779695592.915988,60,,,1.521224021911621,,570.0,134.0474493
,1779695594.4808097,61,,,1.547845721244812,,580.0,135.6120428
,1779695596.0405247,62,,,1.5559546947479248,,590.0,137.1717587
,1779695597.5978708,63,,,1.5339208841323853,,600.0,138.7291015
,1779695599.155698,64,,,1.5241707563400269,,610.0,140.286931
,1779695600.7131946,65,,,1.5355613231658936,,620.0,141.8444266
,1779695602.2716353,66,,,1.519883155822754,,630.0,143.4029731
,1779695603.8322182,67,,,1.4912116527557373,,640.0,144.9634529
,1779695605.3886757,68,,,1.4762299060821533,,650.0,146.5199081
,1779695606.9026139,69,,,1.4987598657608032,,660.0,148.0338458
,1779695608.386155,70,,,1.4825750589370728,,670.0,149.5176763
,1779695609.8679578,71,,,1.471659779548645,,680.0,150.9993541
,1779695611.3509164,72,,,1.4526828527450562,,690.0,152.4821495
,1779695612.854002,73,,,1.4567937850952148,,700.0,153.9852339
,1779695614.4320412,74,,,1.4447048902511597,,710.0,155.5632759
,1779695616.0087125,75,,,1.463422179222107,,720.0,157.1405084
,1779695617.5451198,76,,,1.423842430114746,,730.0,158.6763539
,1779695619.0634935,77,,,1.40422785282135,,740.0,160.1947234
1.5898035764694214,1779695636.4715707,78,,1.3592664003372192,,0.0009614856803571157,750.0,177.6033517
,1779695636.6173775,79,,,1.4426518678665161,,750.0,177.7487404
,1779695638.0234203,80,,,1.4119164943695068,,760.0,179.1546529
,1779695639.4203095,81,,,1.4215877056121826,,770.0,180.5515421
,1779695640.823445,82,,,1.4370741844177246,,780.0,181.9546789
,1779695642.2427835,83,,,1.3936779499053955,,790.0,183.374014
,1779695643.6596205,84,,,1.3879497051239014,,800.0,184.7903473
,1779695645.1258955,85,,,1.3905822038650513,,810.0,186.2572777
,1779695646.7039838,86,,,1.4214285612106323,,820.0,187.8351502
,1779695648.279194,87,,,1.3897265195846558,,830.0,189.4104287
,1779695649.8553557,88,,,1.3662441968917847,,840.0,190.986588
,1779695651.4314723,89,,,1.3747445344924927,,850.0,192.5628671
,1779695653.0091398,90,,,1.4081850051879883,,860.0,194.1405215
,1779695654.5850022,91,,,1.3953235149383545,,870.0,195.7169888
,1779695656.0908759,92,,,1.3691617250442505,,880.0,197.2221077
,1779695657.5902953,93,,,1.3853875398635864,,890.0,198.7215697
,1779695659.0903242,94,,,1.385611891746521,,900.0,200.2215608
,1779695660.5888722,95,,,1.3414500951766968,,910.0,201.7201052
,1779695662.0909894,96,,,1.360600233078003,,920.0,203.2222604
,1779695663.5900853,97,,,1.3654837608337402,,930.0,204.7213184
,1779695665.0919304,98,,,1.3313755989074707,,940.0,206.2231673
,1779695666.6251833,99,,,1.3466823101043701,,950.0,207.7570659
,1779695668.205663,100,,,1.3841583728790283,,960.0,209.3369348
,1779695669.7657633,101,,,1.3138188123703003,,970.0,210.8970467
,1779695671.3064256,102,,,1.3408139944076538,,980.0,212.4376602
,1779695672.848929,103,,,1.364277720451355,,990.0,213.9802657
1.5253597497940063,1779695690.1292288,104,,1.2752676010131836,,0.0009271396472013282,1000.0,231.2614624
,1779695690.2730007,105,,,1.3366332054138184,,1000.0,231.4045206
,1779695691.7639477,106,,,1.3508961200714111,,1010.0,232.8951815
,1779695693.2706027,107,,,1.3527969121932983,,1020.0,234.4019566
,1779695694.7791767,108,,,1.3054970502853394,,1030.0,235.9104104
,1779695696.2897894,109,,,1.3313236236572266,,1040.0,237.4214771
,1779695697.7966204,110,,,1.3525272607803345,,1050.0,238.9287378
,1779695699.327775,111,,,1.332215428352356,,1060.0,240.4595429
,1779695700.8615458,112,,,1.3018252849578857,,1070.0,241.9928012
,1779695702.3918817,113,,,1.3349312543869019,,1080.0,243.5238808
,1779695703.9249017,114,,,1.3266830444335938,,1090.0,245.0561333
,1779695705.4580379,115,,,1.3276786804199219,,1100.0,246.5892701
,1779695706.9389398,116,,,1.3311879634857178,,1110.0,248.0702675
,1779695708.3326604,117,,,1.3053523302078247,,1120.0,249.4638933
,1779695709.7738338,118,,,1.321791410446167,,1130.0,250.9050684
,1779695711.2816389,119,,,1.2870887517929077,,1140.0,252.4128719
,1779695712.7893255,120,,,1.3196628093719482,,1150.0,253.9205623
,1779695714.2969096,121,,,1.2838047742843628,,1160.0,255.4283076
,1779695715.8030267,122,,,1.267174482345581,,1170.0,256.9342592
,1779695717.3091724,123,,,1.307838797569275,,1180.0,258.441053
,1779695718.8162713,124,,,1.2922357320785522,,1190.0,259.9475034
,1779695720.340148,125,,,1.274139404296875,,1200.0,261.4714986
,1779695721.8754833,126,,,1.291666030883789,,1210.0,263.0067142
,1779695723.389405,127,,,1.2801262140274048,,1220.0,264.520665
,1779695724.9038134,128,,,1.3133031129837036,,1230.0,266.0350438
,1779695726.4187145,129,,,1.2351723909378052,,1240.0,267.5502339
1.489587426185608,1779695743.7447577,130,,1.203495979309082,,0.000883125098683892,1250.0,284.876485
,1779695743.8884547,131,,,1.2705776691436768,,1250.0,285.0197091
,1779695745.2958593,132,,,1.270527958869934,,1260.0,286.4270915
,1779695746.8115537,133,,,1.2455497980117798,,1270.0,287.9429114
,1779695748.3387175,134,,,1.3150714635849,,1280.0,289.4704451
,1779695749.866511,135,,,1.266326665878296,,1290.0,290.9977415
,1779695751.3903525,136,,,1.2750661373138428,,1300.0,292.5216142
,1779695752.918657,137,,,1.2694716453552246,,1310.0,294.04989
,1779695754.4446325,138,,,1.2388007640838623,,1320.0,295.5761645
,1779695755.9746387,139,,,1.2469059228897095,,1330.0,297.1061539
,1779695757.5001953,140,,,1.279439926147461,,1340.0,298.6314269
,1779695759.0544477,141,,,1.2444016933441162,,1350.0,300.1856809
,1779695760.6324754,142,,,1.2409454584121704,,1360.0,301.763709
,1779695762.2090256,143,,,1.2571202516555786,,1370.0,303.3404939
,1779695763.7690547,144,,,1.239107370376587,,1380.0,304.9002879
,1779695765.2883193,145,,,1.255454659461975,,1390.0,306.4198996
,1779695766.8514013,146,,,1.2407082319259644,,1400.0,307.9828584
,1779695768.4320939,147,,,1.2394907474517822,,1410.0,309.5633274
,1779695770.003855,148,,,1.2462103366851807,,1420.0,311.1351474
,1779695771.5677245,149,,,1.2409260272979736,,1430.0,312.6992137
,1779695773.056385,150,,,1.2275352478027344,,1440.0,314.1885753
,1779695774.516454,151,,,1.2251497507095337,,1450.0,315.6479474
,1779695775.9349186,152,,,1.2249168157577515,,1460.0,317.066152
,1779695777.3484445,153,,,1.2406182289123535,,1470.0,318.4798109
,1779695778.7833183,154,,,1.239229440689087,,1480.0,319.9146542
,1779695780.2722929,155,,,1.2080186605453491,,1490.0,321.4037177
1.4867128133773804,1779695798.7767942,156,,1.1555249691009521,,0.0008305704108364302,1500.0,339.9085219
,1779695798.9345229,157,,,1.2647216320037842,,1500.0,340.0657566
,1779695800.491061,158,,,1.2201706171035767,,1510.0,341.6223663
,1779695802.0391684,159,,,1.1990946531295776,,1520.0,343.1704003
,1779695803.5275311,160,,,1.206070899963379,,1530.0,344.6587758
,1779695805.0019097,161,,,1.2166146039962769,,1540.0,346.1331526
,1779695806.526976,162,,,1.238439917564392,,1550.0,347.6583871
,1779695808.0252142,163,,,1.1911132335662842,,1560.0,349.1564443
,1779695809.5530286,164,,,1.2150185108184814,,1570.0,350.6853007
,1779695811.1382608,165,,,1.2315057516098022,,1580.0,352.2705134
,1779695812.6646893,166,,,1.221409559249878,,1590.0,353.7959223
,1779695814.1674898,167,,,1.2096517086029053,,1600.0,355.2988274
,1779695815.6149583,168,,,1.2169300317764282,,1610.0,356.7461908
,1779695817.065335,169,,,1.1925146579742432,,1620.0,358.196568
,1779695818.5253952,170,,,1.2038811445236206,,1630.0,359.6571208
,1779695820.007904,171,,,1.2156860828399658,,1640.0,361.1392093
,1779695821.4640977,172,,,1.1763265132904053,,1650.0,362.5954006
,1779695822.924584,173,,,1.1993861198425293,,1660.0,364.0558166
,1779695824.4324462,174,,,1.1929019689559937,,1670.0,365.56368
,1779695825.9118032,175,,,1.198559045791626,,1680.0,367.043238
,1779695827.4376483,176,,,1.1954289674758911,,1690.0,368.5688809
,1779695828.9210074,177,,,1.1698732376098633,,1700.0,370.0522749
,1779695830.44544,178,,,1.199073076248169,,1710.0,371.576675
,1779695832.0544822,179,,,1.1928329467773438,,1720.0,373.1860738
,1779695833.6773684,180,,,1.171235203742981,,1730.0,374.8087675
,1779695835.2134876,181,,,1.1817975044250488,,1740.0,376.3448132
1.4710241556167603,1779695855.4048538,182,,1.1057097911834717,,0.0007708228984017721,1750.0,396.6400485
,1779695856.0901804,183,,,1.1986688375473022,,1750.0,397.2235303
,1779695857.697683,184,,,1.2017054557800293,,1760.0,398.8291802
,1779695859.370909,185,,,1.1719340085983276,,1770.0,400.5026995
,1779695860.9601052,186,,,1.1658095121383667,,1780.0,402.0920247
,1779695862.4858644,187,,,1.1847422122955322,,1790.0,403.6180545
,1779695863.9395406,188,,,1.171071171760559,,1800.0,405.0713203
,1779695865.349599,189,,,1.1707450151443481,,1810.0,406.4809594
,1779695866.8535457,190,,,1.1791563034057617,,1820.0,407.9847821
,1779695868.417759,191,,,1.206117868423462,,1830.0,409.5543429
,1779695870.008863,192,,,1.1781890392303467,,1840.0,411.1407783
,1779695871.575146,193,,,1.1730533838272095,,1850.0,412.7064997
,1779695873.1406045,194,,,1.154767632484436,,1860.0,414.2718377
,1779695874.7868242,195,,,1.1421914100646973,,1870.0,415.9185947
,1779695876.4129326,196,,,1.183019757270813,,1880.0,417.5441741
,1779695877.9564424,197,,,1.1585887670516968,,1890.0,419.0885436
,1779695879.502826,198,,,1.1792694330215454,,1900.0,420.6340823
,1779695881.1340563,199,,,1.1418217420578003,,1910.0,422.2652906
,1779695882.76408,200,,,1.1708805561065674,,1920.0,423.8953123
,1779695884.30693,201,,,1.178726315498352,,1930.0,425.4387809
,1779695885.850795,202,,,1.1753647327423096,,1940.0,426.982603
,1779695887.3949854,203,,,1.1329762935638428,,1950.0,428.5263358
,1779695888.9366784,204,,,1.1549886465072632,,1960.0,430.0679458
,1779695890.4759886,205,,,1.1460100412368774,,1970.0,431.6072264
,1779695892.1440651,206,,,1.1222859621047974,,1980.0,433.2762976
,1779695893.7817516,207,,,1.1329611539840698,,1990.0,434.9130043
1.4791862964630127,1779695912.2625642,208,,1.0588328838348389,,0.0007054142744895884,2000.0,453.3942889
,1779695912.4102607,209,,,1.1320390701293945,,2000.0,453.5416948
,1779695913.8841577,210,,,1.144655466079712,,2010.0,455.015391
,1779695915.414143,211,,,1.1354202032089233,,2020.0,456.546949
,1779695916.9515972,212,,,1.127443552017212,,2030.0,458.0828286
,1779695918.4891477,213,,,1.1469026803970337,,2040.0,459.6203858
,1779695920.028114,214,,,1.1421676874160767,,2050.0,461.1588409
,1779695921.5668058,215,,,1.1409544944763184,,2060.0,462.6982481
,1779695923.104309,216,,,1.143633484840393,,2070.0,464.2355441
,1779695924.642973,217,,,1.1312133073806763,,2080.0,465.7742139
,1779695926.2827618,218,,,1.1618540287017822,,2090.0,467.4148498
,1779695927.9834573,219,,,1.1390472650527954,,2100.0,469.1149456
,1779695929.5770538,220,,,1.1200639009475708,,2110.0,470.7082922
,1779695931.1204786,221,,,1.1310234069824219,,2120.0,472.2517401
,1779695932.6647136,222,,,1.1065821647644043,,2130.0,473.7959517
,1779695934.2075443,223,,,1.134718418121338,,2140.0,475.3387853
,1779695935.7457724,224,,,1.1248624324798584,,2150.0,476.8770093
,1779695937.3492813,225,,,1.1116504669189453,,2160.0,478.4805226
,1779695939.0259223,226,,,1.1206036806106567,,2170.0,480.1589997
,1779695940.6110773,227,,,1.1118789911270142,,2180.0,481.7423173
,1779695942.1319692,228,,,1.0941954851150513,,2190.0,483.2632117
,1779695943.6501517,229,,,1.1428474187850952,,2200.0,484.7813892
,1779695945.1720617,230,,,1.09641432762146,,2210.0,486.3033926
,1779695946.689151,231,,,1.0980072021484375,,2220.0,487.8204674
,1779695948.2080297,232,,,1.1263236999511719,,2230.0,489.3392599
,1779695949.844498,233,,,1.107898473739624,,2240.0,490.9757365
1.4860605001449585,1779695967.2641773,234,,1.016352891921997,,0.0006360213829156177,2250.0,508.3954138
,1779695967.4090595,235,,,1.1162912845611572,,2250.0,508.5402917
,1779695968.790247,236,,,1.0751543045043945,,2260.0,509.9214794
,1779695970.2544706,237,,,1.1115942001342773,,2270.0,511.3860403
,1779695971.8678873,238,,,1.1098713874816895,,2280.0,512.9991746
,1779695973.5638628,239,,,1.0927150249481201,,2290.0,514.6951947
,1779695975.157346,240,,,1.0610215663909912,,2300.0,516.2886523
,1779695976.698712,241,,,1.130336046218872,,2310.0,517.8308773
,1779695978.239559,242,,,1.0906729698181152,,2320.0,519.3714591
,1779695979.7770383,243,,,1.098799467086792,,2330.0,520.9082989
,1779695981.3160617,244,,,1.1178510189056396,,2340.0,522.4472925
,1779695982.886582,245,,,1.0904242992401123,,2350.0,524.0188367
,1779695984.5860815,246,,,1.069170594215393,,2360.0,525.7175224
,1779695986.1909924,247,,,1.0904133319854736,,2370.0,527.3222262
,1779695987.7334764,248,,,1.1098201274871826,,2380.0,528.8655212
,1779695989.2758975,249,,,1.067233920097351,,2390.0,530.4071342
,1779695990.8178227,250,,,1.0910818576812744,,2400.0,531.9490551
,1779695992.3573613,251,,,1.07565438747406,,2410.0,533.4885949
,1779695993.8972843,252,,,1.1019365787506104,,2420.0,535.0290918
,1779695995.5776558,253,,,1.077254056930542,,2430.0,536.7098493
,1779695997.2460482,254,,,1.0739753246307373,,2440.0,538.3782808
,1779695998.7211664,255,,,1.066804051399231,,2450.0,539.8533188
,1779696000.1996644,256,,,1.0806596279144287,,2460.0,541.331002
,1779696001.7384713,257,,,1.0831180810928345,,2470.0,542.8697037
,1779696003.2753072,258,,,1.0713773965835571,,2480.0,544.4075403
,1779696004.8133135,259,,,1.0694478750228882,,2490.0,545.9446361
1.5098719596862793,1779696022.2278595,260,,0.9688951373100281,,0.000564423209907245,2500.0,563.359791
,1779696022.3695827,261,,,1.0497044324874878,,2500.0,563.500814
,1779696023.799325,262,,,1.0725866556167603,,2510.0,564.9310161
,1779696025.2549458,263,,,1.1052731275558472,,2520.0,566.3861797
,1779696026.7818785,264,,,1.0646378993988037,,2530.0,567.9131114
,1779696028.320979,265,,,1.0885772705078125,,2540.0,569.4524873
,1779696030.0109086,266,,,1.0711067914962769,,2550.0,571.1422396
,1779696031.6982446,267,,,1.089855432510376,,2560.0,572.8298591
,1779696033.2379584,268,,,1.0410447120666504,,2570.0,574.3691922
,1779696034.7804198,269,,,1.0852502584457397,,2580.0,575.9126266
,1779696036.3189204,270,,,1.057861089706421,,2590.0,577.4501566
,1779696037.8569393,271,,,1.0806772708892822,,2600.0,578.9881698
,1779696039.3935902,272,,,1.047107458114624,,2610.0,580.5254707
,1779696041.064696,273,,,1.0631805658340454,,2620.0,582.1959301
,1779696042.6681693,274,,,1.0821561813354492,,2630.0,583.7994025
,1779696044.1715531,275,,,1.0693072080612183,,2640.0,585.3035807
,1779696045.6578798,276,,,1.0587035417556763,,2650.0,586.7897816
,1779696047.147498,277,,,1.066238522529602,,2660.0,588.2787296
,1779696048.6469579,278,,,1.031251072883606,,2670.0,589.7781912
,1779696050.1839697,279,,,1.0391435623168945,,2680.0,591.3158201
,1779696051.7867584,280,,,1.0241942405700684,,2690.0,592.9187774
,1779696053.4498587,281,,,1.0442287921905518,,2700.0,594.5812561
,1779696055.0369413,282,,,1.051788330078125,,2710.0,596.1683465
,1779696056.559811,283,,,1.009050726890564,,2720.0,597.6911545
,1779696058.0839183,284,,,1.0358595848083496,,2730.0,599.2151514
,1779696059.6042054,285,,,1.0321582555770874,,2740.0,600.735467
1.5230680704116821,1779696076.9078925,286,,0.9215469360351562,,0.0004924552772419723,2750.0,618.0391249
,1779696077.0637894,287,,,1.0367621183395386,,2750.0,618.1951966
,1779696078.4657462,288,,,1.0253772735595703,,2760.0,619.5969765
,1779696079.9216096,289,,,1.0351293087005615,,2770.0,621.0535982
,1779696081.3766108,290,,,1.0377763509750366,,2780.0,622.5087283
,1779696082.8401484,291,,,1.0088131427764893,,2790.0,623.9716015
,1779696084.338422,292,,,1.0411015748977661,,2800.0,625.4696571
,1779696085.9068136,293,,,1.0070949792861938,,2810.0,627.0380482
,1779696087.59019,294,,,1.0440499782562256,,2820.0,628.7215622
,1779696089.2076006,295,,,1.0291862487792969,,2830.0,630.3388336
,1779696090.736591,296,,,1.046431303024292,,2840.0,631.868782
,1779696092.26847,297,,,0.9903417825698853,,2850.0,633.3997024
,1779696093.8007915,298,,,1.0319477319717407,,2860.0,634.932132
,1779696095.3349648,299,,,0.994780421257019,,2870.0,636.4661965
,1779696096.8742218,300,,,1.0128618478775024,,2880.0,638.0060852
,1779696098.561332,301,,,1.03090500831604,,2890.0,639.693333
,1779696100.167959,302,,,1.0111995935440063,,2900.0,641.2994425
,1779696101.585813,303,,,1.012244462966919,,2910.0,642.7172208
,1779696102.9973834,304,,,1.0237534046173096,,2920.0,644.1286164
,1779696104.4089234,305,,,1.0073668956756592,,2930.0,645.5402598
,1779696105.8177648,306,,,1.0036500692367554,,2940.0,646.9490355
,1779696107.2221882,307,,,0.9863854646682739,,2950.0,648.3542019
,1779696108.629977,308,,,0.9842689633369446,,2960.0,649.7614517
,1779696110.1067774,309,,,1.0066337585449219,,2970.0,651.2380353
,1779696111.6180124,310,,,1.0048887729644775,,2980.0,652.7497752
,1779696113.1605606,311,,,1.0074597597122192,,2990.0,654.2918189
1.5448193550109863,1779696130.6897964,312,,0.876339852809906,,0.0004219625860160354,3000.0,671.8217313
,1779696130.8313065,313,,,1.0171175003051758,,3000.0,671.9628681
,1779696132.2678788,314,,,1.004839539527893,,3010.0,673.3991256
,1779696133.7095332,315,,,0.997927725315094,,3020.0,674.8407673
,1779696135.2986915,316,,,0.9962447881698608,,3030.0,676.4299235
,1779696136.8394887,317,,,1.0053735971450806,,3040.0,677.971733
,1779696138.3845625,318,,,1.0006113052368164,,3050.0,679.5162113
,1779696139.925635,319,,,0.9963700175285339,,3060.0,681.0568675
,1779696141.462247,320,,,0.9869150519371033,,3070.0,682.5943873
,1779696143.003417,321,,,0.997945249080658,,3080.0,684.134688
,1779696144.6912227,322,,,1.0072935819625854,,3090.0,685.8225749
,1779696146.252659,323,,,0.9734877347946167,,3100.0,687.3839
,1779696147.7016659,324,,,0.9843525886535645,,3110.0,688.832897
,1779696149.097356,325,,,1.009766697883606,,3120.0,690.2289408
,1779696150.4892397,326,,,0.9822698831558228,,3130.0,691.6208181
,1779696151.8879,327,,,0.9765225648880005,,3140.0,693.0191503
,1779696153.2783031,328,,,0.9741523265838623,,3150.0,694.4105536
,1779696154.728954,329,,,0.9876728057861328,,3160.0,695.8601928
,1779696156.2214572,330,,,0.9798452854156494,,3170.0,697.3528571
,1779696157.7571404,331,,,0.9701446294784546,,3180.0,698.888534
,1779696159.292713,332,,,0.955971360206604,,3190.0,700.423944
,1779696160.8285484,333,,,0.975888192653656,,3200.0,701.9597791
,1779696162.3634188,334,,,0.9690965414047241,,3210.0,703.4946498
,1779696163.8979683,335,,,0.9664599895477295,,3220.0,705.0291983
,1779696165.4328308,336,,,0.9854757189750671,,3230.0,706.5651249
,1779696167.0749996,337,,,0.9636735916137695,,3240.0,708.2067857
1.5511265993118286,1779696184.9105647,338,,0.8334786891937256,,0.00035475231739709885,3250.0,726.0422917
,1779696185.0521812,339,,,0.9866981506347656,,3250.0,726.1836335
,1779696186.4302738,340,,,0.9629358053207397,,3260.0,727.5615051
,1779696187.786567,341,,,0.9646656513214111,,3270.0,728.9172937
,1779696189.2893844,342,,,0.9720565676689148,,3280.0,730.4215516
,1779696190.9612262,343,,,0.9776535034179688,,3290.0,732.093496
,1779696192.5597758,344,,,1.0002552270889282,,3300.0,733.6910061
,1779696194.0866067,345,,,0.9655142426490784,,3310.0,735.2181091
,1779696195.6107724,346,,,0.9532356262207031,,3320.0,736.742463
,1779696197.1342037,347,,,0.9809622168540955,,3330.0,738.2664551
,1779696198.665838,348,,,0.9471536874771118,,3340.0,739.7970688
,1779696200.202112,349,,,0.9718824028968811,,3350.0,741.3333426
,1779696201.8762226,350,,,0.9703351855278015,,3360.0,743.0080374
,1779696203.4921327,351,,,0.9607089757919312,,3370.0,744.6233656
,1779696204.9710672,352,,,0.9417519569396973,,3380.0,746.1025832
,1779696206.442476,353,,,0.9533853530883789,,3390.0,747.5737424
,1779696207.909009,354,,,0.9334255456924438,,3400.0,749.0402427
,1779696209.377781,355,,,0.9530578255653381,,3410.0,750.5103598
,1779696210.8420007,356,,,0.9444399476051331,,3420.0,751.9732335
,1779696212.3085132,357,,,0.9449596405029297,,3430.0,753.4397451
,1779696213.7810686,358,,,0.9274554252624512,,3440.0,754.913189
,1779696215.3193429,359,,,0.9338987469673157,,3450.0,756.4512413
,1779696216.8560998,360,,,0.9617511034011841,,3460.0,757.9876134
,1779696218.383332,361,,,0.9295636415481567,,3470.0,759.5146095
,1779696219.8782794,362,,,0.9589709639549255,,3480.0,761.0099769
,1779696221.3246658,363,,,0.9248372316360474,,3490.0,762.4565283
1.5847479104995728,1779696238.9532652,364,,0.7932038903236389,,0.0002925475029450237,3500.0,780.0850778
,1779696239.0955143,365,,,0.9403230547904968,,3500.0,780.2274432
,1779696240.4761522,366,,,0.966019332408905,,3510.0,781.6076129
,1779696241.9766128,367,,,0.9418654441833496,,3520.0,783.107935
,1779696243.518286,368,,,0.9443783760070801,,3530.0,784.6495176
,1779696245.0557578,369,,,0.9374441504478455,,3540.0,786.1869915
,1779696246.6037009,370,,,0.9149728417396545,,3550.0,787.734937
,1779696248.3116572,371,,,0.9232694506645203,,3560.0,789.4429414
,1779696249.9367723,372,,,0.9302399754524231,,3570.0,791.0680052
,1779696251.339186,373,,,0.9201474785804749,,3580.0,792.4705124
,1779696252.8315973,374,,,0.9406496286392212,,3590.0,793.9628317
,1779696254.3238783,375,,,0.9200551509857178,,3600.0,795.4551947
,1779696255.8185406,376,,,0.9247462749481201,,3610.0,796.9503021
,1779696257.2644863,377,,,0.9280799627304077,,3620.0,798.3957172
,1779696258.681953,378,,,0.9328213930130005,,3630.0,799.8134152
,1779696260.0909204,379,,,0.9328303337097168,,3640.0,801.2223014
,1779696261.5003827,380,,,0.9215184450149536,,3650.0,802.6326239
,1779696262.9186115,381,,,0.9207602739334106,,3660.0,804.0500853
,1779696264.427229,382,,,0.9140372276306152,,3670.0,805.5584603
,1779696265.9369066,383,,,0.917673647403717,,3680.0,807.0681394
,1779696267.440655,384,,,0.93463534116745,,3690.0,808.5723831
,1779696268.9509234,385,,,0.9267363548278809,,3700.0,810.0821654
,1779696270.5618222,386,,,0.9135833382606506,,3710.0,811.6935723
,1779696272.0624883,387,,,0.9330074191093445,,3720.0,813.1937224
,1779696273.4427018,388,,,0.9268284440040588,,3730.0,814.5739352
,1779696274.7895975,389,,,0.9225234985351562,,3740.0,815.9211245
1.6065140962600708,1779696292.0458415,390,,0.756256639957428,,0.00023694285222843113,3750.0,833.1780027
,1779696292.188202,391,,,0.8940691947937012,,3750.0,833.319459
,1779696293.681749,392,,,0.9033968448638916,,3760.0,834.8129817
,1779696295.3029985,393,,,0.9030488133430481,,3770.0,836.4348952
,1779696296.8542106,394,,,0.9224473834037781,,3780.0,837.9860172
,1779696298.3957691,395,,,0.9208093285560608,,3790.0,839.5270017
,1779696299.936029,396,,,0.9406617879867554,,3800.0,841.067756
,1779696301.4779418,397,,,0.8992779850959778,,3810.0,842.6095465
,1779696303.0107136,398,,,0.9155765175819397,,3820.0,844.142512
,1779696304.5528097,399,,,0.8949440717697144,,3830.0,845.6850514
,1779696306.0909717,400,,,0.9095479249954224,,3840.0,847.2222621
,1779696307.6274757,401,,,0.8922435641288757,,3850.0,848.7587103
,1779696309.1651947,402,,,0.9251819849014282,,3860.0,850.2965281
,1779696310.6927013,403,,,0.8936948776245117,,3870.0,851.8246987
,1779696312.0993109,404,,,0.90191650390625,,3880.0,853.2305433
,1779696313.4960256,405,,,0.893729031085968,,3890.0,854.62726
,1779696314.8980603,406,,,0.8804354667663574,,3900.0,856.0292948
,1779696316.3907945,407,,,0.8992782831192017,,3910.0,857.5222558
,1779696317.928563,408,,,0.8935368061065674,,3920.0,859.0606954
,1779696319.447107,409,,,0.9110406637191772,,3930.0,860.5783413
,1779696320.943344,410,,,0.8999273180961609,,3940.0,862.0745768
,1779696322.4545965,411,,,0.8957932591438293,,3950.0,863.5866251
,1779696323.993832,412,,,0.9016283750534058,,3960.0,865.1250634
,1779696325.5310056,413,,,0.8902645707130432,,3970.0,866.6623542
,1779696327.0993483,414,,,0.9110386371612549,,3980.0,868.2305816
,1779696328.7779434,415,,,0.8835195302963257,,3990.0,869.9094517
1.6333118677139282,1779696346.9126391,416,,0.7250576615333557,,0.00018936387015941957,4000.0,888.0437894
,1779696347.0529568,417,,,0.9071849584579468,,4000.0,888.184965
,1779696348.418657,418,,,0.9065214991569519,,4010.0,889.5507762
,1779696349.7744231,419,,,0.8841667175292969,,4020.0,890.9056569
,1779696351.157707,420,,,0.8871980905532837,,4030.0,892.2890786
,1779696352.6087801,421,,,0.8999724388122559,,4040.0,893.7400142
,1779696354.052713,422,,,0.9035881161689758,,4050.0,895.1839449
,1779696355.5274336,423,,,0.8887048363685608,,4060.0,896.6591626
,1779696357.0558748,424,,,0.8732551336288452,,4070.0,898.1873251
,1779696358.5927436,425,,,0.8892189860343933,,4080.0,899.7248089
,1779696360.1297843,426,,,0.8828474283218384,,4090.0,901.2610189
,1779696361.7348323,427,,,0.8787957429885864,,4100.0,902.8665238
,1779696363.436645,428,,,0.8987310528755188,,4110.0,904.5678834
,1779696365.0437407,429,,,0.8941551446914673,,4120.0,906.1758404
,1779696366.5809002,430,,,0.8743752241134644,,4130.0,907.7121332
,1779696368.1229143,431,,,0.8860471248626709,,4140.0,909.2542706
,1779696369.6635754,432,,,0.8576541543006897,,4150.0,910.7948082
,1779696371.1985006,433,,,0.8732055425643921,,4160.0,912.3297331
,1779696372.7495136,434,,,0.8607739210128784,,4170.0,913.8807482
,1779696374.3981028,435,,,0.8831961750984192,,4180.0,915.530146
,1779696375.890943,436,,,0.8820920586585999,,4190.0,917.0216699
,1779696377.300338,437,,,0.8829511404037476,,4200.0,918.4310648
,1779696378.7154477,438,,,0.8880503177642822,,4210.0,919.8466805
,1779696380.1266127,439,,,0.8680477142333984,,4220.0,921.257938
,1779696381.5904722,440,,,0.8746352791786194,,4230.0,922.7219442
,1779696383.1223466,441,,,0.875762939453125,,4240.0,924.253584
1.649300217628479,1779696400.9184568,442,,0.6954907178878784,,0.00015103031213214996,4250.0,942.0502435
,1779696401.0583358,443,,,0.8427042961120605,,4250.0,942.1905767
,1779696402.440757,444,,,0.8619197607040405,,4260.0,943.5728824
,1779696403.8939638,445,,,0.8751097917556763,,4270.0,945.0253167
,1779696405.3405974,446,,,0.8672502040863037,,4280.0,946.4718327
,1779696406.8297875,447,,,0.8333078026771545,,4290.0,947.9610206
,1779696408.328362,448,,,0.8754487037658691,,4300.0,949.4597752
,1779696409.827451,449,,,0.8918023705482483,,4310.0,950.958808
,1779696411.3233547,450,,,0.8716012239456177,,4320.0,952.454591
,1779696412.8186204,451,,,0.8592851161956787,,4330.0,953.949888
,1779696414.347834,452,,,0.846261203289032,,4340.0,955.479068
,1779696415.8862693,453,,,0.8734036087989807,,4350.0,957.017758
,1779696417.421109,454,,,0.8681720495223999,,4360.0,958.5529006
,1779696418.992365,455,,,0.8515209555625916,,4370.0,960.1237123
,1779696420.5563965,456,,,0.8403556942939758,,4380.0,961.6876587
,1779696422.0063508,457,,,0.8614577054977417,,4390.0,963.137786
,1779696423.378773,458,,,0.8417665958404541,,4400.0,964.5102999
,1779696424.7537785,459,,,0.8571142554283142,,4410.0,965.8856503
,1779696426.1288009,460,,,0.8534459471702576,,4420.0,967.2601846
,1779696427.5254714,461,,,0.8368549346923828,,4430.0,968.6567044
,1779696429.005431,462,,,0.8412799835205078,,4440.0,970.1366921
,1779696430.5486333,463,,,0.8327522277832031,,4450.0,971.6802741
,1779696432.1528494,464,,,0.8626181483268738,,4460.0,973.2846614
,1779696433.6987615,465,,,0.8682114481925964,,4470.0,974.8299972
,1779696435.183574,466,,,0.8786423206329346,,4480.0,976.3148578
,1779696436.69062,467,,,0.8536412119865417,,4490.0,977.8218654
1.6725558042526245,1779696454.2341518,468,,0.6729945540428162,,0.00012292491384519912,4500.0,995.3654701
,1779696454.3784013,469,,,0.8596429228782654,,4500.0,995.5096322
,1779696455.7416842,470,,,0.8715003728866577,,4510.0,996.873042
,1779696457.1170084,471,,,0.8515345454216003,,4520.0,998.2482553
,1779696458.5733464,472,,,0.8465827107429504,,4530.0,999.7046545
,1779696460.0283594,473,,,0.8591512441635132,,4540.0,1001.16001
,1779696461.48785,474,,,0.8551270365715027,,4550.0,1002.6191788
,1779696462.9474459,475,,,0.8351871967315674,,4560.0,1004.0788147
,1779696464.4451256,476,,,0.8494198322296143,,4570.0,1005.5763561
,1779696466.0386217,477,,,0.852382481098175,,4580.0,1007.169855
,1779696467.6562636,478,,,0.8370563983917236,,4590.0,1008.7876895
,1779696469.1906922,479,,,0.8484078049659729,,4600.0,1010.3220083
,1779696470.724797,480,,,0.8294935822486877,,4610.0,1011.856199
,1779696472.2573595,481,,,0.8474074602127075,,4620.0,1013.3885979
,1779696473.789408,482,,,0.865536093711853,,4630.0,1014.9206414
,1779696475.32399,483,,,0.8417097330093384,,4640.0,1016.4558014
,1779696476.9328763,484,,,0.8445514440536499,,4650.0,1018.0641084
,1779696478.5082963,485,,,0.8501900434494019,,4660.0,1019.6395296
,1779696479.9716635,486,,,0.8452812433242798,,4670.0,1021.1028961
,1779696481.4335823,487,,,0.840142011642456,,4680.0,1022.565054
,1779696482.895154,488,,,0.8489604592323303,,4690.0,1024.0263875
,1779696484.3524294,489,,,0.8496958017349243,,4700.0,1025.4839022
,1779696485.7810442,490,,,0.8567323088645935,,4710.0,1026.9122801
,1779696487.1857283,491,,,0.8545946478843689,,4720.0,1028.31696
,1779696488.6898913,492,,,0.8577256798744202,,4730.0,1029.8211242
,1779696490.2771876,493,,,0.8426710963249207,,4740.0,1031.4091472
1.6744784116744995,1779696507.2644475,494,,0.6538571715354919,,0.00010576819746349742,4750.0,1048.3964813
,1779696507.4043012,495,,,0.854219377040863,,4750.0,1048.5355315
,1779696508.7726884,496,,,0.8544797301292419,,4760.0,1049.9034152
,1779696510.2146468,497,,,0.8541828393936157,,4770.0,1051.3464838
,1779696511.7468107,498,,,0.8452189564704895,,4780.0,1052.8782166
,1779696513.2252405,499,,,0.8515002131462097,,4790.0,1054.3570246
,1779696514.7018785,500,,,0.8277139663696289,,4800.0,1055.833458
,1779696516.2004318,501,,,0.8223851323127747,,4810.0,1057.33169
,1779696517.700981,502,,,0.8391686677932739,,4820.0,1058.8322134
,1779696519.1981776,503,,,0.8232426047325134,,4830.0,1060.3294575
,1779696520.7044976,504,,,0.8334302306175232,,4840.0,1061.8357291
,1779696522.3480873,505,,,0.8193464279174805,,4850.0,1063.4798906
,1779696523.9853313,506,,,0.8521153330802917,,4860.0,1065.1165641
,1779696525.4608629,507,,,0.8691023588180542,,4870.0,1066.5920967
,1779696526.903382,508,,,0.8601911664009094,,4880.0,1068.0346143
,1779696528.3449833,509,,,0.8434074521064758,,4890.0,1069.4769006
,1779696529.789786,510,,,0.8552485108375549,,4900.0,1070.9210198
,1779696531.2264988,511,,,0.8356149792671204,,4910.0,1072.3583374
,1779696532.665843,512,,,0.8289888501167297,,4920.0,1073.7972543
,1779696534.2099876,513,,,0.8500052094459534,,4930.0,1075.3412216
,1779696535.7591443,514,,,0.823745608329773,,4940.0,1076.8903764
,1779696537.2070355,515,,,0.8146921396255493,,4950.0,1078.3382684
,1779696538.6523268,516,,,0.8241774439811707,,4960.0,1079.7838152
,1779696540.1662767,517,,,0.8382272124290466,,4970.0,1081.2975087
,1779696541.7073019,518,,,0.8260724544525146,,4980.0,1082.8385356
,1779696543.2419553,519,,,0.8158880472183228,,4990.0,1084.3731871
1.6840013265609741,1779696560.630542,520,,0.6406018137931824,,0.0001,5000.0,1101.7622692
,1779696560.772449,521,,,0.8056275248527527,,5000.0,1101.9037711
,1779696562.392113,522,"{'size': 274, '_type': 'html-file', 'sha256': '2a61d6194f9782d957cd29db15ce891118a374f8ce6769bf44518fd8f21f65cf', 'path': 'media/html/Sample Generation_522_2a61d6194f9782d957cd.html'}",,,,,1103.5236862
