val/loss,_timestamp,train/step_loss,Sample Generation,lr,_step,train/loss,iter,_runtime
4.171082019805908,1779607540.3783524,,,9.900990099009901e-06,0,4.166929244995117,0.0,22.512304
,1779607540.57507,4.188999176025391,,,1,,0.0,22.7096182
,1779607542.6334226,3.1271865367889404,,,2,,10.0,24.7662171
,1779607544.6965322,2.733067035675049,,,3,,20.0,26.8296834
,1779607546.7859607,2.630842685699463,,,4,,30.0,28.9187586
,1779607548.806362,2.547842025756836,,,5,,40.0,30.9386523
,1779607550.8337896,2.509801149368286,,,6,,50.0,32.9665897
,1779607552.899219,2.4972567558288574,,,7,,60.0,35.0333611
,1779607555.0717099,2.524216651916504,,,8,,70.0,37.2053069
,1779607557.1563044,2.47210693359375,,,9,,80.0,39.2891001
,1779607559.2458165,2.454942226409912,,,10,,90.0,41.3787658
,1779607561.3320837,2.4499359130859375,,,11,,100.0,43.4662596
,1779607563.4235573,2.43031644821167,,,12,,110.0,45.5558478
,1779607565.511843,2.4444193840026855,,,13,,120.0,47.6441336
,1779607567.608129,2.4367642402648926,,,14,,130.0,49.7409378
,1779607569.6955829,2.4330849647521973,,,15,,140.0,51.834008
,1779607571.7950397,2.382866382598877,,,16,,150.0,53.9280469
,1779607573.8869116,2.391077995300293,,,17,,160.0,56.019709
,1779607575.9791281,2.342019557952881,,,18,,170.0,58.1117683
,1779607578.2529843,2.3447976112365723,,,19,,180.0,60.3879191
,1779607580.3604655,2.299489974975586,,,20,,190.0,62.4927558
,1779607582.4241261,2.2733871936798096,,,21,,200.0,64.5571225
,1779607584.6097722,2.207538604736328,,,22,,210.0,66.7420627
,1779607586.7429037,2.198823928833008,,,23,,220.0,68.8759525
,1779607588.9316711,2.1563258171081543,,,24,,230.0,71.0659792
,1779607591.0321252,2.098532199859619,,,25,,240.0,73.1649217
2.106759548187256,1779607618.0098286,,,0.0009979206008271391,26,2.0085196495056152,250.0,100.1491453
,1779607618.1920695,2.0884134769439697,,,27,,250.0,100.3286071
,1779607620.3377435,2.065965175628662,,,28,,260.0,102.4753766
,1779607622.5019498,1.9976750612258911,,,29,,270.0,104.6342401
,1779607624.6891818,1.9638317823410034,,,30,,280.0,106.821867
,1779607626.8520348,1.952426552772522,,,31,,290.0,108.9843253
,1779607629.016652,1.9250789880752563,,,32,,300.0,111.1489425
,1779607631.1793845,1.9205342531204224,,,33,,310.0,113.3122462
,1779607633.3429732,1.8482246398925781,,,34,,320.0,115.4756823
,1779607635.5123067,1.880260705947876,,,35,,330.0,117.6445972
,1779607637.6792185,1.8327200412750244,,,36,,340.0,119.8120712
,1779607639.8410726,1.794474720954895,,,37,,350.0,121.9733631
,1779607642.0077496,1.8218989372253418,,,38,,360.0,124.1405267
,1779607644.1758556,1.782050609588623,,,39,,370.0,126.3081461
,1779607646.3426642,1.746450424194336,,,40,,380.0,128.4752557
,1779607648.5062537,1.7160993814468384,,,41,,390.0,130.6395657
,1779607650.6703439,1.7297523021697998,,,42,,400.0,132.8059188
,1779607652.839284,1.7139382362365723,,,43,,410.0,134.9719144
,1779607655.0083442,1.698590874671936,,,44,,420.0,137.1412928
,1779607657.17424,1.6845093965530396,,,45,,430.0,139.3065306
,1779607659.3400521,1.6806774139404297,,,46,,440.0,141.4731084
,1779607661.5033233,1.6573045253753662,,,47,,450.0,143.6362635
,1779607663.6693203,1.6243634223937988,,,48,,460.0,145.8022686
,1779607665.8335907,1.6223852634429932,,,49,,470.0,147.9696898
,1779607668.0021484,1.6168121099472046,,,50,,480.0,150.1349922
,1779607670.171726,1.6064200401306152,,,51,,490.0,152.3045199
1.724039912223816,1779607697.059905,,,0.0009852826883675631,52,1.5290484428405762,500.0,179.1928041
,1779607697.262771,1.599875569343567,,,53,,500.0,179.3953628
,1779607699.370013,1.6134872436523438,,,54,,510.0,181.5027458
,1779607701.4141161,1.5503703355789185,,,55,,520.0,183.5515195
,1779607703.5875611,1.5268847942352295,,,56,,530.0,185.7203568
,1779607705.6979682,1.54439377784729,,,57,,540.0,187.8309928
,1779607707.7805276,1.5336053371429443,,,58,,550.0,189.9133252
,1779607709.9560475,1.5221476554870605,,,59,,560.0,192.088338
,1779607712.208822,1.5313646793365479,,,60,,570.0,194.3411126
,1779607714.4061642,1.5342791080474854,,,61,,580.0,196.5390834
,1779607716.545033,1.5318220853805542,,,62,,590.0,198.6778274
,1779607718.686026,1.498501181602478,,,63,,600.0,200.8187812
,1779607720.8209443,1.5296730995178223,,,64,,610.0,202.9537392
,1779607722.959639,1.4816302061080933,,,65,,620.0,205.0924333
,1779607725.0973206,1.4694559574127197,,,66,,630.0,207.229611
,1779607727.2361631,1.488480567932129,,,67,,640.0,209.3700013
,1779607729.374414,1.4776538610458374,,,68,,650.0,211.5072148
,1779607731.5057998,1.4689197540283203,,,69,,660.0,213.6380902
,1779607733.6392703,1.461756944656372,,,70,,670.0,215.7722121
,1779607735.777311,1.4607619047164917,,,71,,680.0,217.9103397
,1779607737.9108596,1.4573532342910767,,,72,,690.0,220.0436532
,1779607740.047175,1.44429349899292,,,73,,700.0,222.1799896
,1779607742.1854064,1.4647883176803589,,,74,,710.0,224.3182292
,1779607744.319861,1.4154472351074219,,,75,,720.0,226.453634
,1779607746.44953,1.4673428535461426,,,76,,730.0,228.5883893
,1779607748.5932474,1.457529067993164,,,77,,740.0,230.7260129
1.5695664882659912,1779607775.8446214,,,0.0009614856803571157,78,1.3521124124526978,750.0,257.9774162
,1779607776.0583358,1.427032709121704,,,79,,750.0,258.1911463
,1779607778.1382377,1.4168823957443237,,,80,,760.0,260.2705281
,1779607780.2200103,1.4203410148620605,,,81,,770.0,262.353301
,1779607782.3085988,1.4256715774536133,,,82,,780.0,264.4414017
,1779607784.3954115,1.4057245254516602,,,83,,790.0,266.5282326
,1779607786.6659095,1.417315125465393,,,84,,800.0,268.7992021
,1779607788.8199809,1.4439798593521118,,,85,,810.0,270.9532764
,1779607790.9798644,1.357783555984497,,,86,,820.0,273.1125297
,1779607793.1381912,1.3744502067565918,,,87,,830.0,275.2704815
,1779607795.2924683,1.3831286430358887,,,88,,840.0,277.4247588
,1779607797.4516537,1.3772718906402588,,,89,,850.0,279.5844501
,1779607799.6114893,1.3731051683425903,,,90,,860.0,281.7446435
,1779607801.7745395,1.35794198513031,,,91,,870.0,283.9068299
,1779607803.9345334,1.3475456237792969,,,92,,880.0,286.0673371
,1779607806.0922272,1.3725390434265137,,,93,,890.0,288.2245178
,1779607808.2561388,1.3822318315505981,,,94,,900.0,290.3896508
,1779607810.418633,1.3615398406982422,,,95,,910.0,292.5514305
,1779607812.5822628,1.3574104309082031,,,96,,920.0,294.7155044
,1779607814.7486343,1.3737679719924927,,,97,,930.0,296.8818905
,1779607816.9075687,1.324488878250122,,,98,,940.0,299.0403634
,1779607819.0713673,1.3540222644805908,,,99,,950.0,301.2036577
,1779607821.2298636,1.3258607387542725,,,100,,960.0,303.3666947
,1779607823.3996286,1.3432414531707764,,,101,,970.0,305.5322895
,1779607825.5632055,1.3117396831512451,,,102,,980.0,307.6962763
,1779607827.7274084,1.3239126205444336,,,103,,990.0,309.8603345
1.5070265531539917,1779607855.2459142,,,0.0009271396472013282,104,1.2667697668075562,1000.0,337.3786792
,1779607855.4643831,1.3348116874694824,,,105,,1000.0,337.5966737
,1779607857.5815148,1.3259021043777466,,,106,,1010.0,339.7190157
,1779607859.7142148,1.3048717975616455,,,107,,1020.0,341.8471338
,1779607861.8425379,1.3657939434051514,,,108,,1030.0,343.9754539
,1779607863.9743218,1.3412028551101685,,,109,,1040.0,346.1092529
,1779607866.1072495,1.305394172668457,,,110,,1050.0,348.2399735
,1779607868.2368214,1.322138786315918,,,111,,1060.0,350.3696186
,1779607870.3705976,1.292909860610962,,,112,,1070.0,352.5032712
,1779607872.5039132,1.3343790769577026,,,113,,1080.0,354.6367097
,1779607874.6351945,1.2864423990249634,,,114,,1090.0,356.76811
,1779607876.76782,1.3443448543548584,,,115,,1100.0,358.9004247
,1779607878.898022,1.325402021408081,,,116,,1110.0,361.0308201
,1779607881.0317738,1.2875077724456787,,,117,,1120.0,363.1648932
,1779607883.1637335,1.314963459968567,,,118,,1130.0,365.2960239
,1779607885.2980795,1.3202906847000122,,,119,,1140.0,367.4303701
,1779607887.4938831,1.2884703874588013,,,120,,1150.0,369.6266797
,1779607889.645226,1.313359260559082,,,121,,1160.0,371.7782919
,1779607891.9153206,1.292694330215454,,,122,,1170.0,374.0503169
,1779607894.1275585,1.2870688438415527,,,123,,1180.0,376.2604537
,1779607896.262829,1.2904105186462402,,,124,,1190.0,378.3957377
,1779607898.4065018,1.2710843086242676,,,125,,1200.0,380.5391354
,1779607900.5467558,1.2423609495162964,,,126,,1210.0,382.6796419
,1779607902.688433,1.2855210304260254,,,127,,1220.0,384.8207234
,1779607904.8393924,1.2823092937469482,,,128,,1230.0,386.9716831
,1779607906.9897265,1.299198865890503,,,129,,1240.0,389.123019
1.4940688610076904,1779607934.579129,,,0.000883125098683892,130,1.200768232345581,1250.0,416.7121946
,1779607934.7995203,1.2725999355316162,,,131,,1250.0,416.932737
,1779607936.93599,1.271416187286377,,,132,,1260.0,419.0682805
,1779607939.07449,1.259852409362793,,,133,,1270.0,421.2072839
,1779607941.2224283,1.2644143104553223,,,134,,1280.0,423.3547189
,1779607943.364129,1.2588391304016113,,,135,,1290.0,425.4964195
,1779607945.5070138,1.2438249588012695,,,136,,1300.0,427.6398093
,1779607947.650741,1.2730486392974854,,,137,,1310.0,429.7830314
,1779607949.9201462,1.2683730125427246,,,138,,1320.0,432.0530606
,1779607952.0626256,1.2536649703979492,,,139,,1330.0,434.1957418
,1779607954.2148423,1.255934476852417,,,140,,1340.0,436.3475214
,1779607956.3640013,1.2849448919296265,,,141,,1350.0,438.4962918
,1779607958.6145036,1.2636635303497314,,,142,,1360.0,440.7471075
,1779607960.8619869,1.2571306228637695,,,143,,1370.0,442.9947806
,1779607963.11268,1.246789813041687,,,144,,1380.0,445.2453698
,1779607965.3596623,1.2659733295440674,,,145,,1390.0,447.4919529
,1779607967.6039488,1.2425367832183838,,,146,,1400.0,449.7362392
,1779607969.851483,1.2406302690505981,,,147,,1410.0,451.9837737
,1779607972.099399,1.2691526412963867,,,148,,1420.0,454.232464
,1779607974.3423686,1.2464375495910645,,,149,,1430.0,456.4752285
,1779607976.5866249,1.247330904006958,,,150,,1440.0,458.7189152
,1779607978.8268285,1.240909457206726,,,151,,1450.0,460.959119
,1779607981.071289,1.2246322631835938,,,152,,1460.0,463.2035795
,1779607983.3168595,1.2380603551864624,,,153,,1470.0,465.4501429
,1779607985.5537484,1.2549192905426025,,,154,,1480.0,467.69016
,1779607987.795343,1.226623773574829,,,155,,1490.0,469.9282818
1.4849402904510498,1779608015.1106122,,,0.0008305704108364302,156,1.1504886150360107,1500.0,497.2441259
,1779608015.3136427,1.1953864097595215,,,157,,1500.0,497.4526455
,1779608017.5720723,1.2468914985656738,,,158,,1510.0,499.7043626
,1779608019.7424119,1.202862024307251,,,159,,1520.0,501.8753587
,1779608021.9105513,1.2054674625396729,,,160,,1530.0,504.0514642
,1779608024.0915387,1.2460523843765259,,,161,,1540.0,506.2238292
,1779608026.263364,1.2205853462219238,,,162,,1550.0,508.396654
,1779608028.431474,1.2061808109283447,,,163,,1560.0,510.5693152
,1779608030.6133933,1.2559375762939453,,,164,,1570.0,512.7464852
,1779608032.7935286,1.2375853061676025,,,165,,1580.0,514.9258191
,1779608034.9689906,1.1835112571716309,,,166,,1590.0,517.1017848
,1779608037.148641,1.1947075128555298,,,167,,1600.0,519.2809316
,1779608039.3237522,1.1558189392089844,,,168,,1610.0,521.4560427
,1779608041.5002909,1.2051072120666504,,,169,,1620.0,523.6325814
,1779608043.6802554,1.210442066192627,,,170,,1630.0,525.8136246
,1779608045.8544815,1.1998155117034912,,,171,,1640.0,527.9881844
,1779608048.0311003,1.2220112085342407,,,172,,1650.0,530.168205
,1779608050.2122698,1.166230320930481,,,173,,1660.0,532.3451147
,1779608052.3951418,1.1999017000198364,,,174,,1670.0,534.5278739
,1779608054.573036,1.2078120708465576,,,175,,1680.0,536.7061778
,1779608056.7521036,1.1570000648498535,,,176,,1690.0,538.885058
,1779608058.9325192,1.1785743236541748,,,177,,1700.0,541.065315
,1779608061.118125,1.1751601696014404,,,178,,1710.0,543.2509216
,1779608063.299532,1.2001821994781494,,,179,,1720.0,545.4323034
,1779608065.4839864,1.1416161060333252,,,180,,1730.0,547.6167841
,1779608067.6651952,1.1694351434707642,,,181,,1740.0,549.8007656
1.474106788635254,1779608094.9339557,,,0.0007708228984017721,182,1.1028859615325928,1750.0,577.0719854
,1779608095.1453326,1.1831724643707275,,,183,,1750.0,577.2787801
,1779608097.3321428,1.1772207021713257,,,184,,1760.0,579.4650891
,1779608099.5880814,1.1741089820861816,,,185,,1770.0,581.7213971
,1779608101.7701066,1.1764883995056152,,,186,,1780.0,583.9042434
,1779608103.9615207,1.163623332977295,,,187,,1790.0,586.0948105
,1779608106.1510627,1.1799936294555664,,,188,,1800.0,588.2846673
,1779608108.3391378,1.1609625816345215,,,189,,1810.0,590.4718151
,1779608110.5216303,1.1676158905029297,,,190,,1820.0,592.6539208
,1779608112.7069588,1.1507036685943604,,,191,,1830.0,594.8392494
,1779608114.8868248,1.1392258405685425,,,192,,1840.0,597.0202073
,1779608117.0719242,1.1824204921722412,,,193,,1850.0,599.204749
,1779608119.2512658,1.202880620956421,,,194,,1860.0,601.3845565
,1779608121.4368532,1.1831274032592773,,,195,,1870.0,603.5696661
,1779608123.6160905,1.186939001083374,,,196,,1880.0,605.749033
,1779608125.8008647,1.1687803268432617,,,197,,1890.0,607.9341543
,1779608127.9816375,1.1455790996551514,,,198,,1900.0,610.1172736
,1779608130.1643543,1.1488873958587646,,,199,,1910.0,612.2973475
,1779608132.346485,1.1315280199050903,,,200,,1920.0,614.4787756
,1779608134.5237658,1.156822919845581,,,201,,1930.0,616.6568336
,1779608136.7065728,1.1172692775726318,,,202,,1940.0,618.839756
,1779608138.8878276,1.1418712139129639,,,203,,1950.0,621.0201182
,1779608141.0639637,1.1650192737579346,,,204,,1960.0,623.1980804
,1779608143.2489593,1.1543437242507935,,,205,,1970.0,625.3819394
,1779608145.4297574,1.1461113691329956,,,206,,1980.0,627.5641208
,1779608147.6122572,1.147249460220337,,,207,,1990.0,629.7445479
1.4766452312469482,1779608174.545063,,,0.0007054142744895884,208,1.0569815635681152,2000.0,656.6781314
,1779608174.7613325,1.1338149309158325,,,209,,2000.0,656.8939505
,1779608176.8493016,1.1466505527496338,,,210,,2010.0,658.9820976
,1779608178.9389212,1.1227149963378906,,,211,,2020.0,661.0717242
,1779608181.0296779,1.1531962156295776,,,212,,2030.0,663.162472
,1779608183.12123,1.0983326435089111,,,213,,2040.0,665.254026
,1779608185.2101839,1.1442670822143555,,,214,,2050.0,667.3438891
,1779608187.3064008,1.1286733150482178,,,215,,2060.0,669.4386913
,1779608189.402905,1.1399729251861572,,,216,,2070.0,671.5351956
,1779608191.4947703,1.1468180418014526,,,217,,2080.0,673.6276092
,1779608193.716404,1.1008291244506836,,,218,,2090.0,675.8491996
,1779608195.8204246,1.1387450695037842,,,219,,2100.0,677.9532187
,1779608197.9283993,1.1358392238616943,,,220,,2110.0,680.0612473
,1779608200.0424767,1.1460877656936646,,,221,,2120.0,682.175354
,1779608202.1581166,1.1415551900863647,,,222,,2130.0,684.2912219
,1779608204.4156706,1.1007107496261597,,,223,,2140.0,686.5486473
,1779608206.570966,1.1142654418945312,,,224,,2150.0,688.7038323
,1779608208.7210484,1.1305351257324219,,,225,,2160.0,690.8533389
,1779608210.871518,1.125096082687378,,,226,,2170.0,693.0038085
,1779608213.0241838,1.104569911956787,,,227,,2180.0,695.1571391
,1779608215.1739259,1.1121909618377686,,,228,,2190.0,697.3074462
,1779608217.3220966,1.0997865200042725,,,229,,2200.0,699.4551323
,1779608219.4699886,1.0994479656219482,,,230,,2210.0,701.6045317
,1779608221.619236,1.1387279033660889,,,231,,2220.0,703.7520351
,1779608223.7668226,1.1369764804840088,,,232,,2230.0,705.8995263
,1779608225.9171815,1.1060054302215576,,,233,,2240.0,708.0511269
1.47696852684021,1779608252.8941631,,,0.0006360213829156177,234,1.0112074613571167,2250.0,735.0305815
,1779608253.1047835,1.0986039638519287,,,235,,2250.0,735.2375772
,1779608255.3062873,1.118023157119751,,,236,,2260.0,737.4394485
,1779608257.5080273,1.0936832427978516,,,237,,2270.0,739.6403178
,1779608259.7030451,1.120812177658081,,,238,,2280.0,741.8362805
,1779608261.8998697,1.0958938598632812,,,239,,2290.0,744.0327344
,1779608264.0921772,1.104111909866333,,,240,,2300.0,746.2251482
,1779608266.2821603,1.100224256515503,,,241,,2310.0,748.4149558
,1779608268.476456,1.1248624324798584,,,242,,2320.0,750.6092549
,1779608270.673663,1.0998592376708984,,,243,,2330.0,752.8064589
,1779608272.8673527,1.0774277448654175,,,244,,2340.0,755.0001324
,1779608275.0614629,1.0868653059005737,,,245,,2350.0,757.1937534
,1779608277.1140802,1.0935134887695312,,,246,,2360.0,759.2463707
,1779608279.2584755,1.0820896625518799,,,247,,2370.0,761.3914191
,1779608281.3957808,1.0828338861465454,,,248,,2380.0,763.5296496
,1779608283.541994,1.1031913757324219,,,249,,2390.0,765.6748611
,1779608285.6823783,1.0562187433242798,,,250,,2400.0,767.8146687
,1779608287.8278582,1.0990941524505615,,,251,,2410.0,769.9606917
,1779608289.9751883,1.0792043209075928,,,252,,2420.0,772.108755
,1779608292.1223893,1.0981346368789673,,,253,,2430.0,774.2546797
,1779608294.2596745,1.0675406455993652,,,254,,2440.0,776.3937573
,1779608296.402183,1.0760565996170044,,,255,,2450.0,778.535478
,1779608298.55,1.0572657585144043,,,256,,2460.0,780.6822903
,1779608300.6911278,1.1058419942855835,,,257,,2470.0,782.8239246
,1779608302.8311841,1.062790870666504,,,258,,2480.0,784.964386
,1779608304.9747093,1.0609002113342285,,,259,,2490.0,787.1077911
1.4951698780059814,1779608331.6455739,,,0.000564423209907245,260,0.9686009287834167,2500.0,813.7788549
,1779608331.8572392,1.0733792781829834,,,261,,2500.0,813.990042
,1779608333.8979845,1.0447187423706055,,,262,,2510.0,816.0302749
,1779608335.944916,1.0823285579681396,,,263,,2520.0,818.0772064
,1779608338.1051357,1.0578175783157349,,,264,,2530.0,820.2380609
,1779608340.1533957,1.0791189670562744,,,265,,2540.0,822.2862205
,1779608342.279916,1.0694396495819092,,,266,,2550.0,824.4130062
,1779608344.451725,1.055044412612915,,,267,,2560.0,826.5846575
,1779608346.5477126,1.0622947216033936,,,268,,2570.0,828.6807576
,1779608348.7986608,1.0479828119277954,,,269,,2580.0,830.9314562
,1779608350.8550851,1.0364775657653809,,,270,,2590.0,832.9873755
,1779608353.053741,1.025861144065857,,,271,,2600.0,835.1866767
,1779608355.1521084,1.0843193531036377,,,272,,2610.0,837.2850329
,1779608357.2503192,1.0751278400421143,,,273,,2620.0,839.3830245
,1779608359.3528893,1.0812420845031738,,,274,,2630.0,841.4878177
,1779608361.457135,1.0538851022720337,,,275,,2640.0,843.5894254
,1779608363.5594795,1.0510647296905518,,,276,,2650.0,845.6917701
,1779608365.663025,1.0598427057266235,,,277,,2660.0,847.7958218
,1779608367.9136677,1.0727741718292236,,,278,,2670.0,850.045958
,1779608370.115388,1.0505677461624146,,,279,,2680.0,852.2482539
,1779608372.2797096,1.0424429178237915,,,280,,2690.0,854.4168052
,1779608374.5142486,1.0456712245941162,,,281,,2700.0,856.6473555
,1779608376.744103,1.0373152494430542,,,282,,2710.0,858.876899
,1779608378.9708712,1.0480890274047852,,,283,,2720.0,861.103667
,1779608381.192397,1.0323971509933472,,,284,,2730.0,863.3251939
,1779608383.4194844,1.0389294624328613,,,285,,2740.0,865.5522799
1.496535301208496,1779608409.9251742,,,0.0004924552772419723,286,0.9181063175201416,2750.0,892.0589783
,1779608410.1383,1.030178427696228,,,287,,2750.0,892.2710417
,1779608412.1928484,1.0245776176452637,,,288,,2760.0,894.325453
,1779608414.24784,1.0400547981262207,,,289,,2770.0,896.3810258
,1779608416.3069375,1.0260978937149048,,,290,,2780.0,898.4397321
,1779608418.4758716,1.0132474899291992,,,291,,2790.0,900.6086695
,1779608420.529771,1.0435817241668701,,,292,,2800.0,902.6627158
,1779608422.581685,1.0244991779327393,,,293,,2810.0,904.7182635
,1779608424.7900255,1.0190255641937256,,,294,,2820.0,906.9228232
,1779608426.9323306,1.023926019668579,,,295,,2830.0,909.0652681
,1779608429.0702202,1.0133724212646484,,,296,,2840.0,911.2033623
,1779608431.2109683,1.0054121017456055,,,297,,2850.0,913.3485916
,1779608433.3504279,1.0065476894378662,,,298,,2860.0,915.4837827
,1779608435.4897568,1.0264781713485718,,,299,,2870.0,917.6230067
,1779608437.6244698,1.0282373428344727,,,300,,2880.0,919.7567603
,1779608439.7579918,1.0308550596237183,,,301,,2890.0,921.8907929
,1779608441.8949597,1.0126134157180786,,,302,,2900.0,924.0272502
,1779608444.0295272,1.0118322372436523,,,303,,2910.0,926.1673568
,1779608446.1779003,1.0229960680007935,,,304,,2920.0,928.3110048
,1779608448.3156636,1.0060479640960693,,,305,,2930.0,930.4485588
,1779608450.453106,1.0266227722167969,,,306,,2940.0,932.5874179
,1779608452.5906055,0.995556116104126,,,307,,2950.0,934.722896
,1779608454.7294145,1.0085917711257935,,,308,,2960.0,936.862275
,1779608456.8663244,0.9850606322288513,,,309,,2970.0,939.0023922
,1779608459.0149558,1.0106115341186523,,,310,,2980.0,941.1477545
,1779608461.1543822,1.0317193269729614,,,311,,2990.0,943.2876552
1.5341296195983887,1779608487.6346164,,,0.0004219625860160354,312,0.8749626874923706,3000.0,969.767446
,1779608487.8515165,1.0046448707580566,,,313,,3000.0,969.9846283
,1779608489.9470086,0.9965783357620239,,,314,,3010.0,972.0798035
,1779608492.0454152,1.0121192932128906,,,315,,3020.0,974.1783618
,1779608494.137981,0.992487907409668,,,316,,3030.0,976.2702715
,1779608496.2340715,0.9940530061721802,,,317,,3040.0,978.366898
,1779608498.3341055,1.0131268501281738,,,318,,3050.0,980.4663961
,1779608500.4344144,1.0015861988067627,,,319,,3060.0,982.5672427
,1779608502.5353332,0.992530345916748,,,320,,3070.0,984.6676235
,1779608504.6767073,0.9677844047546387,,,321,,3080.0,986.8095174
,1779608506.7974637,0.9898322224617004,,,322,,3090.0,988.9300718
,1779608509.0422754,1.0171432495117188,,,323,,3100.0,991.1745659
,1779608511.1774313,0.9917593002319336,,,324,,3110.0,993.3109514
,1779608513.3123665,0.9781492948532104,,,325,,3120.0,995.4454328
,1779608515.4466987,0.9910907745361328,,,326,,3130.0,997.5789892
,1779608517.5821679,0.9827271699905396,,,327,,3140.0,999.7149634
,1779608519.7146623,0.9841588735580444,,,328,,3150.0,1001.8469528
,1779608521.8466854,0.9614508152008057,,,329,,3160.0,1003.978976
,1779608523.9853323,0.9865672588348389,,,330,,3170.0,1006.1182178
,1779608526.127692,0.9824494123458862,,,331,,3180.0,1008.2604872
,1779608528.2668107,0.9523975849151611,,,332,,3190.0,1010.399614
,1779608530.4043055,0.9706341624259949,,,333,,3200.0,1012.5365959
,1779608532.543632,0.9582379460334778,,,334,,3210.0,1014.6768144
,1779608534.689581,0.981524646282196,,,335,,3220.0,1016.8225509
,1779608536.9809506,0.975239098072052,,,336,,3230.0,1019.1139599
,1779608539.1339612,0.9611848592758179,,,337,,3240.0,1021.2662518
1.5514750480651855,1779608566.553446,,,0.00035475231739709885,338,0.8302803635597229,3250.0,1048.6921268
,1779608566.771818,0.9796221256256104,,,339,,3250.0,1048.9092305
,1779608568.8731806,0.9750499725341797,,,340,,3260.0,1051.0054713
,1779608570.9743702,0.9799957275390625,,,341,,3270.0,1053.1071821
,1779608573.0714133,0.9636703729629517,,,342,,3280.0,1055.2042646
,1779608575.1723454,0.9693036079406738,,,343,,3290.0,1057.3051421
,1779608577.273464,0.9713338613510132,,,344,,3300.0,1059.4057546
,1779608579.3851995,0.9134941101074219,,,345,,3310.0,1061.5179946
,1779608581.4895768,0.971677839756012,,,346,,3320.0,1063.6223706
,1779608583.5965493,0.9625957012176514,,,347,,3330.0,1065.7293451
,1779608585.7021928,0.9418483972549438,,,348,,3340.0,1067.8344834
,1779608587.8080616,0.962438702583313,,,349,,3350.0,1069.9411152
,1779608589.9142313,0.9155274033546448,,,350,,3360.0,1072.0465217
,1779608592.0263338,0.9855892658233643,,,351,,3370.0,1074.1594885
,1779608594.1410642,0.9642420411109924,,,352,,3380.0,1076.2733548
,1779608596.3767002,0.9576165676116943,,,353,,3390.0,1078.5095061
,1779608598.4898586,0.9581894874572754,,,354,,3400.0,1080.6221491
,1779608600.609976,0.9561942219734192,,,355,,3410.0,1082.7422665
,1779608602.811139,0.9501069188117981,,,356,,3420.0,1084.944433
,1779608605.0074637,0.9250139594078064,,,357,,3430.0,1087.1405463
,1779608607.110441,0.9367486238479614,,,358,,3440.0,1089.248093
,1779608609.2298071,0.952663004398346,,,359,,3450.0,1091.3620975
,1779608611.341269,0.9566177129745483,,,360,,3460.0,1093.4748225
,1779608613.6126099,0.9404802918434143,,,361,,3470.0,1095.7449004
,1779608615.862145,0.9558950662612915,,,362,,3480.0,1097.9950967
,1779608618.122443,0.9402964115142822,,,363,,3490.0,1100.2550774
1.573123574256897,1779608644.8551946,,,0.0002925475029450237,364,0.7892982363700867,3500.0,1126.9910712
,1779608645.0689127,0.9456979632377625,,,365,,3500.0,1127.2017059
,1779608647.1196275,0.9196662902832031,,,366,,3510.0,1129.2536201
,1779608649.1707854,0.9313706755638123,,,367,,3520.0,1131.3089528
,1779608651.3628495,0.9311150312423706,,,368,,3530.0,1133.4956469
,1779608653.4355206,0.9677507877349854,,,369,,3540.0,1135.5678112
,1779608655.691835,0.9580420851707458,,,370,,3550.0,1137.8286731
,1779608657.8692899,0.9145070910453796,,,371,,3560.0,1140.0021498
,1779608660.0372965,0.9342294931411743,,,372,,3570.0,1142.1743544
,1779608662.2075195,0.9709571003913879,,,373,,3580.0,1144.33981
,1779608664.3764076,0.9302830100059509,,,374,,3590.0,1146.5109997
,1779608666.549599,0.9368805885314941,,,375,,3600.0,1148.6818895
,1779608668.720064,0.9130820035934448,,,376,,3610.0,1150.8523545
,1779608670.897022,0.9369341135025024,,,377,,3620.0,1153.0308283
,1779608673.0762541,0.9439268708229065,,,378,,3630.0,1155.2085446
,1779608675.253897,0.9109958410263062,,,379,,3640.0,1157.3869419
,1779608677.4195662,0.9308131337165833,,,380,,3650.0,1159.5527691
,1779608679.5921774,0.9156253337860107,,,381,,3660.0,1161.7251975
,1779608681.759888,0.9189828634262085,,,382,,3670.0,1163.8921783
,1779608683.927663,0.915298581123352,,,383,,3680.0,1166.0654727
,1779608686.1047003,0.9157508611679077,,,384,,3690.0,1168.2379701
,1779608688.2798321,0.9187843203544617,,,385,,3700.0,1170.4126281
,1779608690.4548125,0.9043631553649902,,,386,,3710.0,1172.5871029
,1779608692.6251316,0.8861901760101318,,,387,,3720.0,1174.7581825
,1779608694.7968311,0.9245502948760986,,,388,,3730.0,1176.9297475
,1779608696.9678104,0.9052649736404419,,,389,,3740.0,1179.1001008
1.5896492004394531,1779608723.7246838,,,0.00023694285222843113,390,0.752846360206604,3750.0,1205.8577424
,1779608723.9360397,0.9133638143539429,,,391,,3750.0,1206.0683301
,1779608726.0994432,0.9220409393310547,,,392,,3760.0,1208.2317336
,1779608728.1698499,0.9162837266921997,,,393,,3770.0,1210.30282
,1779608730.3988426,0.8980246782302856,,,394,,3780.0,1212.5311331
,1779608732.599147,0.9107420444488525,,,395,,3790.0,1214.7323663
,1779608734.8053148,0.9080063104629517,,,396,,3800.0,1216.9380781
,1779608737.005147,0.9071931838989258,,,397,,3810.0,1219.1388315
,1779608739.2101703,0.8981919288635254,,,398,,3820.0,1221.3424608
,1779608741.4141216,0.8774749040603638,,,399,,3830.0,1223.5464122
,1779608743.610382,0.8630711436271667,,,400,,3840.0,1225.7485941
,1779608745.820116,0.8946723341941833,,,401,,3850.0,1227.952925
,1779608748.016546,0.9266464114189148,,,402,,3860.0,1230.1491899
,1779608750.2199552,0.8991992473602295,,,403,,3870.0,1232.3529225
,1779608752.4228098,0.9109468460083008,,,404,,3880.0,1234.5563653
,1779608754.6257875,0.898665726184845,,,405,,3890.0,1236.7580779
,1779608756.8289526,0.9037511348724365,,,406,,3900.0,1238.9619016
,1779608759.0275674,0.8926696181297302,,,407,,3910.0,1241.1598578
,1779608761.2258127,0.9155356287956238,,,408,,3920.0,1243.358896
,1779608763.3626194,0.9191842079162598,,,409,,3930.0,1245.4949098
,1779608765.4421976,0.8502105474472046,,,410,,3940.0,1247.5744879
,1779608767.5481339,0.8864713907241821,,,411,,3950.0,1249.6804243
,1779608769.6550014,0.8717375993728638,,,412,,3960.0,1251.7877962
,1779608771.7270684,0.8857681751251221,,,413,,3970.0,1253.8599858
,1779608773.8083458,0.9076938629150391,,,414,,3980.0,1255.9413671
,1779608775.8856332,0.8775377869606018,,,415,,3990.0,1258.0179237
1.6161895990371704,1779608802.4826534,,,0.00018936387015941957,416,0.7203260064125061,4000.0,1284.6204011
,1779608802.6994264,0.8880122900009155,,,417,,4000.0,1284.8317167
,1779608804.7518392,0.8743486404418945,,,418,,4010.0,1286.8841298
,1779608806.8088894,0.880866527557373,,,419,,4020.0,1288.9415457
,1779608808.8625596,0.8836778402328491,,,420,,4030.0,1290.9953549
,1779608810.9157276,0.8565000891685486,,,421,,4040.0,1293.0486128
,1779608812.9688935,0.9038935303688049,,,422,,4050.0,1295.1019276
,1779608815.027755,0.8820666074752808,,,423,,4060.0,1297.1623732
,1779608817.0898552,0.8719707727432251,,,424,,4070.0,1299.2226615
,1779608819.3400302,0.900580108165741,,,425,,4080.0,1301.472824
,1779608821.548238,0.8566105365753174,,,426,,4090.0,1303.6805286
,1779608823.754333,0.9023550748825073,,,427,,4100.0,1305.8882768
,1779608825.9596148,0.8799467086791992,,,428,,4110.0,1308.0923013
,1779608828.1671526,0.8743862509727478,,,429,,4120.0,1310.2994432
,1779608830.3742464,0.8737502098083496,,,430,,4130.0,1312.5071685
,1779608832.581007,0.8981550335884094,,,431,,4140.0,1314.7132976
,1779608834.7878218,0.8879003524780273,,,432,,4150.0,1316.9207768
,1779608836.9895258,0.879452109336853,,,433,,4160.0,1319.1225089
,1779608839.1008635,0.8957325220108032,,,434,,4170.0,1321.2331541
,1779608841.3156052,0.857211709022522,,,435,,4180.0,1323.4483999
,1779608843.5230706,0.8527802228927612,,,436,,4190.0,1325.6559162
,1779608845.7366967,0.8919907212257385,,,437,,4200.0,1327.8689874
,1779608847.8471522,0.8722425699234009,,,438,,4210.0,1329.9803514
,1779608849.9316204,0.867451548576355,,,439,,4220.0,1332.0647002
,1779608851.9257424,0.8659568428993225,,,440,,4230.0,1334.0587101
,1779608854.1193113,0.8802064061164856,,,441,,4240.0,1336.2516018
1.6403450965881348,1779608880.301144,,,0.00015103031213214996,442,0.6913449168205261,4250.0,1362.4340195
,1779608880.5081651,0.8766045570373535,,,443,,4250.0,1362.6404556
,1779608882.5107248,0.8648327589035034,,,444,,4260.0,1364.6435846
,1779608884.522965,0.8630572557449341,,,445,,4270.0,1366.6556127
,1779608886.5456805,0.8462007641792297,,,446,,4280.0,1368.6787455
,1779608888.6449494,0.8525190353393555,,,447,,4290.0,1370.7772399
,1779608890.8037589,0.8798656463623047,,,448,,4300.0,1372.9368357
,1779608892.9650795,0.8634561896324158,,,449,,4310.0,1375.0976718
,1779608895.1103947,0.8444483280181885,,,450,,4320.0,1377.2514687
,1779608897.2753332,0.8762180209159851,,,451,,4330.0,1379.4081327
,1779608899.4278677,0.8710475564002991,,,452,,4340.0,1381.5601582
,1779608901.5731034,0.8747069239616394,,,453,,4350.0,1383.7129224
,1779608903.7290926,0.8768678903579712,,,454,,4360.0,1385.8667909
,1779608905.888255,0.8600476980209351,,,455,,4370.0,1388.0205454
,1779608908.0399106,0.8671256303787231,,,456,,4380.0,1390.1727701
,1779608910.1873803,0.8544595837593079,,,457,,4390.0,1392.3205755
,1779608912.3344755,0.8530105352401733,,,458,,4400.0,1394.4674805
,1779608914.4807146,0.8509610891342163,,,459,,4410.0,1396.6165155
,1779608916.6312666,0.8653849959373474,,,460,,4420.0,1398.7655994
,1779608918.7819152,0.8497403264045715,,,461,,4430.0,1400.9147133
,1779608920.926721,0.8506730794906616,,,462,,4440.0,1403.0600158
,1779608923.0721598,0.8687424063682556,,,463,,4450.0,1405.2049565
,1779608925.2128513,0.8784288763999939,,,464,,4460.0,1407.3506331
,1779608927.3704076,0.8462914824485779,,,465,,4470.0,1409.5048579
,1779608929.523331,0.8567487001419067,,,466,,4480.0,1411.6566184
,1779608931.6689634,0.8417981266975403,,,467,,4490.0,1413.8021012
1.6437616348266602,1779608957.7459142,,,0.00012292491384519912,468,0.6681433320045471,4500.0,1439.8792275
,1779608957.9544163,0.8785812854766846,,,469,,4500.0,1440.0867069
,1779608959.9656513,0.8473445773124695,,,470,,4510.0,1442.0986397
,1779608961.9796042,0.8408054113388062,,,471,,4520.0,1444.1143263
,1779608964.0011466,0.8650672435760498,,,472,,4530.0,1446.1334372
,1779608966.018524,0.8455841541290283,,,473,,4540.0,1448.1508143
,1779608968.0907848,0.8411344885826111,,,474,,4550.0,1450.2235311
,1779608970.155164,0.8437083959579468,,,475,,4560.0,1452.2879688
,1779608972.224088,0.8413234949111938,,,476,,4570.0,1454.357258
,1779608974.300162,0.8512023687362671,,,477,,4580.0,1456.4329559
,1779608976.3671708,0.8641666769981384,,,478,,4590.0,1458.5002426
,1779608978.4320161,0.8488215208053589,,,479,,4600.0,1460.5685639
,1779608980.5058436,0.8410791158676147,,,480,,4610.0,1462.6386561
,1779608982.572418,0.8568370342254639,,,481,,4620.0,1464.7047085
,1779608984.6395862,0.8115013837814331,,,482,,4630.0,1466.772594
,1779608986.707434,0.8334608674049377,,,483,,4640.0,1468.8402393
,1779608988.7735279,0.847299337387085,,,484,,4650.0,1470.9064862
,1779608990.8428845,0.874350905418396,,,485,,4660.0,1472.9751752
,1779608992.9162388,0.826634407043457,,,486,,4670.0,1475.049067
,1779608994.9855907,0.8489511013031006,,,487,,4680.0,1477.1178813
,1779608997.0571032,0.8413087725639343,,,488,,4690.0,1479.1893936
,1779608999.1293106,0.8399710059165955,,,489,,4700.0,1481.2621681
,1779609001.198623,0.8345456719398499,,,490,,4710.0,1483.3316996
,1779609003.295366,0.864973783493042,,,491,,4720.0,1485.4283314
,1779609005.4393125,0.814784049987793,,,492,,4730.0,1487.5721272
,1779609007.503637,0.8432100415229797,,,493,,4740.0,1489.6367351
1.6657088994979858,1779609033.6796613,,,0.00010576819746349742,494,0.6522529721260071,4750.0,1515.8125788
,1779609033.885771,0.8256620764732361,,,495,,4750.0,1516.0189177
,1779609035.8965294,0.8464131355285645,,,496,,4760.0,1518.0295234
,1779609038.0044389,0.8291797637939453,,,497,,4770.0,1520.1371566
,1779609040.1517203,0.8161070942878723,,,498,,4780.0,1522.2845177
,1779609042.2260325,0.8489570617675781,,,499,,4790.0,1524.3583228
,1779609044.3154726,0.8542095422744751,,,500,,4800.0,1526.4484077
,1779609046.4006574,0.8303664922714233,,,501,,4810.0,1528.5339368
,1779609048.4895425,0.8387795686721802,,,502,,4820.0,1530.6218328
,1779609050.5721684,0.837332010269165,,,503,,4830.0,1532.7049758
,1779609052.6601963,0.833060622215271,,,504,,4840.0,1534.7927943
,1779609054.738829,0.8161478638648987,,,505,,4850.0,1536.8725121
,1779609056.8171167,0.838948130607605,,,506,,4860.0,1538.9499129
,1779609058.8982522,0.8425732254981995,,,507,,4870.0,1541.0310461
,1779609060.9809222,0.8342456817626953,,,508,,4880.0,1543.1145608
,1779609063.0650072,0.8146965503692627,,,509,,4890.0,1545.1978331
,1779609065.1523397,0.8214561343193054,,,510,,4900.0,1547.2846303
,1779609067.2382023,0.8433778882026672,,,511,,4910.0,1549.3704929
,1779609069.3234046,0.8429465889930725,,,512,,4920.0,1551.4564814
,1779609071.4076228,0.8441637754440308,,,513,,4930.0,1553.5404195
,1779609073.49239,0.8182954788208008,,,514,,4940.0,1555.62519
,1779609075.5789285,0.8294538259506226,,,515,,4950.0,1557.7117387
,1779609077.6645713,0.8187947869300842,,,516,,4960.0,1559.7968619
,1779609079.746438,0.8127256631851196,,,517,,4970.0,1561.8793884
,1779609081.8281994,0.8449276685714722,,,518,,4980.0,1563.9610075
,1779609083.908835,0.8160468339920044,,,519,,4990.0,1566.042096
1.679567813873291,1779609110.0796335,,,0.0001,520,0.6365488767623901,5000.0,1592.2132134
,1779609110.2824562,0.8391708731651306,,,521,,5000.0,1592.4210835
,1779609110.946003,,"{'size': 271, '_type': 'html-file', 'sha256': '8ebdd4c012373a34090d697b58eae3086d3d7217d72250ed7ab368440742d1c0', 'path': 'media/html/Sample Generation_522_8ebdd4c012373a34090d.html'}",,522,,,1593.0788118
