val/loss,train/loss,train/step_loss,iter,_step,lr,_runtime,_timestamp,Sample Generation
5.469336986541748,5.479776382446289,,0.0,0,9.900990099009901e-06,12.46329,1779636918.3457234,
,,5.087025165557861,0.0,1,,12.5711768,1779636918.4537513,
,,4.206793785095215,10.0,2,,13.5213152,1779636919.4046662,
,,3.3424015045166016,20.0,3,,14.4680991,1779636920.3509467,
,,3.31612491607666,30.0,4,,15.4127044,1779636921.295549,
,,3.2960596084594727,40.0,5,,16.3537037,1779636922.2365499,
,,3.322720527648926,50.0,6,,17.2960216,1779636923.1788661,
,,3.0385937690734863,60.0,7,,18.2320759,1779636924.1149223,
,,2.694125175476074,70.0,8,,19.1771379,1779636925.0598073,
,,2.6124267578125,80.0,9,,20.1289886,1779636926.0116227,
,,2.5429959297180176,90.0,10,,21.0747563,1779636926.9575129,
,,2.5068202018737793,100.0,11,,22.0209341,1779636927.9035218,
,,2.496652603149414,110.0,12,,22.9708037,1779636928.8536484,
,,2.4741299152374268,120.0,13,,23.9081729,1779636929.7910185,
,,2.4694457054138184,130.0,14,,24.8580718,1779636930.7403219,
,,2.442685127258301,140.0,15,,25.8040044,1779636931.6860828,
,,2.4274213314056396,150.0,16,,26.7484451,1779636932.631288,
,,2.4414308071136475,160.0,17,,27.6956984,1779636933.5775445,
,,2.3982014656066895,170.0,18,,28.6517803,1779636934.5346274,
,,2.348395586013794,180.0,19,,29.599348,1779636935.482076,
,,2.3303825855255127,190.0,20,,30.5430915,1779636936.4259381,
,,2.2951509952545166,200.0,21,,31.5020008,1779636937.3847947,
,,2.270395278930664,210.0,22,,32.4458711,1779636938.3287172,
,,2.251199245452881,220.0,23,,33.394423,1779636939.2772398,
,,2.230409622192383,230.0,24,,34.3432507,1779636940.2260969,
,,2.186420202255249,240.0,25,,35.2915482,1779636941.174187,
2.1820764541625977,2.1131982803344727,,250.0,26,0.0009979206008271391,48.2952932,1779636954.177719,
,,2.17986798286438,250.0,27,,48.3944814,1779636954.277237,
,,2.1381895542144775,260.0,28,,49.3462385,1779636955.229082,
,,2.1183080673217773,270.0,29,,50.2954195,1779636956.1782646,
,,2.0964012145996094,280.0,30,,51.2403786,1779636957.1232226,
,,2.0455925464630127,290.0,31,,52.1879223,1779636958.0707684,
,,2.0238499641418457,300.0,32,,53.1294147,1779636959.0127654,
,,1.9891103506088257,310.0,33,,54.0856224,1779636959.9682107,
,,2.0393471717834473,320.0,34,,55.0430064,1779636960.9257576,
,,1.955191731452942,330.0,35,,56.0044519,1779636961.8872979,
,,1.9486788511276245,340.0,36,,56.959495,1779636962.8414214,
,,1.9355477094650269,350.0,37,,57.9033658,1779636963.7862065,
,,1.9004586935043335,360.0,38,,58.8642757,1779636964.7467418,
,,1.8901159763336182,370.0,39,,59.8232701,1779636965.7061157,
,,1.8312039375305176,380.0,40,,60.7714294,1779636966.653824,
,,1.8477014303207397,390.0,41,,61.7543321,1779636967.637179,
,,1.8657293319702148,400.0,42,,62.7048296,1779636968.58767,
,,1.804479718208313,410.0,43,,63.6570437,1779636969.5398903,
,,1.8228811025619507,420.0,44,,64.6328379,1779636970.5156214,
,,1.7751123905181885,430.0,45,,65.5803307,1779636971.4629211,
,,1.7728943824768066,440.0,46,,66.5401377,1779636972.422163,
,,1.7400317192077637,450.0,47,,67.4831715,1779636973.3660176,
,,1.7520372867584229,460.0,48,,68.4452552,1779636974.3280075,
,,1.7524206638336182,470.0,49,,69.4045524,1779636975.2873979,
,,1.7516186237335205,480.0,50,,70.3618546,1779636976.2445397,
,,1.698280930519104,490.0,51,,71.3098614,1779636977.1927068,
1.7963541746139526,1.6177209615707397,,500.0,52,0.0009852826883675631,84.3830824,1779636990.2658145,
,,1.7340556383132935,500.0,53,,84.4815607,1779636990.3638594,
,,1.6909383535385132,510.0,54,,85.4410859,1779636991.323928,
,,1.6767483949661255,520.0,55,,86.3939841,1779636992.2761023,
,,1.699305534362793,530.0,56,,87.3566602,1779636993.239507,
,,1.7036783695220947,540.0,57,,88.307411,1779636994.1901193,
,,1.6731393337249756,550.0,58,,89.2688109,1779636995.1516514,
,,1.6362508535385132,560.0,59,,90.2170388,1779636996.1003897,
,,1.6138757467269897,570.0,60,,91.1706698,1779636997.053476,
,,1.6178550720214844,580.0,61,,92.126082,1779636998.0082667,
,,1.6094586849212646,590.0,62,,93.0977492,1779636998.979919,
,,1.6168286800384521,600.0,63,,94.0570619,1779636999.9396093,
,,1.6200065612792969,610.0,64,,95.0064468,1779637000.888611,
,,1.6074743270874023,620.0,65,,95.9555233,1779637001.83837,
,,1.6106154918670654,630.0,66,,96.9122939,1779637002.7951384,
,,1.5752620697021484,640.0,67,,97.8760725,1779637003.7590275,
,,1.5390957593917847,650.0,68,,98.8186517,1779637004.7020025,
,,1.5923324823379517,660.0,69,,99.7742845,1779637005.6567569,
,,1.583202600479126,670.0,70,,100.7227045,1779637006.6055357,
,,1.571111798286438,680.0,71,,101.6865747,1779637007.5694149,
,,1.5360100269317627,690.0,72,,102.6423344,1779637008.5256853,
,,1.5195995569229126,700.0,73,,103.5928465,1779637009.4755843,
,,1.5472240447998047,710.0,74,,104.544312,1779637010.4267926,
,,1.504526972770691,720.0,75,,105.5009153,1779637011.3833344,
,,1.5313395261764526,730.0,76,,106.4641833,1779637012.3469932,
,,1.5110301971435547,740.0,77,,107.4163811,1779637013.2992232,
1.6442774534225464,1.4351511001586914,,750.0,78,0.0009614856803571157,120.5288008,1779637026.4115276,
,,1.4992625713348389,750.0,79,,120.6312047,1779637026.5137436,
,,1.5131456851959229,760.0,80,,121.5888953,1779637027.47174,
,,1.5103927850723267,770.0,81,,122.548237,1779637028.4310813,
,,1.5308201313018799,780.0,82,,123.5070215,1779637029.3898683,
,,1.5185797214508057,790.0,83,,124.4618634,1779637030.3446655,
,,1.4892040491104126,800.0,84,,125.4242861,1779637031.3071315,
,,1.4950456619262695,810.0,85,,126.3817986,1779637032.264443,
,,1.47163724899292,820.0,86,,127.3344108,1779637033.2172534,
,,1.5084259510040283,830.0,87,,128.2881028,1779637034.170838,
,,1.4885278940200806,840.0,88,,129.2556779,1779637035.1379824,
,,1.4771552085876465,850.0,89,,130.2133897,1779637036.0962358,
,,1.4750548601150513,860.0,90,,131.1690052,1779637037.05178,
,,1.4644591808319092,870.0,91,,132.1299339,1779637038.012713,
,,1.5196300745010376,880.0,92,,133.076357,1779637038.959203,
,,1.482094645500183,890.0,93,,134.0371831,1779637039.920027,
,,1.4040367603302002,900.0,94,,134.9998472,1779637040.8826923,
,,1.409851312637329,910.0,95,,135.9630608,1779637041.8453581,
,,1.4653708934783936,920.0,96,,136.9215736,1779637042.804419,
,,1.4547080993652344,930.0,97,,137.8785323,1779637043.761378,
,,1.4642397165298462,940.0,98,,138.8440024,1779637044.7268488,
,,1.4440631866455078,950.0,99,,139.8001198,1779637045.6819658,
,,1.4372764825820923,960.0,100,,140.7564536,1779637046.6392868,
,,1.4210799932479858,970.0,101,,141.7095829,1779637047.5914302,
,,1.4059208631515503,980.0,102,,142.6606209,1779637048.5434663,
,,1.454047441482544,990.0,103,,143.61508,1779637049.4975328,
1.571967363357544,1.3463544845581055,,1000.0,104,0.0009271396472013282,156.6979987,1779637062.5797238,
,,1.4075711965560913,1000.0,105,,156.7946965,1779637062.6765263,
,,1.423769235610962,1010.0,106,,157.7492641,1779637063.6321082,
,,1.4113471508026123,1020.0,107,,158.705112,1779637064.5876365,
,,1.4247775077819824,1030.0,108,,159.6626719,1779637065.5451536,
,,1.4041959047317505,1040.0,109,,160.6159309,1779637066.498115,
,,1.4373440742492676,1050.0,110,,161.5814513,1779637067.4642944,
,,1.4200447797775269,1060.0,111,,162.5485256,1779637068.4313676,
,,1.4024980068206787,1070.0,112,,163.5007215,1779637069.383563,
,,1.385127067565918,1080.0,113,,164.4459557,1779637070.3288,
,,1.397985577583313,1090.0,114,,165.401049,1779637071.2838466,
,,1.4118967056274414,1100.0,115,,166.3560039,1779637072.2388504,
,,1.3915011882781982,1110.0,116,,167.3112468,1779637073.1938396,
,,1.3862241506576538,1120.0,117,,168.2710444,1779637074.1538901,
,,1.400105357170105,1130.0,118,,169.222935,1779637075.1056488,
,,1.4221707582473755,1140.0,119,,170.1755066,1779637076.0583024,
,,1.403307318687439,1150.0,120,,171.13436,1779637077.0171716,
,,1.3786344528198242,1160.0,121,,172.0894939,1779637077.9723396,
,,1.3590954542160034,1170.0,122,,173.0425067,1779637078.9253507,
,,1.3671239614486694,1180.0,123,,173.9939231,1779637079.876441,
,,1.364333987236023,1190.0,124,,174.9492875,1779637080.832133,
,,1.3646541833877563,1200.0,125,,175.9019798,1779637081.7848017,
,,1.3494094610214233,1210.0,126,,176.8599274,1779637082.7427723,
,,1.349467158317566,1220.0,127,,177.8209811,1779637083.703229,
,,1.3636037111282349,1230.0,128,,178.7733184,1779637084.655627,
,,1.3464840650558472,1240.0,129,,179.721452,1779637085.6042933,
1.5265220403671265,1.2808403968811035,,1250.0,130,0.000883125098683892,192.8365203,1779637098.7180576,
,,1.38275146484375,1250.0,131,,192.9354732,1779637098.817518,
,,1.3733716011047363,1260.0,132,,193.8905673,1779637099.7734084,
,,1.3259096145629883,1270.0,133,,194.8430103,1779637100.7258515,
,,1.3681360483169556,1280.0,134,,195.8155951,1779637101.6984398,
,,1.3271886110305786,1290.0,135,,196.7639428,1779637102.6467886,
,,1.3590476512908936,1300.0,136,,197.7352494,1779637103.6180918,
,,1.3440812826156616,1310.0,137,,198.6914855,1779637104.5743325,
,,1.289431095123291,1320.0,138,,199.6374562,1779637105.5204933,
,,1.3152607679367065,1330.0,139,,200.5952672,1779637106.4780369,
,,1.330428123474121,1340.0,140,,201.5427829,1779637107.4247406,
,,1.3579161167144775,1350.0,141,,202.4907201,1779637108.3735669,
,,1.3564542531967163,1360.0,142,,203.4416656,1779637109.3245058,
,,1.3178447484970093,1370.0,143,,204.3928453,1779637110.2755475,
,,1.331730604171753,1380.0,144,,205.3500627,1779637111.2324595,
,,1.3453086614608765,1390.0,145,,206.3010288,1779637112.1838539,
,,1.3348429203033447,1400.0,146,,207.2477823,1779637113.1306298,
,,1.3162600994110107,1410.0,147,,208.2135235,1779637114.0962052,
,,1.3081353902816772,1420.0,148,,209.1675135,1779637115.0503607,
,,1.3127979040145874,1430.0,149,,210.1238674,1779637116.0067108,
,,1.326214075088501,1440.0,150,,211.0839048,1779637116.9667456,
,,1.3008836507797241,1450.0,151,,212.0420627,1779637117.9249005,
,,1.3058127164840698,1460.0,152,,213.0010645,1779637118.8840086,
,,1.3241286277770996,1470.0,153,,213.9515305,1779637119.8343773,
,,1.308620572090149,1480.0,154,,214.9062648,1779637120.7890954,
,,1.3150159120559692,1490.0,155,,215.8640419,1779637121.7468858,
1.5182676315307617,1.2344108819961548,,1500.0,156,0.0008305704108364302,228.9733842,1779637134.8562293,
,,1.297160029411316,1500.0,157,,229.0768063,1779637134.9587305,
,,1.3052784204483032,1510.0,158,,230.0407528,1779637135.9234345,
,,1.3020669221878052,1520.0,159,,230.9984146,1779637136.8812594,
,,1.2821182012557983,1530.0,160,,231.9752845,1779637137.8581297,
,,1.2897429466247559,1540.0,161,,232.9273613,1779637138.8102064,
,,1.3079710006713867,1550.0,162,,233.8880637,1779637139.7709074,
,,1.2886539697647095,1560.0,163,,234.8467867,1779637140.7296338,
,,1.2789223194122314,1570.0,164,,235.8018545,1779637141.6846662,
,,1.2813522815704346,1580.0,165,,236.7521793,1779637142.6350253,
,,1.3140528202056885,1590.0,166,,237.7230969,1779637143.6057792,
,,1.3152388334274292,1600.0,167,,238.6853581,1779637144.5678306,
,,1.270524024963379,1610.0,168,,239.6538606,1779637145.536521,
,,1.278839111328125,1620.0,169,,240.6080296,1779637146.4908762,
,,1.3020786046981812,1630.0,170,,241.5609527,1779637147.4443035,
,,1.2681210041046143,1640.0,171,,242.5207188,1779637148.4035466,
,,1.272043228149414,1650.0,172,,243.4749482,1779637149.357507,
,,1.28237783908844,1660.0,173,,244.4311878,1779637150.3140337,
,,1.2756903171539307,1670.0,174,,245.3884059,1779637151.2712512,
,,1.2667391300201416,1680.0,175,,246.3459608,1779637152.2288074,
,,1.2587391138076782,1690.0,176,,247.3051772,1779637153.1879323,
,,1.283435583114624,1700.0,177,,248.2601379,1779637154.1429343,
,,1.2598156929016113,1710.0,178,,249.217909,1779637155.1012597,
,,1.2965736389160156,1720.0,179,,250.1754108,1779637156.0575492,
,,1.28904128074646,1730.0,180,,251.1294064,1779637157.0122519,
,,1.2708098888397217,1740.0,181,,252.1090168,1779637157.9917142,
1.497206449508667,1.1949546337127686,,1750.0,182,0.0007708228984017721,265.2308726,1779637171.1132247,
,,1.2318158149719238,1750.0,183,,265.3279266,1779637171.2106051,
,,1.2803140878677368,1760.0,184,,266.2865256,1779637172.1695504,
,,1.2642391920089722,1770.0,185,,267.2489681,1779637173.131505,
,,1.28367018699646,1780.0,186,,268.2103137,1779637174.093141,
,,1.2826027870178223,1790.0,187,,269.1667947,1779637175.0501456,
,,1.2608850002288818,1800.0,188,,270.1215829,1779637176.004383,
,,1.2385404109954834,1810.0,189,,271.0805045,1779637176.9633508,
,,1.2559502124786377,1820.0,190,,272.0240501,1779637177.9064379,
,,1.229512333869934,1830.0,191,,272.9802229,1779637178.8628666,
,,1.263674020767212,1840.0,192,,273.9255602,1779637179.8084066,
,,1.2735532522201538,1850.0,193,,274.8814782,1779637180.7643247,
,,1.2545337677001953,1860.0,194,,275.837619,1779637181.720463,
,,1.2386133670806885,1870.0,195,,276.7843796,1779637182.6672235,
,,1.2266656160354614,1880.0,196,,277.7448627,1779637183.62771,
,,1.2475837469100952,1890.0,197,,278.7056562,1779637184.5890071,
,,1.229990005493164,1900.0,198,,279.6605163,1779637185.5433583,
,,1.242571473121643,1910.0,199,,280.6083598,1779637186.4911535,
,,1.2446174621582031,1920.0,200,,281.5697853,1779637187.4524684,
,,1.2464381456375122,1930.0,201,,282.5267842,1779637188.4095352,
,,1.2654361724853516,1940.0,202,,283.4839442,1779637189.367295,
,,1.2752844095230103,1950.0,203,,284.4355037,1779637190.318349,
,,1.2790943384170532,1960.0,204,,285.3921098,1779637191.274954,
,,1.226393222808838,1970.0,205,,286.3500822,1779637192.232927,
,,1.2493005990982056,1980.0,206,,287.3013097,1779637193.1839821,
,,1.267063856124878,1990.0,207,,288.2534098,1779637194.1362536,
1.4900927543640137,1.161123275756836,,2000.0,208,0.0007054142744895884,301.3561353,1779637207.2381763,
,,1.231290340423584,2000.0,209,,301.4549669,1779637207.3376472,
,,1.2476838827133179,2010.0,210,,302.4082404,1779637208.2910867,
,,1.2343039512634277,2020.0,211,,303.3640959,1779637209.2469392,
,,1.2574715614318848,2030.0,212,,304.3272415,1779637210.2100863,
,,1.2453842163085938,2040.0,213,,305.2798344,1779637211.1626806,
,,1.2618250846862793,2050.0,214,,306.2296179,1779637212.1124604,
,,1.226189136505127,2060.0,215,,307.1930429,1779637213.074461,
,,1.2385417222976685,2070.0,216,,308.1698833,1779637214.0524077,
,,1.2084455490112305,2080.0,217,,309.1297299,1779637215.012553,
,,1.2380906343460083,2090.0,218,,310.0997584,1779637215.9826038,
,,1.2116624116897583,2100.0,219,,311.052185,1779637216.9350297,
,,1.233135461807251,2110.0,220,,312.0193053,1779637217.9018793,
,,1.2087137699127197,2120.0,221,,312.968776,1779637218.8507826,
,,1.226830005645752,2130.0,222,,313.9172281,1779637219.7999492,
,,1.2406655550003052,2140.0,223,,314.8934471,1779637220.7762864,
,,1.2022936344146729,2150.0,224,,315.839956,1779637221.722799,
,,1.2171322107315063,2160.0,225,,316.7982346,1779637222.6808827,
,,1.2327908277511597,2170.0,226,,317.7412206,1779637223.6240644,
,,1.2115564346313477,2180.0,227,,318.700147,1779637224.5829923,
,,1.217417597770691,2190.0,228,,319.650479,1779637225.533326,
,,1.2237191200256348,2200.0,229,,320.6017026,1779637226.4845495,
,,1.2130159139633179,2210.0,230,,321.5485408,1779637227.4313858,
,,1.1941324472427368,2220.0,231,,322.512131,1779637228.3948994,
,,1.211480736732483,2230.0,232,,323.4776097,1779637229.3604553,
,,1.220136046409607,2240.0,233,,324.4359568,1779637230.3187618,
1.4853646755218506,1.119254469871521,,2250.0,234,0.0006360213829156177,337.5260031,1779637243.407528,
,,1.1966935396194458,2250.0,235,,337.6290511,1779637243.5118964,
,,1.1999869346618652,2260.0,236,,338.5827405,1779637244.4655,
,,1.2237268686294556,2270.0,237,,339.5344372,1779637245.417281,
,,1.1921426057815552,2280.0,238,,340.4744143,1779637246.357013,
,,1.2332617044448853,2290.0,239,,341.429785,1779637247.312631,
,,1.2148834466934204,2300.0,240,,342.3812654,1779637248.2646163,
,,1.1855785846710205,2310.0,241,,343.3350381,1779637249.217875,
,,1.201316237449646,2320.0,242,,344.2903704,1779637250.1732118,
,,1.211792230606079,2330.0,243,,345.2399993,1779637251.1228447,
,,1.19235098361969,2340.0,244,,346.1955354,1779637252.0776095,
,,1.2009140253067017,2350.0,245,,347.1434004,1779637253.0267513,
,,1.2290863990783691,2360.0,246,,348.1029402,1779637253.9855583,
,,1.2088760137557983,2370.0,247,,349.0537471,1779637254.936498,
,,1.2024540901184082,2380.0,248,,350.0228807,1779637255.9056478,
,,1.20784330368042,2390.0,249,,350.9762376,1779637256.8590844,
,,1.1838867664337158,2400.0,250,,351.9290114,1779637257.8118563,
,,1.2136309146881104,2410.0,251,,352.882312,1779637258.7651584,
,,1.1802722215652466,2420.0,252,,353.8406298,1779637259.7226489,
,,1.1576781272888184,2430.0,253,,354.7925118,1779637260.67481,
,,1.210937261581421,2440.0,254,,355.7607929,1779637261.6436386,
,,1.1639431715011597,2450.0,255,,356.7176234,1779637262.6004694,
,,1.198712706565857,2460.0,256,,357.6917296,1779637263.5742984,
,,1.153219223022461,2470.0,257,,358.6656113,1779637264.5481613,
,,1.1667567491531372,2480.0,258,,359.6864138,1779637265.5692585,
,,1.1714690923690796,2490.0,259,,360.6652865,1779637266.5481331,
1.4813470840454102,1.0871570110321045,,2500.0,260,0.000564423209907245,373.9415352,1779637279.8233535,
,,1.160902500152588,2500.0,261,,374.0408196,1779637279.9229493,
,,1.1789796352386475,2510.0,262,,375.0172117,1779637280.899497,
,,1.1647197008132935,2520.0,263,,375.9892891,1779637281.8717337,
,,1.1645047664642334,2530.0,264,,376.9946721,1779637282.8772874,
,,1.160215973854065,2540.0,265,,378.0235095,1779637283.9059944,
,,1.1757404804229736,2550.0,266,,378.9951329,1779637284.8774645,
,,1.1589686870574951,2560.0,267,,379.9421319,1779637285.8241143,
,,1.1573494672775269,2570.0,268,,380.8990558,1779637286.7808988,
,,1.1925910711288452,2580.0,269,,381.8559352,1779637287.7379816,
,,1.182395339012146,2590.0,270,,382.8141613,1779637288.6969793,
,,1.182930588722229,2600.0,271,,383.7897884,1779637289.6726344,
,,1.1473212242126465,2610.0,272,,384.7616575,1779637290.6440988,
,,1.1552329063415527,2620.0,273,,385.7252844,1779637291.6079311,
,,1.1700516939163208,2630.0,274,,386.6981262,1779637292.5807781,
,,1.1306730508804321,2640.0,275,,387.6884055,1779637293.57125,
,,1.1655328273773193,2650.0,276,,388.6454464,1779637294.5278807,
,,1.132611632347107,2660.0,277,,389.6044435,1779637295.4872901,
,,1.1634280681610107,2670.0,278,,390.5598437,1779637296.4424086,
,,1.1336265802383423,2680.0,279,,391.5315262,1779637297.4143674,
,,1.1694363355636597,2690.0,280,,392.5252178,1779637298.4072156,
,,1.1279975175857544,2700.0,281,,393.4813688,1779637299.3642163,
,,1.133217692375183,2710.0,282,,394.4565479,1779637300.3388426,
,,1.1283844709396362,2720.0,283,,395.4380124,1779637301.320363,
,,1.1402958631515503,2730.0,284,,396.4707129,1779637302.3535585,
,,1.1614983081817627,2740.0,285,,397.440392,1779637303.323238,
1.4916225671768188,1.0576167106628418,,2750.0,286,0.0004924552772419723,410.6416059,1779637316.5236962,
,,1.1254236698150635,2750.0,287,,410.7394595,1779637316.6223035,
,,1.1491725444793701,2760.0,288,,411.6945423,1779637317.5773394,
,,1.1386446952819824,2770.0,289,,412.6463129,1779637318.5291574,
,,1.1169731616973877,2780.0,290,,413.6130895,1779637319.495936,
,,1.1591764688491821,2790.0,291,,414.5633946,1779637320.4453783,
,,1.1320617198944092,2800.0,292,,415.5143637,1779637321.3972101,
,,1.1491137742996216,2810.0,293,,416.490524,1779637322.3733702,
,,1.1507502794265747,2820.0,294,,417.4501104,1779637323.3327165,
,,1.1553747653961182,2830.0,295,,418.4091608,1779637324.2920072,
,,1.125498652458191,2840.0,296,,419.3727076,1779637325.2555532,
,,1.1202011108398438,2850.0,297,,420.3240535,1779637326.2068326,
,,1.145638108253479,2860.0,298,,421.2806481,1779637327.1634943,
,,1.1302170753479004,2870.0,299,,422.2469198,1779637328.1297653,
,,1.1432490348815918,2880.0,300,,423.2065049,1779637329.08935,
,,1.1095218658447266,2890.0,301,,424.1593895,1779637330.0422137,
,,1.135898232460022,2900.0,302,,425.1165826,1779637330.9994292,
,,1.1378376483917236,2910.0,303,,426.0752342,1779637331.958585,
,,1.1362965106964111,2920.0,304,,427.0391684,1779637332.922012,
,,1.1026766300201416,2930.0,305,,427.990539,1779637333.8733826,
,,1.1339538097381592,2940.0,306,,428.9513909,1779637334.8340113,
,,1.13375985622406,2950.0,307,,429.9096392,1779637335.7923188,
,,1.1259561777114868,2960.0,308,,430.8651079,1779637336.7484589,
,,1.0911803245544434,2970.0,309,,431.8165818,1779637337.6995726,
,,1.1058233976364136,2980.0,310,,432.7738223,1779637338.6566656,
,,1.1024806499481201,2990.0,311,,433.7236099,1779637339.6064498,
1.4903149604797363,1.0235556364059448,,3000.0,312,0.0004219625860160354,446.8108958,1779637352.6932445,
,,1.1277090311050415,3000.0,313,,446.9114841,1779637352.794215,
,,1.1333558559417725,3010.0,314,,447.8748034,1779637353.7576482,
,,1.130692958831787,3020.0,315,,448.8274018,1779637354.710248,
,,1.1350905895233154,3030.0,316,,449.785011,1779637355.667854,
,,1.1328243017196655,3040.0,317,,450.7334458,1779637356.616292,
,,1.1223440170288086,3050.0,318,,451.6971655,1779637357.579749,
,,1.1303539276123047,3060.0,319,,452.660442,1779637358.5425124,
,,1.1160742044448853,3070.0,320,,453.6177519,1779637359.4999611,
,,1.0948587656021118,3080.0,321,,454.5725477,1779637360.4553938,
,,1.1028573513031006,3090.0,322,,455.5264729,1779637361.4098237,
,,1.1500966548919678,3100.0,323,,456.4829692,1779637362.3658154,
,,1.1027268171310425,3110.0,324,,457.4595452,1779637363.3423767,
,,1.111314296722412,3120.0,325,,458.4152799,1779637364.2981253,
,,1.0905020236968994,3130.0,326,,459.370234,1779637365.2526755,
,,1.108956217765808,3140.0,327,,460.3383539,1779637366.221198,
,,1.1174671649932861,3150.0,328,,461.2982324,1779637367.1810794,
,,1.103027105331421,3160.0,329,,462.2598234,1779637368.1418905,
,,1.099156379699707,3170.0,330,,463.220658,1779637369.1034515,
,,1.0919653177261353,3180.0,331,,464.172962,1779637370.055809,
,,1.0898758172988892,3190.0,332,,465.1260955,1779637371.0089397,
,,1.1075400114059448,3200.0,333,,466.077639,1779637371.9604845,
,,1.0911028385162354,3210.0,334,,467.0322275,1779637372.9150724,
,,1.0887562036514282,3220.0,335,,467.986125,1779637373.8694758,
,,1.089928388595581,3230.0,336,,468.9545204,1779637374.8373601,
,,1.1054099798202515,3240.0,337,,469.9186704,1779637375.801495,
1.5043684244155884,0.9921006560325623,,3250.0,338,0.00035475231739709885,483.0359387,1779637388.918781,
,,1.056941032409668,3250.0,339,,483.1323014,1779637389.0151474,
,,1.0904264450073242,3260.0,340,,484.0794645,1779637389.9623086,
,,1.1105695962905884,3270.0,341,,485.0346319,1779637390.9174778,
,,1.085974097251892,3280.0,342,,485.9886399,1779637391.8714836,
,,1.1067310571670532,3290.0,343,,486.9494776,1779637392.8321867,
,,1.0847971439361572,3300.0,344,,487.901785,1779637393.7836313,
,,1.0736618041992188,3310.0,345,,488.8673847,1779637394.7502275,
,,1.1011064052581787,3320.0,346,,489.8249696,1779637395.7077918,
,,1.0898936986923218,3330.0,347,,490.7796747,1779637396.6625216,
,,1.093707799911499,3340.0,348,,491.7346321,1779637397.617476,
,,1.1227991580963135,3350.0,349,,492.694553,1779637398.577137,
,,1.085339903831482,3360.0,350,,493.6507629,1779637399.5334706,
,,1.0979856252670288,3370.0,351,,494.6234507,1779637400.5062983,
,,1.098349928855896,3380.0,352,,495.5725282,1779637401.4551198,
,,1.0852110385894775,3390.0,353,,496.531558,1779637402.4142625,
,,1.079283356666565,3400.0,354,,497.4974717,1779637403.3803082,
,,1.0653609037399292,3410.0,355,,498.44958,1779637404.332424,
,,1.0769951343536377,3420.0,356,,499.4179801,1779637405.300629,
,,1.0865870714187622,3430.0,357,,500.3712775,1779637406.2541237,
,,1.0700713396072388,3440.0,358,,501.3212672,1779637407.2041123,
,,1.0788224935531616,3450.0,359,,502.3058394,1779637408.1886837,
,,1.0874875783920288,3460.0,360,,503.3285275,1779637409.2102075,
,,1.0724170207977295,3470.0,361,,504.2888077,1779637410.171643,
,,1.080272912979126,3480.0,362,,505.2433868,1779637411.1262324,
,,1.0843563079833984,3490.0,363,,506.1966501,1779637412.07937,
1.5042184591293335,0.9624069929122925,,3500.0,364,0.0002925475029450237,519.3021787,1779637425.1844714,
,,1.0669217109680176,3500.0,365,,519.4039815,1779637425.286825,
,,1.0997989177703857,3510.0,366,,520.3563941,1779637426.2391727,
,,1.074497938156128,3520.0,367,,521.3172746,1779637427.2006254,
,,1.0848256349563599,3530.0,368,,522.2750519,1779637428.157897,
,,1.0475993156433105,3540.0,369,,523.2294526,1779637429.1114118,
,,1.099144697189331,3550.0,370,,524.1865353,1779637430.0690293,
,,1.074967384338379,3560.0,371,,525.1445011,1779637431.0271423,
,,1.052859902381897,3570.0,372,,526.0964384,1779637431.979262,
,,1.0638890266418457,3580.0,373,,527.0716445,1779637432.9544854,
,,1.0820903778076172,3590.0,374,,528.0329322,1779637433.9157448,
,,1.06157648563385,3600.0,375,,528.990869,1779637434.8730764,
,,1.0688117742538452,3610.0,376,,529.9510083,1779637435.8335693,
,,1.0597466230392456,3620.0,377,,530.9044964,1779637436.7873406,
,,1.0592947006225586,3630.0,378,,531.8755828,1779637437.7583435,
,,1.081861972808838,3640.0,379,,532.8334797,1779637438.7161963,
,,1.0722402334213257,3650.0,380,,533.7904398,1779637439.6732855,
,,1.063437581062317,3660.0,381,,534.754893,1779637440.6377354,
,,1.0702478885650635,3670.0,382,,535.7101144,1779637441.59296,
,,1.0669071674346924,3680.0,383,,536.6678089,1779637442.550635,
,,1.0511921644210815,3690.0,384,,537.6226947,1779637443.5054545,
,,1.0508918762207031,3700.0,385,,538.5842018,1779637444.467043,
,,1.049257755279541,3710.0,386,,539.5473203,1779637445.4301636,
,,1.0637550354003906,3720.0,387,,540.5149395,1779637446.3977866,
,,1.0672783851623535,3730.0,388,,541.4745965,1779637447.3574426,
,,1.0400956869125366,3740.0,389,,542.4241413,1779637448.3069866,
1.5201133489608765,0.9338498711585999,,3750.0,390,0.00023694285222843113,555.5076954,1779637461.39,
,,1.0618739128112793,3750.0,391,,555.605938,1779637461.4877741,
,,1.0404387712478638,3760.0,392,,556.561319,1779637462.4441655,
,,1.0463316440582275,3770.0,393,,557.5156974,1779637463.399048,
,,1.0754021406173706,3780.0,394,,558.46936,1779637464.3522072,
,,1.0454964637756348,3790.0,395,,559.4287283,1779637465.3115702,
,,1.0349915027618408,3800.0,396,,560.3814281,1779637466.2640665,
,,1.0516536235809326,3810.0,397,,561.3306508,1779637467.2133236,
,,1.0478726625442505,3820.0,398,,562.2849626,1779637468.167809,
,,1.0500391721725464,3830.0,399,,563.2421745,1779637469.1250212,
,,1.0465500354766846,3840.0,400,,564.1956151,1779637470.0784576,
,,1.0363078117370605,3850.0,401,,565.1720037,1779637471.0548499,
,,1.0474791526794434,3860.0,402,,566.1280214,1779637472.0108674,
,,1.0272767543792725,3870.0,403,,567.0932859,1779637472.9761117,
,,1.0359588861465454,3880.0,404,,568.0542432,1779637473.9361367,
,,1.0392563343048096,3890.0,405,,569.0137101,1779637474.896267,
,,1.032558560371399,3900.0,406,,569.9621816,1779637475.8437624,
,,1.0475701093673706,3910.0,407,,570.9233498,1779637476.8061912,
,,1.0358030796051025,3920.0,408,,571.8753741,1779637477.7582211,
,,1.033483862876892,3930.0,409,,572.8306907,1779637478.7135355,
,,1.055701494216919,3940.0,410,,573.8003571,1779637479.6825671,
,,1.0472849607467651,3950.0,411,,574.749131,1779637480.6319761,
,,1.034775972366333,3960.0,412,,575.6976055,1779637481.5804505,
,,1.0370850563049316,3970.0,413,,576.6606019,1779637482.5434387,
,,1.0086023807525635,3980.0,414,,577.6127723,1779637483.4956188,
,,1.0227009057998657,3990.0,415,,578.5659781,1779637484.4486334,
1.5347148180007935,0.9123939275741577,,4000.0,416,0.00018936387015941957,591.668907,1779637497.5504375,
,,1.042943000793457,4000.0,417,,591.7660607,1779637497.648193,
,,1.0454460382461548,4010.0,418,,592.7345643,1779637498.617409,
,,1.0346308946609497,4020.0,419,,593.6815475,1779637499.5643916,
,,1.0282528400421143,4030.0,420,,594.6536384,1779637500.5364847,
,,1.041770339012146,4040.0,421,,595.6010169,1779637501.4838612,
,,1.0213114023208618,4050.0,422,,596.555259,1779637502.4380577,
,,1.0372529029846191,4060.0,423,,597.4995805,1779637503.382255,
,,1.0233888626098633,4070.0,424,,598.4699052,1779637504.35275,
,,1.0158296823501587,4080.0,425,,599.4264649,1779637505.3093066,
,,1.0417983531951904,4090.0,426,,600.3747651,1779637506.2573538,
,,1.0439866781234741,4100.0,427,,601.3116857,1779637507.1950364,
,,1.0737372636795044,4110.0,428,,602.2809848,1779637508.1638277,
,,1.0142219066619873,4120.0,429,,603.2223066,1779637509.1046515,
,,1.0299084186553955,4130.0,430,,604.173494,1779637510.0550988,
,,1.021236538887024,4140.0,431,,605.1323792,1779637511.015163,
,,1.032846450805664,4150.0,432,,606.083169,1779637511.9658682,
,,1.027456283569336,4160.0,433,,607.033764,1779637512.91661,
,,1.0290594100952148,4170.0,434,,607.9957698,1779637513.878033,
,,1.0166707038879395,4180.0,435,,608.9513132,1779637514.833949,
,,1.047897458076477,4190.0,436,,609.9141934,1779637515.7970393,
,,1.0116899013519287,4200.0,437,,610.8712017,1779637516.7545526,
,,1.0214869976043701,4210.0,438,,611.8230294,1779637517.7063804,
,,1.0286550521850586,4220.0,439,,612.7819736,1779637518.664815,
,,1.0133329629898071,4230.0,440,,613.731525,1779637519.614371,
,,1.0289232730865479,4240.0,441,,614.6783225,1779637520.561237,
1.5305049419403076,0.8912984728813171,,4250.0,442,0.00015103031213214996,627.792163,1779637533.6747496,
,,1.035313367843628,4250.0,443,,627.8927933,1779637533.7748802,
,,1.0088591575622559,4260.0,444,,628.838999,1779637534.721361,
,,1.0211745500564575,4270.0,445,,629.7913169,1779637535.6739244,
,,1.000450611114502,4280.0,446,,630.746846,1779637536.629693,
,,1.036304235458374,4290.0,447,,631.6948313,1779637537.577139,
,,1.0239845514297485,4300.0,448,,632.6526846,1779637538.5353081,
,,0.9996315836906433,4310.0,449,,633.597891,1779637539.4798307,
,,1.0028839111328125,4320.0,450,,634.5489156,1779637540.4316034,
,,1.0426366329193115,4330.0,451,,635.5062093,1779637541.3888018,
,,1.0078232288360596,4340.0,452,,636.4627096,1779637542.3455555,
,,1.0232834815979004,4350.0,453,,637.4190273,1779637543.3018718,
,,1.0215150117874146,4360.0,454,,638.3635457,1779637544.246349,
,,1.0301681756973267,4370.0,455,,639.3287845,1779637545.2116292,
,,1.0189387798309326,4380.0,456,,640.2800273,1779637546.162873,
,,1.011908769607544,4390.0,457,,641.2407346,1779637547.1234558,
,,0.9924562573432922,4400.0,458,,642.1970879,1779637548.0797262,
,,1.0302786827087402,4410.0,459,,643.1481294,1779637549.030973,
,,1.042321801185608,4420.0,460,,644.1243865,1779637550.00702,
,,0.993686318397522,4430.0,461,,645.0769867,1779637550.9598315,
,,0.9956650137901306,4440.0,462,,646.0327467,1779637551.9155908,
,,1.0082662105560303,4450.0,463,,646.9839518,1779637552.866798,
,,1.0209399461746216,4460.0,464,,647.9462854,1779637553.8291247,
,,0.9928535223007202,4470.0,465,,648.9009104,1779637554.7837534,
,,1.0368752479553223,4480.0,466,,649.8537699,1779637555.7371209,
,,1.0092076063156128,4490.0,467,,650.8124107,1779637556.6951125,
1.5419044494628906,0.8750911951065063,,4500.0,468,0.00012292491384519912,663.8813686,1779637569.7641866,
,,1.0202867984771729,4500.0,469,,663.9808733,1779637569.8632855,
,,1.028017282485962,4510.0,470,,664.9370505,1779637570.8198981,
,,1.0184227228164673,4520.0,471,,665.8790631,1779637571.7616384,
,,0.9950627088546753,4530.0,472,,666.844794,1779637572.72764,
,,1.0103518962860107,4540.0,473,,667.8044285,1779637573.687094,
,,1.0128518342971802,4550.0,474,,668.7610091,1779637574.6429348,
,,1.0045541524887085,4560.0,475,,669.7113871,1779637575.594738,
,,1.035986304283142,4570.0,476,,670.671577,1779637576.5544229,
,,1.01156485080719,4580.0,477,,671.6257464,1779637577.5080616,
,,0.9995545148849487,4590.0,478,,672.5799346,1779637578.4625373,
,,1.0073524713516235,4600.0,479,,673.531214,1779637579.4137967,
,,1.0299023389816284,4610.0,480,,674.4826865,1779637580.3655326,
,,1.0451891422271729,4620.0,481,,675.445639,1779637581.3284829,
,,1.012837529182434,4630.0,482,,676.3966412,1779637582.279487,
,,1.0091731548309326,4640.0,483,,677.3488844,1779637583.2317302,
,,1.0174427032470703,4650.0,484,,678.29144,1779637584.174286,
,,1.0335685014724731,4660.0,485,,679.2460575,1779637585.1289032,
,,0.9920487999916077,4670.0,486,,680.2010505,1779637586.083857,
,,1.0079975128173828,4680.0,487,,681.1581182,1779637587.0409446,
,,1.000232458114624,4690.0,488,,682.1061257,1779637587.9891405,
,,1.024201512336731,4700.0,489,,683.0653545,1779637588.9481995,
,,1.0019584894180298,4710.0,490,,684.0192522,1779637589.9014812,
,,0.994347095489502,4720.0,491,,684.9726866,1779637590.8552315,
,,0.971005916595459,4730.0,492,,685.9287105,1779637591.811311,
,,0.985659658908844,4740.0,493,,686.876469,1779637592.7593155,
1.5604183673858643,0.8603880405426025,,4750.0,494,0.00010576819746349742,699.9544077,1779637605.8368037,
,,0.9743118286132812,4750.0,495,,700.0539244,1779637605.9367685,
,,1.0066202878952026,4760.0,496,,701.0083069,1779637606.8909469,
,,1.0091181993484497,4770.0,497,,701.9571564,1779637607.839139,
,,1.005362868309021,4780.0,498,,702.9129415,1779637608.7953997,
,,0.9976464509963989,4790.0,499,,703.8674031,1779637609.7496743,
,,1.0221604108810425,4800.0,500,,704.8233339,1779637610.7061572,
,,1.0104988813400269,4810.0,501,,705.7741205,1779637611.6569643,
,,0.9851126670837402,4820.0,502,,706.7213064,1779637612.6041496,
,,0.9996050000190735,4830.0,503,,707.6822694,1779637613.5651162,
,,1.0051085948944092,4840.0,504,,708.6580688,1779637614.5409122,
,,0.9954800009727478,4850.0,505,,709.6135804,1779637615.4964266,
,,1.0045654773712158,4860.0,506,,710.5654722,1779637616.4474761,
,,0.9872440695762634,4870.0,507,,711.5170285,1779637617.399782,
,,0.9944411516189575,4880.0,508,,712.4686613,1779637618.3515043,
,,0.9707827568054199,4890.0,509,,713.4277866,1779637619.3106318,
,,0.9785813093185425,4900.0,510,,714.3859463,1779637620.2685013,
,,0.9705234169960022,4910.0,511,,715.3412984,1779637621.2246492,
,,0.9708394408226013,4920.0,512,,716.2882922,1779637622.1711373,
,,0.9762016534805298,4930.0,513,,717.252374,1779637623.135221,
,,0.9946147203445435,4940.0,514,,718.216904,1779637624.0997493,
,,1.0100138187408447,4950.0,515,,719.1696658,1779637625.052506,
,,0.9892750382423401,4960.0,516,,720.1224705,1779637626.0052865,
,,0.9958255290985107,4970.0,517,,721.0746498,1779637626.9580007,
,,1.0003241300582886,4980.0,518,,722.0273597,1779637627.910193,
,,0.973626434803009,4990.0,519,,722.9984349,1779637628.8812823,
1.5575546026229858,0.8508021831512451,,5000.0,520,0.0001,736.0816875,1779637641.9650383,
,,0.9833775758743286,5000.0,521,,736.1816568,1779637642.0645015,
,,,,522,,736.7752667,1779637642.6586175,"{'path': 'media/html/Sample Generation_522_fa5e5f2b97f3abd89ca5.html', 'size': 277, '_type': 'html-file', 'sha256': 'fa5e5f2b97f3abd89ca5cb3074a2276e5b8d8904ee4b0e33b5361dfa26f27d63'}"
