_timestamp,Sample Generation,train/loss,train/step_loss,lr,_runtime,_step,val/loss,iter
1779601298.4976974,,4.164690971374512,,9.900990099009901e-06,12.5931217,0,4.169074535369873,0.0
1779601298.5965822,,,4.18717098236084,,12.691524,1,,0.0
1779601299.5324643,,,3.126087188720703,,13.6242874,2,,10.0
1779601300.4662724,,,2.7322802543640137,,14.5593166,3,,20.0
1779601301.3983495,,,2.6309165954589844,,15.4929656,4,,30.0
1779601302.3358648,,,2.5482399463653564,,16.4286074,5,,40.0
1779601303.2687526,,,2.509521007537842,,17.3627973,6,,50.0
1779601304.1989422,,,2.4980053901672363,,18.297673,7,,60.0
1779601305.1355164,,,2.52254319190979,,19.2375247,8,,70.0
1779601306.0769718,,,2.4741392135620117,,20.1750921,9,,80.0
1779601307.021941,,,2.45695161819458,,21.1137639,10,,90.0
1779601307.9575505,,,2.4518086910247803,,22.0529852,11,,100.0
1779601308.8999836,,,2.4315948486328125,,22.9923313,12,,110.0
1779601309.8393269,,,2.4379329681396484,,23.9316557,13,,120.0
1779601310.779797,,,2.435424327850342,,24.8719615,14,,130.0
1779601311.7199388,,,2.4305644035339355,,25.8122682,15,,140.0
1779601312.6618803,,,2.383493185043335,,26.7540959,16,,150.0
1779601313.5935314,,,2.3712291717529297,,27.694791,17,,160.0
1779601314.5431683,,,2.3340020179748535,,28.6354966,18,,170.0
1779601315.4851694,,,2.334117889404297,,29.5774964,19,,180.0
1779601316.4294536,,,2.2891128063201904,,30.5212764,20,,190.0
1779601317.374426,,,2.2830982208251953,,31.4680201,21,,200.0
1779601318.321045,,,2.214787244796753,,32.4135821,22,,210.0
1779601319.2659886,,,2.197728157043457,,33.3594719,23,,220.0
1779601320.2137764,,,2.1587958335876465,,34.3062298,24,,230.0
1779601321.1641185,,,2.1110169887542725,,35.2564515,25,,240.0
1779601334.8586187,,2.0070078372955322,,0.0009979206008271391,48.9514437,26,2.1015267372131348,250.0
1779601334.964559,,,2.0920848846435547,,49.0571297,27,,250.0
1779601335.9851952,,,2.070681095123291,,50.0803903,28,,260.0
1779601337.0027206,,,2.001192331314087,,51.0957196,29,,270.0
1779601338.0197985,,,1.9726332426071167,,52.1125075,30,,280.0
1779601339.0562403,,,1.9559600353240967,,53.1480633,31,,290.0
1779601340.1015913,,,1.930436134338379,,54.1939179,32,,300.0
1779601341.1423857,,,1.9196746349334717,,55.2342086,33,,310.0
1779601342.148523,,,1.8569111824035645,,56.241068,34,,320.0
1779601343.2150402,,,1.8851191997528076,,57.3071645,35,,330.0
1779601344.2651231,,,1.8342138528823853,,58.357293,36,,340.0
1779601345.3125315,,,1.793699026107788,,59.4073281,37,,350.0
1779601346.3643854,,,1.8272709846496582,,60.4569176,38,,360.0
1779601347.4465733,,,1.7905182838439941,,61.5391757,39,,370.0
1779601348.5070157,,,1.7494081258773804,,62.5994795,40,,380.0
1779601349.613873,,,1.7079071998596191,,63.7064797,41,,390.0
1779601350.6700032,,,1.7358219623565674,,64.7618262,42,,400.0
1779601351.78863,,,1.7206748723983765,,65.8811597,43,,410.0
1779601352.846741,,,1.7028956413269043,,66.938564,44,,420.0
1779601353.9767866,,,1.6901254653930664,,68.0686097,45,,430.0
1779601355.0645623,,,1.6716657876968384,,69.1573892,46,,440.0
1779601356.1534877,,,1.6607017517089844,,70.2460497,47,,450.0
1779601357.2959065,,,1.6216914653778076,,71.3877295,48,,460.0
1779601358.389575,,,1.6365355253219604,,72.4813977,49,,470.0
1779601359.5675786,,,1.6228749752044678,,73.6604037,50,,480.0
1779601360.7082458,,,1.6008286476135254,,74.8009169,51,,490.0
1779601376.2489016,,1.5316247940063477,,0.0009852826883675631,90.3415815,52,1.7233221530914307,500.0
1779601376.3815465,,,1.5988469123840332,,90.4733695,53,,500.0
1779601377.6357627,,,1.610836148262024,,91.7275855,54,,510.0
1779601378.8907099,,,1.55037522315979,,92.9825326,55,,520.0
1779601380.1442277,,,1.528486967086792,,94.2360508,56,,530.0
1779601381.3951254,,,1.5441229343414307,,95.4869485,57,,540.0
1779601382.6490192,,,1.5361433029174805,,96.7413475,58,,550.0
1779601383.904295,,,1.5219674110412598,,97.9961179,59,,560.0
1779601385.1563137,,,1.5341261625289917,,99.2481366,60,,570.0
1779601386.4130073,,,1.5344865322113037,,100.5084393,61,,580.0
1779601387.675306,,,1.5362894535064697,,101.767677,62,,590.0
1779601388.9330518,,,1.4950506687164307,,103.0276493,63,,600.0
1779601390.1945179,,,1.5281211137771606,,104.2875041,64,,610.0
1779601391.4518557,,,1.4800150394439697,,105.5441036,65,,620.0
1779601392.713672,,,1.4629411697387695,,106.8062596,66,,630.0
1779601393.9785206,,,1.4853019714355469,,108.0708543,67,,640.0
1779601395.2378507,,,1.4724411964416504,,109.3301956,68,,650.0
1779601396.5007524,,,1.4608478546142578,,110.5925754,69,,660.0
1779601397.9141898,,,1.459227442741394,,112.0060127,70,,670.0
1779601399.2687435,,,1.4600698947906494,,113.3611084,71,,680.0
1779601400.620809,,,1.4504987001419067,,114.7131371,72,,690.0
1779601401.9723246,,,1.4328458309173584,,116.0659615,73,,700.0
1779601403.3209653,,,1.4596964120864868,,117.4133113,74,,710.0
1779601404.5717616,,,1.4124984741210938,,118.6641981,75,,720.0
1779601405.880194,,,1.465645432472229,,119.9725417,76,,730.0
1779601407.2098787,,,1.456071376800537,,121.3017018,77,,740.0
1779601425.4217987,,1.3543494939804077,,0.0009614856803571157,139.5145558,78,1.5746939182281494,750.0
1779601425.554457,,,1.4279484748840332,,139.6526075,79,,750.0
1779601426.9937718,,,1.4160069227218628,,141.0860991,80,,760.0
1779601428.4845858,,,1.4026334285736084,,142.5808351,81,,770.0
1779601429.9834058,,,1.418789267539978,,144.0762062,82,,780.0
1779601431.4019456,,,1.4072892665863037,,145.4937686,83,,790.0
1779601432.7991621,,,1.409351110458374,,146.8913443,84,,800.0
1779601434.1930509,,,1.4399012327194214,,148.2854776,85,,810.0
1779601435.5869768,,,1.3550996780395508,,149.6787997,86,,820.0
1779601436.982869,,,1.3766382932662964,,151.0751129,87,,830.0
1779601438.3874724,,,1.3898733854293823,,152.479933,88,,840.0
1779601439.787521,,,1.3739783763885498,,153.8824828,89,,850.0
1779601441.194522,,,1.3674383163452148,,155.2868495,90,,860.0
1779601442.6887925,,,1.361460566520691,,156.7806154,91,,870.0
1779601444.1849747,,,1.3430200815200806,,158.2767976,92,,880.0
1779601445.6799133,,,1.3637146949768066,,159.7722396,93,,890.0
1779601447.1729002,,,1.3779022693634033,,161.2656697,94,,900.0
1779601448.6683369,,,1.3618943691253662,,162.7608586,95,,910.0
1779601450.163621,,,1.3551356792449951,,164.2554438,96,,920.0
1779601451.6532874,,,1.3598880767822266,,165.7502076,97,,930.0
1779601453.1515145,,,1.3251969814300537,,167.2437273,98,,940.0
1779601454.6462893,,,1.3470149040222168,,168.7381124,99,,950.0
1779601456.1385832,,,1.3266799449920654,,170.2304062,100,,960.0
1779601457.6350029,,,1.3433181047439575,,171.7287966,101,,970.0
1779601459.1309845,,,1.3070098161697388,,173.2228074,102,,980.0
1779601460.624853,,,1.3280208110809326,,174.7175155,103,,990.0
1779601480.7005095,,1.2640637159347534,,0.0009271396472013282,194.793425,104,1.5070608854293823,1000.0
1779601480.8527243,,,1.3363620042800903,,194.9474589,105,,1000.0
1779601482.3508956,,,1.328754186630249,,196.4427184,106,,1010.0
1779601483.8454685,,,1.298738956451416,,197.9372914,107,,1020.0
1779601485.3399782,,,1.3599276542663574,,199.4323071,108,,1030.0
1779601486.8343334,,,1.3396601676940918,,200.9269332,109,,1040.0
1779601488.3296301,,,1.2987611293792725,,202.4219955,110,,1050.0
1779601489.824636,,,1.314840316772461,,203.9168969,111,,1060.0
1779601491.3186598,,,1.2929890155792236,,205.410971,112,,1070.0
1779601492.812698,,,1.3294436931610107,,206.9053252,113,,1080.0
1779601494.3082848,,,1.2913986444473267,,208.4001075,114,,1090.0
1779601495.8026729,,,1.3413294553756714,,209.8944957,115,,1100.0
1779601497.298104,,,1.3202955722808838,,211.3899269,116,,1110.0
1779601498.7937088,,,1.2822974920272827,,212.8860982,117,,1120.0
1779601500.2895617,,,1.317001461982727,,214.3813848,118,,1130.0
1779601501.784794,,,1.3189059495925903,,215.8771598,119,,1140.0
1779601503.2812886,,,1.279055118560791,,217.3731116,120,,1150.0
1779601504.773442,,,1.3154786825180054,,218.8691854,121,,1160.0
1779601506.272257,,,1.278597354888916,,220.36408,122,,1170.0
1779601507.7662575,,,1.2889204025268555,,221.8591276,123,,1180.0
1779601509.2604744,,,1.2868739366531372,,223.3532977,124,,1190.0
1779601510.7564254,,,1.2648570537567139,,224.848754,125,,1200.0
1779601512.251253,,,1.237947940826416,,226.343076,126,,1210.0
1779601513.7462132,,,1.2786688804626465,,227.8380359,127,,1220.0
1779601515.2415853,,,1.2785358428955078,,229.333408,128,,1230.0
1779601516.736011,,,1.298276424407959,,230.8283382,129,,1240.0
1779601536.7733028,,1.2022596597671509,,0.000883125098683892,250.8700211,130,1.4931906461715698,1250.0
1779601536.9301858,,,1.2804691791534424,,251.024044,131,,1250.0
1779601538.4253812,,,1.269113302230835,,252.5172041,132,,1260.0
1779601539.9194992,,,1.2507874965667725,,254.0118923,133,,1270.0
1779601541.4124684,,,1.270113229751587,,255.5054574,134,,1280.0
1779601542.9081557,,,1.254887580871582,,257.000952,135,,1290.0
1779601544.40494,,,1.2350683212280273,,258.4967627,136,,1300.0
1779601545.9005172,,,1.2641799449920654,,259.9928459,137,,1310.0
1779601547.3967543,,,1.268250584602356,,261.489129,138,,1320.0
1779601548.888097,,,1.2522858381271362,,262.9853878,139,,1330.0
1779601550.3897357,,,1.2559423446655273,,264.4820623,140,,1340.0
1779601551.8848794,,,1.2822673320770264,,265.9767023,141,,1350.0
1779601553.3801434,,,1.2534905672073364,,267.4719662,142,,1360.0
1779601554.8744404,,,1.2455250024795532,,268.9662634,143,,1370.0
1779601556.369898,,,1.255255937576294,,270.4617208,144,,1380.0
1779601557.865554,,,1.2694592475891113,,271.9573772,145,,1390.0
1779601559.3599975,,,1.2458207607269287,,273.4522636,146,,1400.0
1779601560.8548188,,,1.24160897731781,,274.9471572,147,,1410.0
1779601562.3502603,,,1.266883373260498,,276.4420831,148,,1420.0
1779601563.8444974,,,1.2520296573638916,,277.9368148,149,,1430.0
1779601565.3395987,,,1.2375524044036865,,279.4322859,150,,1440.0
1779601566.8359377,,,1.245426058769226,,280.928264,151,,1450.0
1779601568.3297658,,,1.2261154651641846,,282.4236,152,,1460.0
1779601569.826477,,,1.2437527179718018,,283.9186192,153,,1470.0
1779601571.320822,,,1.2515089511871338,,285.4136413,154,,1480.0
1779601572.817339,,,1.2206928730010986,,286.9096669,155,,1490.0
1779601592.899815,,1.1467540264129639,,0.0008305704108364302,306.9922116,156,1.4784255027770996,1500.0
1779601593.0545673,,,1.189260482788086,,307.1463904,157,,1500.0
1779601594.5496852,,,1.2523127794265747,,308.6417272,158,,1510.0
1779601596.0442586,,,1.2067875862121582,,310.1371814,159,,1520.0
1779601597.5350742,,,1.2050888538360596,,311.6321892,160,,1530.0
1779601599.0370867,,,1.2458484172821045,,313.1289097,161,,1540.0
1779601600.5322454,,,1.2183597087860107,,314.6250688,162,,1550.0
1779601602.028728,,,1.206589698791504,,316.120551,163,,1560.0
1779601603.5232089,,,1.2488229274749756,,317.6159873,164,,1570.0
1779601605.0195868,,,1.2363629341125488,,319.1117494,165,,1580.0
1779601606.514075,,,1.1783051490783691,,320.6064382,166,,1590.0
1779601608.0095477,,,1.1961376667022705,,322.1013707,167,,1600.0
1779601609.505086,,,1.1555986404418945,,323.5969088,168,,1610.0
1779601610.9963403,,,1.19956374168396,,325.0929196,169,,1620.0
1779601612.4960794,,,1.2126835584640503,,326.5879023,170,,1630.0
1779601613.9913566,,,1.2001049518585205,,328.0837465,171,,1640.0
1779601615.4876952,,,1.2228050231933594,,329.5800236,172,,1650.0
1779601617.090678,,,1.1642686128616333,,331.182501,173,,1660.0
1779601618.6867194,,,1.1974397897720337,,332.7823006,174,,1670.0
1779601620.2895443,,,1.2029736042022705,,334.3813674,175,,1680.0
1779601621.8892949,,,1.159379243850708,,335.9816375,176,,1690.0
1779601623.4890554,,,1.182733416557312,,337.5814724,177,,1700.0
1779601625.088018,,,1.17620849609375,,339.1803508,178,,1710.0
1779601626.6871345,,,1.2014172077178955,,340.7794614,179,,1720.0
1779601628.2862864,,,1.1386736631393433,,342.3787842,180,,1730.0
1779601629.8863595,,,1.1637158393859863,,343.978684,181,,1740.0
1779601650.1732662,,1.100525975227356,,0.0007708228984017721,364.2661485,182,1.4648517370224,1750.0
1779601650.332426,,,1.1766481399536133,,364.4248175,183,,1750.0
1779601651.899023,,,1.1755170822143555,,365.9913531,184,,1760.0
1779601653.4631972,,,1.1672143936157227,,367.5550201,185,,1770.0
1779601654.9591072,,,1.1718618869781494,,369.0516178,186,,1780.0
1779601656.588434,,,1.1580935716629028,,370.6805803,187,,1790.0
1779601658.1700573,,,1.182028889656067,,372.2624287,188,,1800.0
1779601659.7561846,,,1.1611939668655396,,373.8486409,189,,1810.0
1779601661.3453174,,,1.1717801094055176,,375.4376304,190,,1820.0
1779601662.9314003,,,1.1490682363510132,,377.0237647,191,,1830.0
1779601664.5198913,,,1.1444942951202393,,378.6122199,192,,1840.0
1779601666.109376,,,1.1800243854522705,,380.2016618,193,,1850.0
1779601667.693184,,,1.1863893270492554,,381.7855135,194,,1860.0
1779601669.286432,,,1.1711610555648804,,383.3794715,195,,1870.0
1779601670.8835502,,,1.1861112117767334,,384.9759367,196,,1880.0
1779601672.4739854,,,1.1630356311798096,,386.5666504,197,,1890.0
1779601674.0645885,,,1.1427557468414307,,388.1564115,198,,1900.0
1779601675.6529298,,,1.150132417678833,,389.7459112,199,,1910.0
1779601677.2442274,,,1.131754755973816,,391.3365541,200,,1920.0
1779601678.830305,,,1.1569000482559204,,392.9267636,201,,1930.0
1779601680.4242146,,,1.1178789138793945,,394.5170953,202,,1940.0
1779601682.01205,,,1.1397477388381958,,396.1088941,203,,1950.0
1779601683.6048436,,,1.1613134145736694,,397.6971729,204,,1960.0
1779601685.1927629,,,1.1464645862579346,,399.2851796,205,,1970.0
1779601686.7844548,,,1.1400878429412842,,400.8767829,206,,1980.0
1779601688.3840058,,,1.138909101486206,,402.4763339,207,,1990.0
1779601710.3459682,,1.0569801330566406,,0.0007054142744895884,424.4382958,208,1.4793124198913574,2000.0
1779601710.5115557,,,1.1351934671401978,,424.6044038,209,,2000.0
1779601712.1014123,,,1.1491057872772217,,426.1937507,210,,2010.0
1779601713.6962264,,,1.1232242584228516,,427.7886953,211,,2020.0
1779601715.2910473,,,1.1437106132507324,,429.3833779,212,,2030.0
1779601716.890916,,,1.100257158279419,,430.983788,213,,2040.0
1779601718.626711,,,1.148321270942688,,432.7193842,214,,2050.0
1779601720.281648,,,1.1261225938796997,,434.3739759,215,,2060.0
1779601721.8620112,,,1.1370494365692139,,435.9545987,216,,2070.0
1779601723.6419544,,,1.1435840129852295,,437.7337772,217,,2080.0
1779601725.3463006,,,1.110396146774292,,439.4390554,218,,2090.0
1779601727.050442,,,1.1404907703399658,,441.1422649,219,,2100.0
1779601728.747442,,,1.1356236934661865,,442.8397683,220,,2110.0
1779601730.4463851,,,1.1364858150482178,,444.538208,221,,2120.0
1779601732.1451445,,,1.1419036388397217,,446.2374734,222,,2130.0
1779601733.8473384,,,1.093593955039978,,447.9399447,223,,2140.0
1779601735.5414333,,,1.1145819425582886,,449.6337614,224,,2150.0
1779601737.235178,,,1.1230595111846924,,451.3326592,225,,2160.0
1779601738.7462835,,,1.129042625427246,,452.8388725,226,,2170.0
1779601740.4258144,,,1.0965332984924316,,454.5181417,227,,2180.0
1779601742.0243108,,,1.1080541610717773,,456.1168697,228,,2190.0
1779601743.7454228,,,1.0911760330200195,,457.8378263,229,,2200.0
1779601745.4666457,,,1.0993410348892212,,459.5592505,230,,2210.0
1779601747.1820667,,,1.1386501789093018,,461.2738895,231,,2220.0
1779601748.807718,,,1.1310029029846191,,462.9000817,232,,2230.0
1779601750.364486,,,1.1028666496276855,,464.4568193,233,,2240.0
1779601771.9637074,,1.0113039016723633,,0.0006360213829156177,486.0563778,234,1.4839928150177002,2250.0
1779601772.1305256,,,1.0945229530334473,,486.2228538,235,,2250.0
1779601773.8373375,,,1.1117616891860962,,487.9296681,236,,2260.0
1779601775.442486,,,1.0942853689193726,,489.5349006,237,,2270.0
1779601777.0602973,,,1.1134856939315796,,491.1526232,238,,2280.0
1779601778.6638012,,,1.0906524658203125,,492.7563644,239,,2290.0
1779601780.2810693,,,1.0991300344467163,,494.3733971,240,,2300.0
1779601782.054431,,,1.0947020053863525,,496.1467603,241,,2310.0
1779601783.7237115,,,1.124237060546875,,497.8160411,242,,2320.0
1779601785.3538985,,,1.0999083518981934,,499.4462489,243,,2330.0
1779601787.0460165,,,1.080472707748413,,501.1382717,244,,2340.0
1779601788.6510944,,,1.091127872467041,,502.7434263,245,,2350.0
1779601790.2522607,,,1.085214376449585,,504.3475011,246,,2360.0
1779601791.9670908,,,1.0789175033569336,,506.0589138,247,,2370.0
1779601793.6642318,,,1.0744831562042236,,507.7571059,248,,2380.0
1779601795.3230028,,,1.0995765924453735,,509.4154909,249,,2390.0
1779601797.0600705,,,1.0471161603927612,,511.1523994,250,,2400.0
1779601798.7918215,,,1.0939035415649414,,512.8863734,251,,2410.0
1779601800.5226402,,,1.0716044902801514,,514.6149684,252,,2420.0
1779601802.2511613,,,1.0926040410995483,,516.3436779,253,,2430.0
1779601803.983282,,,1.062941551208496,,518.0762274,254,,2440.0
1779601805.6694396,,,1.0729999542236328,,519.7617694,255,,2450.0
1779601807.2478213,,,1.052045464515686,,521.3404142,256,,2460.0
1779601808.9548469,,,1.102881669998169,,523.0474694,257,,2470.0
1779601810.6313238,,,1.0699111223220825,,524.7237537,258,,2480.0
1779601812.3078568,,,1.0529104471206665,,526.4006022,259,,2490.0
1779601834.3744214,,0.9639379978179932,,0.000564423209907245,548.4666342,260,1.5091042518615723,2500.0
1779601834.5299149,,,1.070446491241455,,548.6217377,261,,2500.0
1779601836.200705,,,1.0398625135421753,,550.293151,262,,2510.0
1779601837.8012342,,,1.082313060760498,,551.8935762,263,,2520.0
1779601839.5263777,,,1.0514992475509644,,553.6182006,264,,2530.0
1779601841.2091792,,,1.0743682384490967,,555.3010021,265,,2540.0
1779601842.93678,,,1.0672472715377808,,557.0291308,266,,2550.0
1779601844.6605644,,,1.0554474592208862,,558.7537329,267,,2560.0
1779601846.388727,,,1.0555858612060547,,560.4810596,268,,2570.0
1779601848.1088517,,,1.0524954795837402,,562.2015463,269,,2580.0
1779601849.8366978,,,1.0329246520996094,,563.9290566,270,,2590.0
1779601851.5541103,,,1.0275325775146484,,565.6499709,271,,2600.0
1779601853.2803342,,,1.084195852279663,,567.3725846,272,,2610.0
1779601855.003801,,,1.070184588432312,,569.0956241,273,,2620.0
1779601856.7202826,,,1.077770709991455,,570.8126118,274,,2630.0
1779601858.446012,,,1.054328441619873,,572.5383401,275,,2640.0
1779601860.1666508,,,1.0449942350387573,,574.2584739,276,,2650.0
1779601861.8888521,,,1.0519912242889404,,575.9811814,277,,2660.0
1779601863.605549,,,1.0721780061721802,,577.697372,278,,2670.0
1779601865.3289216,,,1.0444937944412231,,579.4217508,279,,2680.0
1779601867.043323,,,1.0395145416259766,,581.1367791,280,,2690.0
1779601868.7671638,,,1.0419416427612305,,582.8589866,281,,2700.0
1779601870.4859428,,,1.0351336002349854,,584.5777658,282,,2710.0
1779601872.2031856,,,1.0500743389129639,,586.2950085,283,,2720.0
1779601873.8459687,,,1.0301265716552734,,587.9386843,284,,2730.0
1779601875.4482825,,,1.0418767929077148,,589.5406124,285,,2740.0
1779601897.927985,,0.9169303178787231,,0.0004924552772419723,612.0201941,286,1.5100030899047852,2750.0
1779601898.093195,,,1.0303101539611816,,612.1894446,287,,2750.0
1779601899.7231827,,,1.0267255306243896,,613.8155752,288,,2760.0
1779601901.359937,,,1.0342578887939453,,615.45176,289,,2770.0
1779601902.9893656,,,1.0315775871276855,,617.0819564,290,,2780.0
1779601904.644802,,,1.013342022895813,,618.7366249,291,,2790.0
1779601906.429554,,,1.046141505241394,,620.5218815,292,,2800.0
1779601908.168378,,,1.0130398273468018,,622.2607066,293,,2810.0
1779601909.9057324,,,1.012432336807251,,623.9980601,294,,2820.0
1779601911.6384642,,,1.0186365842819214,,625.7343155,295,,2830.0
1779601913.3807178,,,1.0175707340240479,,627.4725408,296,,2840.0
1779601915.116676,,,1.001361608505249,,629.2101355,297,,2850.0
1779601916.8591168,,,1.0021648406982422,,630.9509397,298,,2860.0
1779601918.5956352,,,1.0218039751052856,,632.6881338,299,,2870.0
1779601920.3298316,,,1.0315122604370117,,634.4221579,300,,2880.0
1779601922.0667953,,,1.0297186374664307,,636.159187,301,,2890.0
1779601923.803489,,,1.0156662464141846,,637.8960137,302,,2900.0
1779601925.4742546,,,1.004764437675476,,639.5685944,303,,2910.0
1779601927.125289,,,1.0200316905975342,,641.218094,304,,2920.0
1779601928.770908,,,1.0064356327056885,,642.8685651,305,,2930.0
1779601930.426407,,,1.0216059684753418,,644.518555,306,,2940.0
1779601932.0759249,,,0.9949039220809937,,646.168252,307,,2950.0
1779601933.7253473,,,0.9969243407249451,,647.8176736,308,,2960.0
1779601935.4037828,,,0.9894266128540039,,649.4961975,309,,2970.0
1779601937.1714249,,,1.0121097564697266,,651.2637249,310,,2980.0
1779601938.7972405,,,1.0212398767471313,,652.8898558,311,,2990.0
1779601961.8366306,,0.8738746047019958,,0.0004219625860160354,675.9295221,312,1.5477138757705688,3000.0
1779601962.011342,,,1.000628113746643,,676.1031651,313,,3000.0
1779601963.6891658,,,0.9975380897521973,,677.7814938,314,,3010.0
1779601965.3401525,,,1.01609206199646,,679.4319754,315,,3020.0
1779601966.985169,,,0.9932582974433899,,681.0779166,316,,3030.0
1779601968.6330187,,,0.9998072385787964,,682.7285103,317,,3040.0
1779601970.2825997,,,1.0116151571273804,,684.3744226,318,,3050.0
1779601972.0099993,,,0.9910200834274292,,686.1023262,319,,3060.0
1779601973.7296965,,,0.9908226132392883,,687.8220431,320,,3070.0
1779601975.4505138,,,0.9619697332382202,,689.5428431,321,,3080.0
1779601977.0974853,,,0.9874659776687622,,691.1921025,322,,3090.0
1779601978.755376,,,1.0189863443374634,,692.8471989,323,,3100.0
1779601980.4544175,,,1.0014426708221436,,694.5511399,324,,3110.0
1779601982.2540076,,,0.9708479046821594,,696.3482835,325,,3120.0
1779601983.969274,,,0.987250566482544,,698.0610969,326,,3130.0
1779601985.6837163,,,0.9734455943107605,,699.7763798,327,,3140.0
1779601987.4047568,,,0.9898526072502136,,701.4971374,328,,3150.0
1779601989.1242921,,,0.95546555519104,,703.2169344,329,,3160.0
1779601990.843428,,,0.9817440509796143,,704.9359741,330,,3170.0
1779601992.5636685,,,0.9803106784820557,,706.6559815,331,,3180.0
1779601994.2824717,,,0.9501838684082031,,708.3742947,332,,3190.0
1779601995.9972086,,,0.9571910500526428,,710.0895361,333,,3200.0
1779601997.718798,,,0.9617007970809937,,711.8106206,334,,3210.0
1779601999.4385726,,,0.9810192584991455,,713.5309182,335,,3220.0
1779602001.1508822,,,0.9734854698181152,,715.2464669,336,,3230.0
1779602002.8767173,,,0.9663456678390503,,716.9690462,337,,3240.0
1779602025.6800127,,0.8288601636886597,,0.00035475231739709885,739.7723309,338,1.5591421127319336,3250.0
1779602025.8342927,,,0.9789891242980957,,739.9265199,339,,3250.0
1779602027.4895265,,,0.9751361012458801,,741.5819707,340,,3260.0
1779602029.0790567,,,0.9702361226081848,,743.1715292,341,,3270.0
1779602030.8118522,,,0.9696810245513916,,744.9036752,342,,3280.0
1779602032.5678506,,,0.9635461568832397,,746.6605409,343,,3290.0
1779602034.249677,,,0.9723656177520752,,748.3420099,344,,3300.0
1779602035.9287808,,,0.9160991907119751,,750.0206038,345,,3310.0
1779602037.6135116,,,0.9722415804862976,,751.7053347,346,,3320.0
1779602039.2935917,,,0.9600378274917603,,753.3854147,347,,3330.0
1779602040.9731846,,,0.9451438784599304,,755.065627,348,,3340.0
1779602042.653042,,,0.9717814922332764,,756.744865,349,,3350.0
1779602044.3302987,,,0.9164725542068481,,758.4227797,350,,3360.0
1779602046.0085006,,,0.9794506430625916,,760.1010927,351,,3370.0
1779602047.6839259,,,0.9666377902030945,,761.7791101,352,,3380.0
1779602049.3716004,,,0.9629303216934204,,763.4639289,353,,3390.0
1779602051.0496342,,,0.9647681713104248,,765.1419657,354,,3400.0
1779602052.7301762,,,0.9579476118087769,,766.8225042,355,,3410.0
1779602054.4103062,,,0.9476887583732605,,768.5026357,356,,3420.0
1779602056.0948777,,,0.9217332601547241,,770.1870381,357,,3430.0
1779602057.777293,,,0.9324632883071899,,771.8696225,358,,3440.0
1779602059.4600198,,,0.9474285244941711,,773.5526628,359,,3450.0
1779602061.1423278,,,0.9525295495986938,,775.2346557,360,,3460.0
1779602062.8233979,,,0.9334953427314758,,776.9157952,361,,3470.0
1779602064.5081136,,,0.9534493684768677,,778.6006103,362,,3480.0
1779602066.1950073,,,0.9454261660575867,,780.2875764,363,,3490.0
1779602089.087759,,0.7876135110855103,,0.0002925475029450237,803.1801601,364,1.5925054550170898,3500.0
1779602089.24906,,,0.9364486932754517,,803.3413887,365,,3500.0
1779602090.925951,,,0.9134556651115417,,805.0177738,366,,3510.0
1779602092.6353564,,,0.9277226328849792,,806.7271793,367,,3520.0
1779602094.3225012,,,0.9237996339797974,,808.4148278,368,,3530.0
1779602096.0141096,,,0.9658477902412415,,810.1064365,369,,3540.0
1779602097.7029445,,,0.9554139375686646,,811.7947674,370,,3550.0
1779602099.3962474,,,0.9183526635169983,,813.4880701,371,,3560.0
1779602101.0912385,,,0.9405471086502075,,815.1830612,372,,3570.0
1779602102.7887707,,,0.9679142832756042,,816.881112,373,,3580.0
1779602104.5371084,,,0.9289165735244751,,818.6294368,374,,3590.0
1779602106.3341281,,,0.9364262819290161,,820.4264558,375,,3600.0
1779602108.0408273,,,0.9133524894714355,,822.1333954,376,,3610.0
1779602109.7546642,,,0.9377559423446655,,823.8468268,377,,3620.0
1779602111.4658904,,,0.934799313545227,,825.558219,378,,3630.0
1779602113.1760588,,,0.9009019136428833,,827.2683886,379,,3640.0
1779602114.8859222,,,0.928661584854126,,828.9782528,380,,3650.0
1779602116.597547,,,0.9080556631088257,,830.6945352,381,,3660.0
1779602118.3174624,,,0.9170331954956055,,832.4097905,382,,3670.0
1779602120.1343017,,,0.9060940742492676,,834.2266496,383,,3680.0
1779602121.9958117,,,0.9040966033935547,,836.0881663,384,,3690.0
1779602123.8550491,,,0.9154238104820251,,837.9473793,385,,3700.0
1779602125.690774,,,0.8999833464622498,,839.783101,386,,3710.0
1779602127.429975,,,0.8879687190055847,,841.5228723,387,,3720.0
1779602129.1398427,,,0.9290584325790405,,843.2321699,388,,3730.0
1779602130.971133,,,0.9167189598083496,,845.0635093,389,,3740.0
1779602153.6512609,,0.7520530223846436,,0.00023694285222843113,867.7435927,390,1.6078296899795532,3750.0
1779602153.8054476,,,0.9112703800201416,,867.8983659,391,,3750.0
1779602155.7013175,,,0.9087190628051758,,869.7945181,392,,3760.0
1779602157.390473,,,0.9185788631439209,,871.4831389,393,,3770.0
1779602159.1032114,,,0.8954508304595947,,873.1960067,394,,3780.0
1779602160.8702085,,,0.9052857160568237,,874.9627059,395,,3790.0
1779602162.5551217,,,0.9078408479690552,,876.6482714,396,,3800.0
1779602164.241274,,,0.9035343527793884,,878.3330971,397,,3810.0
1779602165.9335744,,,0.8886244297027588,,880.0259771,398,,3820.0
1779602167.6259089,,,0.8821233510971069,,881.7184436,399,,3830.0
1779602169.3240905,,,0.8610716462135315,,883.4164176,400,,3840.0
1779602171.0188706,,,0.8924300670623779,,885.1111984,401,,3850.0
1779602172.7108884,,,0.9158580899238586,,886.8033365,402,,3860.0
1779602174.3991106,,,0.9043099880218506,,888.4923283,403,,3870.0
1779602176.087521,,,0.9022175073623657,,890.1840424,404,,3880.0
1779602177.78097,,,0.8993092775344849,,891.8742611,405,,3890.0
1779602179.4738114,,,0.8967227339744568,,893.566231,406,,3900.0
1779602181.1809769,,,0.8940205574035645,,895.2733058,407,,3910.0
1779602183.005705,,,0.9124696850776672,,897.0989572,408,,3920.0
1779602184.6986115,,,0.9156162738800049,,898.7922676,409,,3930.0
1779602186.4009793,,,0.8467415571212769,,900.492802,410,,3940.0
1779602188.1026864,,,0.8871824741363525,,902.1945094,411,,3950.0
1779602189.8032184,,,0.8718695640563965,,903.8950414,412,,3960.0
1779602191.5055964,,,0.8864989876747131,,905.5979257,413,,3970.0
1779602193.2039557,,,0.9054031372070312,,907.2957787,414,,3980.0
1779602194.902066,,,0.8785544633865356,,908.9943949,415,,3990.0
1779602217.8739042,,0.7206478714942932,,0.00018936387015941957,931.9691048,416,1.6282845735549927,4000.0
1779602218.0358238,,,0.8904808163642883,,932.1276467,417,,4000.0
1779602219.8848174,,,0.8763482570648193,,933.977608,418,,4010.0
1779602221.635604,,,0.8761926889419556,,935.7279347,419,,4020.0
1779602223.3873818,,,0.8788312673568726,,937.4797134,420,,4030.0
1779602225.1404822,,,0.8507224917411804,,939.2330353,421,,4040.0
1779602226.890848,,,0.897419810295105,,940.9832266,422,,4050.0
1779602228.5293853,,,0.8847150802612305,,942.6221987,423,,4060.0
1779602230.2746167,,,0.8733681440353394,,944.3669482,424,,4070.0
1779602232.0113745,,,0.90128493309021,,946.1031975,425,,4080.0
1779602233.7484689,,,0.8554879426956177,,947.8416847,426,,4090.0
1779602235.4848318,,,0.8891190886497498,,949.5766547,427,,4100.0
1779602237.2281616,,,0.8759629130363464,,951.3199844,428,,4110.0
1779602238.9656935,,,0.8693263530731201,,953.0580533,429,,4120.0
1779602240.7065623,,,0.8749648332595825,,954.7983852,430,,4130.0
1779602242.444673,,,0.8888705372810364,,956.5364958,431,,4140.0
1779602244.186209,,,0.8839718699455261,,958.2785429,432,,4150.0
1779602245.9257522,,,0.875406801700592,,960.017575,433,,4160.0
1779602247.6684375,,,0.8829574584960938,,961.7602605,434,,4170.0
1779602249.4056296,,,0.8563135862350464,,963.4978857,435,,4180.0
1779602251.144766,,,0.8491238355636597,,965.236589,436,,4190.0
1779602252.887189,,,0.8953018188476562,,966.979012,437,,4200.0
1779602254.6258812,,,0.8662029504776001,,968.718567,438,,4210.0
1779602256.3637133,,,0.8603653311729431,,970.4563819,439,,4220.0
1779602258.097692,,,0.867538571357727,,972.1948529,440,,4230.0
1779602259.8352246,,,0.8727072477340698,,973.9275526,441,,4240.0
1779602282.3041186,,0.6891765594482422,,0.00015103031213214996,996.3969503,442,1.6593698263168335,4250.0
1779602282.468562,,,0.8769588470458984,,996.5603848,443,,4250.0
1779602284.3245041,,,0.860811710357666,,998.4176752,444,,4260.0
1779602286.0299315,,,0.8584109544754028,,1000.1286842,445,,4270.0
1779602287.7099245,,,0.8396056890487671,,1001.8027368,446,,4280.0
1779602289.458546,,,0.8466715812683105,,1003.5503688,447,,4290.0
1779602291.2010496,,,0.8719891309738159,,1005.2944743,448,,4300.0
1779602292.947026,,,0.8555666208267212,,1007.0398133,449,,4310.0
1779602294.6926894,,,0.8449028730392456,,1008.7845122,450,,4320.0
1779602296.429542,,,0.8723198771476746,,1010.521365,451,,4330.0
1779602298.1677155,,,0.8729506731033325,,1012.2603328,452,,4340.0
1779602299.9080076,,,0.8805525302886963,,1013.9998305,453,,4350.0
1779602301.6479661,,,0.8670930862426758,,1015.7397891,454,,4360.0
1779602303.38753,,,0.8582578897476196,,1017.4819323,455,,4370.0
1779602305.128876,,,0.8679860830307007,,1019.2213202,456,,4380.0
1779602306.8704398,,,0.8583734631538391,,1020.9627661,457,,4390.0
1779602308.6111279,,,0.8472943902015686,,1022.7046407,458,,4400.0
1779602310.3504372,,,0.8498945236206055,,1024.4504098,459,,4410.0
1779602312.1021311,,,0.866593599319458,,1026.1943099,460,,4420.0
1779602313.782187,,,0.8437498211860657,,1027.8750097,461,,4430.0
1779602315.363419,,,0.8459843397140503,,1029.455242,462,,4440.0
1779602317.0728512,,,0.8505744934082031,,1031.1651801,463,,4450.0
1779602318.793356,,,0.8692556023597717,,1032.885179,464,,4460.0
1779602320.4407873,,,0.8400587439537048,,1034.5326102,465,,4470.0
1779602322.1921973,,,0.8559772372245789,,1036.2840203,466,,4480.0
1779602323.9054854,,,0.8409755825996399,,1037.9980356,467,,4490.0
1779602346.9382894,,0.6668470501899719,,0.00012292491384519912,1061.0324672,468,1.6646533012390137,4500.0
1779602347.1123993,,,0.8702588081359863,,1061.2049217,469,,4500.0
1779602348.7740252,,,0.8405116200447083,,1062.8691594,470,,4510.0
1779602350.4373577,,,0.8438296914100647,,1064.5291805,471,,4520.0
1779602352.101263,,,0.8612419962882996,,1066.1930861,472,,4530.0
1779602353.7682035,,,0.8419426679611206,,1067.8605182,473,,4540.0
1779602355.4357908,,,0.8342050313949585,,1069.5281207,474,,4550.0
1779602357.1043339,,,0.8349535465240479,,1071.196777,475,,4560.0
1779602358.775601,,,0.8507680296897888,,1072.8674239,476,,4570.0
1779602360.4472203,,,0.8517604470252991,,1074.5395507,477,,4580.0
1779602362.115846,,,0.8599656820297241,,1076.208198,478,,4590.0
1779602363.7863781,,,0.8445329070091248,,1077.8797092,479,,4600.0
1779602365.4899986,,,0.8343119621276855,,1079.5826168,480,,4610.0
1779602367.3749015,,,0.8596118688583374,,1081.4672453,481,,4620.0
1779602369.0835598,,,0.8147999048233032,,1083.1788239,482,,4630.0
1779602370.7830207,,,0.834038496017456,,1084.8752474,483,,4640.0
1779602372.5470402,,,0.8455836772918701,,1086.6393701,484,,4650.0
1779602374.2484043,,,0.87022864818573,,1088.3406626,485,,4660.0
1779602375.9551969,,,0.8235334157943726,,1090.0474748,486,,4670.0
1779602377.6642525,,,0.8530335426330566,,1091.7576106,487,,4680.0
1779602379.3671925,,,0.8426395654678345,,1093.4595537,488,,4690.0
1779602381.0708406,,,0.8387221097946167,,1095.163524,489,,4700.0
1779602382.7764127,,,0.8347741365432739,,1096.8682356,490,,4710.0
1779602384.4847653,,,0.8653552532196045,,1098.5770959,491,,4720.0
1779602386.1880617,,,0.8138724565505981,,1100.2798846,492,,4730.0
1779602387.8949597,,,0.8429973125457764,,1101.990996,493,,4740.0
1779602410.5811126,,0.6486598253250122,,0.00010576819746349742,1124.6736965,494,1.6833415031433105,4750.0
1779602410.7492394,,,0.8147853016853333,,1124.8410625,495,,4750.0
1779602412.4811888,,,0.8499983549118042,,1126.5730118,496,,4760.0
1779602414.1322122,,,0.8421062231063843,,1128.224035,497,,4770.0
1779602415.7830644,,,0.8122426271438599,,1129.8755205,498,,4780.0
1779602417.447616,,,0.8377474546432495,,1131.5394388,499,,4790.0
1779602419.2409236,,,0.8527884483337402,,1133.3327466,500,,4800.0
1779602420.9767315,,,0.8308223485946655,,1135.0685545,501,,4810.0
1779602422.7092073,,,0.8256895542144775,,1136.8020311,502,,4820.0
1779602424.4437094,,,0.8371437788009644,,1138.5355323,503,,4830.0
1779602426.1801295,,,0.8229544162750244,,1140.2727068,504,,4840.0
1779602427.9160566,,,0.8128658533096313,,1142.0078794,505,,4850.0
1779602429.6530735,,,0.8401578068733215,,1143.7448965,506,,4860.0
1779602431.3914654,,,0.8487813472747803,,1145.4840809,507,,4870.0
1779602433.1337202,,,0.8312151432037354,,1147.2255429,508,,4880.0
1779602434.8713825,,,0.8151951432228088,,1148.9632053,509,,4890.0
1779602436.6068165,,,0.8141857981681824,,1150.6995382,510,,4900.0
1779602438.3431506,,,0.8418372869491577,,1152.435814,511,,4910.0
1779602440.0831344,,,0.824959397315979,,1154.1749574,512,,4920.0
1779602441.822009,,,0.8384065628051758,,1155.9146517,513,,4930.0
1779602443.5608666,,,0.8116775751113892,,1157.653104,514,,4940.0
1779602445.2940884,,,0.8197076916694641,,1159.3876656,515,,4950.0
1779602447.0307755,,,0.802757978439331,,1161.1231032,516,,4960.0
1779602448.7670028,,,0.8036913275718689,,1162.8593328,517,,4970.0
1779602450.503227,,,0.8423683643341064,,1164.5956591,518,,4980.0
1779602452.2398226,,,0.8090273141860962,,1166.3316456,519,,4990.0
1779602474.7445362,,0.6336712837219238,,0.0001,1188.8370816,520,1.7044485807418823,5000.0
1779602474.9122443,,,0.8358952403068542,,1189.0040671,521,,5000.0
1779602475.5057065,"{'path': 'media/html/Sample Generation_522_9f4a2512d73346a3b29c.html', 'size': 277, '_type': 'html-file', 'sha256': '9f4a2512d73346a3b29c9a56285eb59f777d8493d0446cf96f776c94d3c21982'}",,,,1189.5980325,522,,
