train/step_loss,lr,iter,_runtime,Sample Generation,val/loss,_timestamp,_step,train/loss,seed
,9.900990099009901e-06,0.0,12.9762549,,4.304520130157471,1779711767.053068,0,4.310487270355225,6242
4.30668830871582,,0.0,13.0875078,,,1779711767.165525,1,,6242
3.1177656650543213,,10.0,14.0647497,,,1779711768.1424098,2,,6242
2.7599053382873535,,20.0,15.0370144,,,1779711769.1141586,3,,6242
2.620288848876953,,30.0,16.009143,,,1779711770.0869899,4,,6242
2.546992063522339,,40.0,16.9511365,,,1779711771.0291553,5,,6242
2.5257253646850586,,50.0,17.9135999,,,1779711771.9913652,6,,6242
2.4963529109954834,,60.0,18.8800362,,,1779711772.9580045,7,,6242
2.484996795654297,,70.0,19.8513381,,,1779711773.929357,8,,6242
2.5031704902648926,,80.0,20.8519031,,,1779711774.929759,9,,6242
2.4727275371551514,,90.0,21.8241405,,,1779711775.9020805,10,,6242
2.4838831424713135,,100.0,22.8241273,,,1779711776.9021459,11,,6242
2.4618871212005615,,110.0,23.8198415,,,1779711777.8983653,12,,6242
2.452939748764038,,120.0,24.8236978,,,1779711778.901713,13,,6242
2.418160915374756,,130.0,25.8408271,,,1779711779.9185507,14,,6242
2.41501522064209,,140.0,26.8027612,,,1779711780.8799381,15,,6242
2.4212968349456787,,150.0,27.7841949,,,1779711781.8622115,16,,6242
2.362943410873413,,160.0,28.7782496,,,1779711782.855848,17,,6242
2.3595848083496094,,170.0,29.818927,,,1779711783.8964415,18,,6242
2.356928825378418,,180.0,30.816163,,,1779711784.8936808,19,,6242
2.3206276893615723,,190.0,31.8082371,,,1779711785.886108,20,,6242
2.257452964782715,,200.0,32.7775022,,,1779711786.8555214,21,,6242
2.260422706604004,,210.0,33.7519775,,,1779711787.8299944,22,,6242
2.2147791385650635,,220.0,34.7359049,,,1779711788.8139207,23,,6242
2.2255303859710693,,230.0,35.731489,,,1779711789.809507,24,,6242
2.17636775970459,,240.0,36.7294001,,,1779711790.8074167,25,,6242
,0.0009979206008271391,250.0,50.6860194,,2.141148805618286,1779711804.7638578,26,2.0554773807525635,6242
2.145237922668457,,250.0,50.7956385,,,1779711804.8736553,27,,6242
2.0972421169281006,,260.0,51.8268651,,,1779711805.90471,28,,6242
2.076207160949707,,270.0,52.8159675,,,1779711806.8939846,29,,6242
2.0220704078674316,,280.0,53.7816377,,,1779711807.8596468,30,,6242
2.0286459922790527,,290.0,54.7430942,,,1779711808.8209698,31,,6242
1.9668774604797363,,300.0,55.7122071,,,1779711809.7889504,32,,6242
1.8957388401031494,,310.0,56.6818333,,,1779711810.758916,33,,6242
1.9199378490447998,,320.0,57.6392498,,,1779711811.7172658,34,,6242
1.8740617036819458,,330.0,58.5957551,,,1779711812.6737745,35,,6242
1.8843131065368652,,340.0,59.5658803,,,1779711813.6434011,36,,6242
1.8229026794433594,,350.0,60.5831013,,,1779711814.661116,37,,6242
1.8340436220169067,,360.0,61.5537851,,,1779711815.6313303,38,,6242
1.8105428218841553,,370.0,62.516586,,,1779711816.5939965,39,,6242
1.782762885093689,,380.0,63.4724416,,,1779711817.550459,40,,6242
1.8018553256988525,,390.0,64.4423505,,,1779711818.5203707,41,,6242
1.7451496124267578,,400.0,65.3970744,,,1779711819.4746013,42,,6242
1.7334743738174438,,410.0,66.3544962,,,1779711820.4317248,43,,6242
1.7120544910430908,,420.0,67.4527817,,,1779711821.5307965,44,,6242
1.6975079774856567,,430.0,68.4488335,,,1779711822.5261915,45,,6242
1.6862143278121948,,440.0,69.412393,,,1779711823.4902842,46,,6242
1.6577837467193604,,450.0,70.3761133,,,1779711824.4536622,47,,6242
1.6745126247406006,,460.0,71.3392694,,,1779711825.417285,48,,6242
1.6506901979446411,,470.0,72.303554,,,1779711826.381572,49,,6242
1.6657800674438477,,480.0,73.2651017,,,1779711827.3428223,50,,6242
1.6087056398391724,,490.0,74.231127,,,1779711828.3089814,51,,6242
,0.0009852826883675631,500.0,87.5337161,,1.7295037508010864,1779711841.611736,52,1.5438488721847534,6242
1.6465705633163452,,500.0,87.6348917,,,1779711841.7129092,53,,6242
1.5994919538497925,,510.0,88.6015817,,,1779711842.6795986,54,,6242
1.6116942167282104,,520.0,89.5590232,,,1779711843.6368806,55,,6242
1.5445547103881836,,530.0,90.5141415,,,1779711844.591616,56,,6242
1.5886280536651611,,540.0,91.4794428,,,1779711845.5574095,57,,6242
1.54354989528656,,550.0,92.439559,,,1779711846.5167859,58,,6242
1.5543471574783325,,560.0,93.3982826,,,1779711847.4763002,59,,6242
1.503770351409912,,570.0,94.3637122,,,1779711848.4414387,60,,6242
1.5543828010559082,,580.0,95.3164109,,,1779711849.394426,61,,6242
1.5291564464569092,,590.0,96.2710459,,,1779711850.3490634,62,,6242
1.4950436353683472,,600.0,97.2483743,,,1779711851.3263924,63,,6242
1.486736536026001,,610.0,98.1978751,,,1779711852.2756834,64,,6242
1.4948185682296753,,620.0,99.1560366,,,1779711853.2340531,65,,6242
1.4819068908691406,,630.0,100.1137432,,,1779711854.1917584,66,,6242
1.4908287525177002,,640.0,101.06348,,,1779711855.1413944,67,,6242
1.4826905727386475,,650.0,102.0110826,,,1779711856.0888538,68,,6242
1.472263216972351,,660.0,102.964303,,,1779711857.0423195,69,,6242
1.469348669052124,,670.0,103.916,,,1779711857.9936323,70,,6242
1.4621093273162842,,680.0,104.8775417,,,1779711858.9554846,71,,6242
1.443459391593933,,690.0,105.8280227,,,1779711859.9060361,72,,6242
1.4429643154144287,,700.0,106.7787806,,,1779711860.8568,73,,6242
1.4400991201400757,,710.0,107.7275685,,,1779711861.8050327,74,,6242
1.4352613687515259,,720.0,108.6820589,,,1779711862.759944,75,,6242
1.4457145929336548,,730.0,109.6460906,,,1779711863.7239518,76,,6242
1.417992353439331,,740.0,110.5992801,,,1779711864.677261,77,,6242
,0.0009614856803571157,750.0,123.4941695,,1.5716285705566406,1779711877.5717952,78,1.355302095413208,6242
1.4312119483947754,,750.0,123.5946349,,,1779711877.672654,79,,6242
1.4346262216567993,,760.0,124.5448998,,,1779711878.6221805,80,,6242
1.397605061531067,,770.0,125.5083449,,,1779711879.5862103,81,,6242
1.4074691534042358,,780.0,126.4588462,,,1779711880.5365136,82,,6242
1.3762614727020264,,790.0,127.4162029,,,1779711881.4935148,83,,6242
1.4010709524154663,,800.0,128.3543386,,,1779711882.432234,84,,6242
1.4120080471038818,,810.0,129.3128567,,,1779711883.3908768,85,,6242
1.4271942377090454,,820.0,130.2667791,,,1779711884.3445172,86,,6242
1.3837405443191528,,830.0,131.2123939,,,1779711885.2904112,87,,6242
1.3728044033050537,,840.0,132.1704642,,,1779711886.24811,88,,6242
1.3391919136047363,,850.0,133.1189448,,,1779711887.1963603,89,,6242
1.3594797849655151,,860.0,134.0598557,,,1779711888.1378725,90,,6242
1.3563686609268188,,870.0,135.0340147,,,1779711889.1118855,91,,6242
1.370734453201294,,880.0,135.9815443,,,1779711890.059563,92,,6242
1.3538193702697754,,890.0,136.9481912,,,1779711891.0262089,93,,6242
1.347507357597351,,900.0,137.9239086,,,1779711892.0003963,94,,6242
1.346861481666565,,910.0,138.8850248,,,1779711892.9620724,95,,6242
1.380508303642273,,920.0,139.8489601,,,1779711893.9269788,96,,6242
1.3286417722702026,,930.0,140.8147282,,,1779711894.892643,97,,6242
1.3471829891204834,,940.0,141.7635563,,,1779711895.8415744,98,,6242
1.3459196090698242,,950.0,142.7336521,,,1779711896.8116672,99,,6242
1.375777006149292,,960.0,143.7163692,,,1779711897.7942026,100,,6242
1.3416879177093506,,970.0,144.6998501,,,1779711898.777806,101,,6242
1.3710103034973145,,980.0,145.721755,,,1779711899.799401,102,,6242
1.3306273221969604,,990.0,146.7457014,,,1779711900.8234982,103,,6242
,0.0009271396472013282,1000.0,160.2398047,,1.5203275680541992,1779711914.3173342,104,1.263311505317688,6242
1.373081088066101,,1000.0,160.3453133,,,1779711914.4233294,105,,6242
1.326899766921997,,1010.0,161.3357371,,,1779711915.4136982,106,,6242
1.3352404832839966,,1020.0,162.3142869,,,1779711916.3919945,107,,6242
1.3414803743362427,,1030.0,163.3012837,,,1779711917.378709,108,,6242
1.3195351362228394,,1040.0,164.2855714,,,1779711918.3627543,109,,6242
1.3229209184646606,,1050.0,165.2672659,,,1779711919.3450813,110,,6242
1.2874033451080322,,1060.0,166.2397832,,,1779711920.3179154,111,,6242
1.2991636991500854,,1070.0,167.2168911,,,1779711921.2949085,112,,6242
1.3186440467834473,,1080.0,168.1993238,,,1779711922.277542,113,,6242
1.2928111553192139,,1090.0,169.1845777,,,1779711923.2625918,114,,6242
1.3198977708816528,,1100.0,170.1609446,,,1779711924.2385714,115,,6242
1.313734531402588,,1110.0,171.1220743,,,1779711925.2000904,116,,6242
1.2934948205947876,,1120.0,172.1123966,,,1779711926.190324,117,,6242
1.29385507106781,,1130.0,173.0970937,,,1779711927.17475,118,,6242
1.2871050834655762,,1140.0,174.0732546,,,1779711928.1512728,119,,6242
1.279084324836731,,1150.0,175.0605744,,,1779711929.138063,120,,6242
1.3055367469787598,,1160.0,176.0457563,,,1779711930.123774,121,,6242
1.2837250232696533,,1170.0,177.0160423,,,1779711931.0939984,122,,6242
1.2998369932174683,,1180.0,178.0015861,,,1779711932.0795996,123,,6242
1.265222191810608,,1190.0,178.9827351,,,1779711933.0607452,124,,6242
1.2689175605773926,,1200.0,179.9717423,,,1779711934.049756,125,,6242
1.2649085521697998,,1210.0,180.9531826,,,1779711935.0308387,126,,6242
1.2478692531585693,,1220.0,181.9404604,,,1779711936.0176535,127,,6242
1.2381007671356201,,1230.0,182.9208485,,,1779711936.9988632,128,,6242
1.2661967277526855,,1240.0,183.9036076,,,1779711937.981419,129,,6242
,0.000883125098683892,1250.0,197.2688526,,1.4863337278366089,1779711951.346379,130,1.196338176727295,6242
1.26822829246521,,1250.0,197.3749522,,,1779711951.4523249,131,,6242
1.2270714044570923,,1260.0,198.3572957,,,1779711952.4350734,132,,6242
1.2657369375228882,,1270.0,199.3104327,,,1779711953.3884225,133,,6242
1.2670834064483643,,1280.0,200.2998001,,,1779711954.37777,134,,6242
1.2547821998596191,,1290.0,201.2994747,,,1779711955.3779986,135,,6242
1.2950489521026611,,1300.0,202.2904995,,,1779711956.3683136,136,,6242
1.2679200172424316,,1310.0,203.2679503,,,1779711957.3454366,137,,6242
1.2510590553283691,,1320.0,204.2375691,,,1779711958.3155837,138,,6242
1.2752870321273804,,1330.0,205.2193084,,,1779711959.2956727,139,,6242
1.2684547901153564,,1340.0,206.2481879,,,1779711960.3261764,140,,6242
1.2417222261428833,,1350.0,207.2585965,,,1779711961.3363283,141,,6242
1.2421059608459473,,1360.0,208.2853873,,,1779711962.3630614,142,,6242
1.2257627248764038,,1370.0,209.3024289,,,1779711963.380215,143,,6242
1.2370703220367432,,1380.0,210.3028359,,,1779711964.3808148,144,,6242
1.2422093152999878,,1390.0,211.2620215,,,1779711965.3400402,145,,6242
1.2395633459091187,,1400.0,212.2365845,,,1779711966.3140821,146,,6242
1.2745996713638306,,1410.0,213.1986809,,,1779711967.2766972,147,,6242
1.2423044443130493,,1420.0,214.1691237,,,1779711968.2471273,148,,6242
1.249922513961792,,1430.0,215.1729232,,,1779711969.2500994,149,,6242
1.2165173292160034,,1440.0,216.1706822,,,1779711970.2486863,150,,6242
1.2077627182006836,,1450.0,217.1626403,,,1779711971.2403486,151,,6242
1.2150715589523315,,1460.0,218.1721261,,,1779711972.2502754,152,,6242
1.2609457969665527,,1470.0,219.1889645,,,1779711973.2669828,153,,6242
1.2285659313201904,,1480.0,220.1695813,,,1779711974.2476013,154,,6242
1.2388389110565186,,1490.0,221.142216,,,1779711975.2202332,155,,6242
,0.0008305704108364302,1500.0,235.4297958,,1.4829514026641846,1779711989.5073206,156,1.144690752029419,6242
1.2278633117675781,,1500.0,235.5365781,,,1779711989.6145964,157,,6242
1.219224452972412,,1510.0,236.5579519,,,1779711990.635969,158,,6242
1.1868376731872559,,1520.0,237.6185861,,,1779711991.6963675,159,,6242
1.2050859928131104,,1530.0,238.6388567,,,1779711992.7168746,160,,6242
1.2126740217208862,,1540.0,239.6584202,,,1779711993.7360349,161,,6242
1.2178863286972046,,1550.0,240.704405,,,1779711994.7824159,162,,6242
1.1891714334487915,,1560.0,241.7104386,,,1779711995.7883196,163,,6242
1.2089076042175293,,1570.0,242.7299245,,,1779711996.8079414,164,,6242
1.196979284286499,,1580.0,243.7787187,,,1779711997.8567338,165,,6242
1.2173957824707031,,1590.0,244.7996758,,,1779711998.877074,166,,6242
1.1955443620681763,,1600.0,245.8312388,,,1779711999.9092562,167,,6242
1.197628378868103,,1610.0,246.8925668,,,1779712000.9700265,168,,6242
1.179064154624939,,1620.0,247.9155111,,,1779712001.9935277,169,,6242
1.1855446100234985,,1630.0,248.9386892,,,1779712003.0166018,170,,6242
1.2063759565353394,,1640.0,249.9974552,,,1779712004.0752947,171,,6242
1.1599534749984741,,1650.0,251.0168876,,,1779712005.0954115,172,,6242
1.1767464876174927,,1660.0,252.0443398,,,1779712006.1218557,173,,6242
1.1643401384353638,,1670.0,253.1047207,,,1779712007.1828103,174,,6242
1.166847586631775,,1680.0,254.1287925,,,1779712008.206474,175,,6242
1.173356294631958,,1690.0,255.1433296,,,1779712009.221346,176,,6242
1.1785328388214111,,1700.0,256.206503,,,1779712010.284521,177,,6242
1.1760345697402954,,1710.0,257.2268465,,,1779712011.3046408,178,,6242
1.190183162689209,,1720.0,258.2670719,,,1779712012.3450909,179,,6242
1.1672171354293823,,1730.0,259.3067809,,,1779712013.3847983,180,,6242
1.1685526371002197,,1740.0,260.3242158,,,1779712014.4019938,181,,6242
,0.0007708228984017721,1750.0,274.3124947,,1.4719451665878296,1779712028.3900192,182,1.0919569730758667,6242
1.1886494159698486,,1750.0,274.4206565,,,1779712028.4986746,183,,6242
1.1823092699050903,,1760.0,275.4381948,,,1779712029.5162122,184,,6242
1.1661137342453003,,1770.0,276.4831753,,,1779712030.5611644,185,,6242
1.16617751121521,,1780.0,277.5133983,,,1779712031.591417,186,,6242
1.1650763750076294,,1790.0,278.5356459,,,1779712032.6141696,187,,6242
1.1999436616897583,,1800.0,279.5805131,,,1779712033.6584795,188,,6242
1.141244888305664,,1810.0,280.6091203,,,1779712034.6871395,189,,6242
1.1666728258132935,,1820.0,281.6307017,,,1779712035.708499,190,,6242
1.1836543083190918,,1830.0,282.678988,,,1779712036.7568889,191,,6242
1.1549663543701172,,1840.0,283.6916125,,,1779712037.769796,192,,6242
1.1357102394104004,,1850.0,284.7109979,,,1779712038.7881162,193,,6242
1.1733331680297852,,1860.0,285.767056,,,1779712039.844962,194,,6242
1.1620829105377197,,1870.0,286.8218998,,,1779712040.8994253,195,,6242
1.1277085542678833,,1880.0,287.86198,,,1779712041.9400039,196,,6242
1.1666914224624634,,1890.0,288.9149862,,,1779712042.9930015,197,,6242
1.143402338027954,,1900.0,289.9521378,,,1779712044.0301645,198,,6242
1.1131330728530884,,1910.0,290.972701,,,1779712045.05072,199,,6242
1.1315358877182007,,1920.0,292.0573476,,,1779712046.135374,200,,6242
1.1589787006378174,,1930.0,293.0796039,,,1779712047.1575136,201,,6242
1.1524046659469604,,1940.0,294.1131281,,,1779712048.190909,202,,6242
1.1381839513778687,,1950.0,295.2082346,,,1779712049.2857575,203,,6242
1.100125789642334,,1960.0,296.253373,,,1779712050.3313937,204,,6242
1.1184829473495483,,1970.0,297.297981,,,1779712051.3758094,205,,6242
1.1255500316619873,,1980.0,298.3596198,,,1779712052.437643,206,,6242
1.1336581707000732,,1990.0,299.3819598,,,1779712053.4594803,207,,6242
,0.0007054142744895884,2000.0,313.3806986,,1.4780577421188354,1779712067.4582198,208,1.0437235832214355,6242
1.1618486642837524,,2000.0,313.4830622,,,1779712067.5610797,209,,6242
1.1519509553909302,,2010.0,314.4897334,,,1779712068.5682573,210,,6242
1.1334871053695679,,2020.0,315.4873446,,,1779712069.56489,211,,6242
1.1403881311416626,,2030.0,316.5170016,,,1779712070.5950196,212,,6242
1.1223018169403076,,2040.0,317.5056115,,,1779712071.5836272,213,,6242
1.1108002662658691,,2050.0,318.509782,,,1779712072.5877168,214,,6242
1.113516926765442,,2060.0,319.531036,,,1779712073.6083279,215,,6242
1.1325745582580566,,2070.0,320.5358445,,,1779712074.6137407,216,,6242
1.1244614124298096,,2080.0,321.5605254,,,1779712075.638542,217,,6242
1.1152970790863037,,2090.0,322.5696741,,,1779712076.646679,218,,6242
1.174870491027832,,2100.0,323.5492397,,,1779712077.6268246,219,,6242
1.1196883916854858,,2110.0,324.5174772,,,1779712078.5953386,220,,6242
1.1487468481063843,,2120.0,325.5061034,,,1779712079.5841212,221,,6242
1.089388370513916,,2130.0,326.4953493,,,1779712080.5729415,222,,6242
1.0983476638793945,,2140.0,327.4911043,,,1779712081.5690403,223,,6242
1.074765682220459,,2150.0,328.4984546,,,1779712082.5764732,224,,6242
1.1118485927581787,,2160.0,329.5026974,,,1779712083.5802112,225,,6242
1.1083106994628906,,2170.0,330.4812738,,,1779712084.5587838,226,,6242
1.1205869913101196,,2180.0,331.4531747,,,1779712085.5308087,227,,6242
1.1034691333770752,,2190.0,332.4210706,,,1779712086.498222,228,,6242
1.090233564376831,,2200.0,333.3882006,,,1779712087.4654694,229,,6242
1.0529499053955078,,2210.0,334.3795853,,,1779712088.457032,230,,6242
1.1078917980194092,,2220.0,335.3713111,,,1779712089.4492202,231,,6242
1.0969274044036865,,2230.0,336.3958842,,,1779712090.4734082,232,,6242
1.1178284883499146,,2240.0,337.413727,,,1779712091.491726,233,,6242
,0.0006360213829156177,2250.0,351.1961737,,1.4816738367080688,1779712105.2736,234,0.9961704015731812,6242
1.0904741287231445,,2250.0,351.3038821,,,1779712105.3818982,235,,6242
1.07586669921875,,2260.0,352.3159487,,,1779712106.393971,236,,6242
1.0849134922027588,,2270.0,353.3293723,,,1779712107.4068959,237,,6242
1.1008967161178589,,2280.0,354.3399929,,,1779712108.4180176,238,,6242
1.1098499298095703,,2290.0,355.3392766,,,1779712109.4168017,239,,6242
1.088658332824707,,2300.0,356.3573745,,,1779712110.4349012,240,,6242
1.0850255489349365,,2310.0,357.3589628,,,1779712111.436753,241,,6242
1.0672630071640015,,2320.0,358.3606748,,,1779712112.4386976,242,,6242
1.10819673538208,,2330.0,359.3605435,,,1779712113.438567,243,,6242
1.0761069059371948,,2340.0,360.3496562,,,1779712114.4276807,244,,6242
1.096922516822815,,2350.0,361.3214567,,,1779712115.3994396,245,,6242
1.0676912069320679,,2360.0,362.2913737,,,1779712116.369393,246,,6242
1.0535008907318115,,2370.0,363.2432227,,,1779712117.3212454,247,,6242
1.0813616514205933,,2380.0,364.226821,,,1779712118.3048444,248,,6242
1.1054590940475464,,2390.0,365.1913222,,,1779712119.2688453,249,,6242
1.0439382791519165,,2400.0,366.1438929,,,1779712120.221918,250,,6242
1.0764496326446533,,2410.0,367.1037571,,,1779712121.1817794,251,,6242
1.0854198932647705,,2420.0,368.0780834,,,1779712122.1556091,252,,6242
1.0650769472122192,,2430.0,369.0519277,,,1779712123.130113,253,,6242
1.0660191774368286,,2440.0,370.0237723,,,1779712124.1017892,254,,6242
1.0709989070892334,,2450.0,370.9788916,,,1779712125.057003,255,,6242
1.0544540882110596,,2460.0,371.94138,,,1779712126.0194046,256,,6242
1.0549989938735962,,2470.0,372.9045519,,,1779712126.9830756,257,,6242
1.060996174812317,,2480.0,373.8645116,,,1779712127.9425173,258,,6242
1.0684635639190674,,2490.0,374.8212188,,,1779712128.8993075,259,,6242
,0.000564423209907245,2500.0,388.0416576,,1.5055066347122192,1779712142.1193933,260,0.9510911703109741,6242
1.0411627292633057,,2500.0,388.1426793,,,1779712142.2206972,261,,6242
1.0530906915664673,,2510.0,389.0919672,,,1779712143.169985,262,,6242
1.0455621480941772,,2520.0,390.0488269,,,1779712144.126823,263,,6242
1.052950382232666,,2530.0,391.007247,,,1779712145.0851607,264,,6242
1.0448501110076904,,2540.0,391.9681257,,,1779712146.0461445,265,,6242
1.04732084274292,,2550.0,392.9247451,,,1779712147.0018537,266,,6242
1.0328220129013062,,2560.0,393.8857631,,,1779712147.9634936,267,,6242
1.0583375692367554,,2570.0,394.8489845,,,1779712148.926966,268,,6242
1.0549982786178589,,2580.0,395.832264,,,1779712149.9095821,269,,6242
1.0197315216064453,,2590.0,396.8087149,,,1779712150.886732,270,,6242
1.0453596115112305,,2600.0,397.8122191,,,1779712151.8902352,271,,6242
1.0715123414993286,,2610.0,398.7842157,,,1779712152.861631,272,,6242
1.048839807510376,,2620.0,399.7485206,,,1779712153.8263223,273,,6242
1.0355201959609985,,2630.0,400.7107438,,,1779712154.7886388,274,,6242
1.0422059297561646,,2640.0,401.6759878,,,1779712155.7540042,275,,6242
1.034970998764038,,2650.0,402.6439303,,,1779712156.7210052,276,,6242
1.0422377586364746,,2660.0,403.6559793,,,1779712157.7339969,277,,6242
1.0198639631271362,,2670.0,404.626923,,,1779712158.7049396,278,,6242
1.0378531217575073,,2680.0,405.6086956,,,1779712159.6867118,279,,6242
1.018040418624878,,2690.0,406.579375,,,1779712160.6573036,280,,6242
1.0199179649353027,,2700.0,407.5435257,,,1779712161.6215427,281,,6242
1.0463024377822876,,2710.0,408.5164861,,,1779712162.5945036,282,,6242
1.054229497909546,,2720.0,409.4863826,,,1779712163.564401,283,,6242
1.0451916456222534,,2730.0,410.450443,,,1779712164.528459,284,,6242
1.0411996841430664,,2740.0,411.4129682,,,1779712165.490803,285,,6242
,0.0004924552772419723,2750.0,425.1396184,,1.519944190979004,1779712179.217707,286,0.9042044281959534,6242
1.0010616779327393,,2750.0,425.2455247,,,1779712179.3234506,287,,6242
1.0248280763626099,,2760.0,426.2515399,,,1779712180.3289075,288,,6242
1.018283724784851,,2770.0,427.272087,,,1779712181.3499043,289,,6242
1.0064374208450317,,2780.0,428.2798269,,,1779712182.3571458,290,,6242
1.0051356554031372,,2790.0,429.3430765,,,1779712183.4211018,291,,6242
1.0099068880081177,,2800.0,430.424282,,,1779712184.5020022,292,,6242
1.0276744365692139,,2810.0,431.5020087,,,1779712185.5800242,293,,6242
1.009967565536499,,2820.0,432.5150963,,,1779712186.5931113,294,,6242
0.9841918349266052,,2830.0,433.4880167,,,1779712187.5660355,295,,6242
1.015219807624817,,2840.0,434.4586694,,,1779712188.5366867,296,,6242
1.012731671333313,,2850.0,435.4473527,,,1779712189.5253706,297,,6242
0.9942542314529419,,2860.0,436.4403167,,,1779712190.5178916,298,,6242
0.9929981827735901,,2870.0,437.4361764,,,1779712191.5141943,299,,6242
1.001845121383667,,2880.0,438.4227333,,,1779712192.5007505,300,,6242
0.9929054379463196,,2890.0,439.4380417,,,1779712193.5153475,301,,6242
0.9993867874145508,,2900.0,440.4147554,,,1779712194.4926765,302,,6242
1.004503607749939,,2910.0,441.3939413,,,1779712195.4715362,303,,6242
0.9867783784866333,,2920.0,442.3783191,,,1779712196.4552965,304,,6242
0.9801322221755981,,2930.0,443.360078,,,1779712197.4380934,305,,6242
0.9972166419029236,,2940.0,444.3592052,,,1779712198.4368045,306,,6242
0.978591799736023,,2950.0,445.3562053,,,1779712199.432602,307,,6242
0.9954120516777039,,2960.0,446.3620014,,,1779712200.440008,308,,6242
0.977478563785553,,2970.0,447.3773622,,,1779712201.4552627,309,,6242
0.9708698391914368,,2980.0,448.3864852,,,1779712202.4636936,310,,6242
0.9905198812484741,,2990.0,449.3742817,,,1779712203.4515326,311,,6242
,0.0004219625860160354,3000.0,462.8268625,,1.5391392707824707,1779712216.9041767,312,0.8573103547096252,6242
0.9754294753074646,,3000.0,462.9248632,,,1779712217.002259,313,,6242
0.9810870289802551,,3010.0,463.8987865,,,1779712217.9773102,314,,6242
0.9828802943229675,,3020.0,464.9056004,,,1779712218.9833128,315,,6242
0.9606488347053528,,3030.0,465.9730566,,,1779712220.0510738,316,,6242
1.0104397535324097,,3040.0,467.0154067,,,1779712221.0934231,317,,6242
0.9712913632392883,,3050.0,468.0650889,,,1779712222.1428235,318,,6242
0.9876706004142761,,3060.0,469.1093003,,,1779712223.1873183,319,,6242
0.9837404489517212,,3070.0,470.1740578,,,1779712224.2520356,320,,6242
0.9798575043678284,,3080.0,471.2106846,,,1779712225.2887056,321,,6242
0.9707432985305786,,3090.0,472.2611185,,,1779712226.3391254,322,,6242
0.9719688892364502,,3100.0,473.3089341,,,1779712227.3869514,323,,6242
0.9789900779724121,,3110.0,474.3432985,,,1779712228.4218223,324,,6242
0.9805687665939331,,3120.0,475.3822024,,,1779712229.4602199,325,,6242
0.9648439288139343,,3130.0,476.4215277,,,1779712230.499472,326,,6242
0.9655569195747375,,3140.0,477.4517335,,,1779712231.5294814,327,,6242
0.951158881187439,,3150.0,478.488882,,,1779712232.5665455,328,,6242
0.949853241443634,,3160.0,479.5244776,,,1779712233.6020045,329,,6242
0.9412974119186401,,3170.0,480.5691796,,,1779712234.6471815,330,,6242
0.9565075039863586,,3180.0,481.6124788,,,1779712235.6900897,331,,6242
0.9549199938774109,,3190.0,482.6224352,,,1779712236.700959,332,,6242
0.9500323534011841,,3200.0,483.6424155,,,1779712237.7204359,333,,6242
0.9427477121353149,,3210.0,484.6802065,,,1779712238.757345,334,,6242
0.9633851051330566,,3220.0,485.6818337,,,1779712239.7588775,335,,6242
0.9644584655761719,,3230.0,486.7076782,,,1779712240.7856975,336,,6242
0.9249581694602966,,3240.0,487.7437165,,,1779712241.8217335,337,,6242
,0.00035475231739709885,3250.0,501.4436109,,1.5644645690917969,1779712255.521136,338,0.8097675442695618,6242
0.9604601263999939,,3250.0,501.5455751,,,1779712255.6235955,339,,6242
0.9661123752593994,,3260.0,502.5255867,,,1779712256.603332,340,,6242
0.9478254318237305,,3270.0,503.518014,,,1779712257.596031,341,,6242
0.9800554513931274,,3280.0,504.5027589,,,1779712258.5807662,342,,6242
0.9525085687637329,,3290.0,505.4740354,,,1779712259.5520546,343,,6242
0.9568237662315369,,3300.0,506.4531969,,,1779712260.5310738,344,,6242
0.9564937949180603,,3310.0,507.4279777,,,1779712261.5059962,345,,6242
0.9470224380493164,,3320.0,508.4065783,,,1779712262.4845955,346,,6242
0.9701971411705017,,3330.0,509.385065,,,1779712263.4629092,347,,6242
0.9362287521362305,,3340.0,510.354383,,,1779712264.432383,348,,6242
0.9242810010910034,,3350.0,511.3321504,,,1779712265.4101653,349,,6242
0.953220009803772,,3360.0,512.3159712,,,1779712266.3939881,350,,6242
0.9654531478881836,,3370.0,513.2908552,,,1779712267.3679173,351,,6242
0.9443149566650391,,3380.0,514.2705337,,,1779712268.3485518,352,,6242
0.9344372153282166,,3390.0,515.2701247,,,1779712269.3480132,353,,6242
0.9241150617599487,,3400.0,516.2405699,,,1779712270.3183308,354,,6242
0.9082691073417664,,3410.0,517.2128937,,,1779712271.2898903,355,,6242
0.9310320019721985,,3420.0,518.1879686,,,1779712272.2658656,356,,6242
0.9405338764190674,,3430.0,519.1632102,,,1779712273.2404335,357,,6242
0.9141863584518433,,3440.0,520.1440409,,,1779712274.221646,358,,6242
0.9510065317153931,,3450.0,521.1148108,,,1779712275.1927462,359,,6242
0.8931453227996826,,3460.0,522.0863262,,,1779712276.1643434,360,,6242
0.9398680329322815,,3470.0,523.0516044,,,1779712277.129404,361,,6242
0.9428627490997314,,3480.0,524.0260094,,,1779712278.1039512,362,,6242
0.9152674674987793,,3490.0,524.9921782,,,1779712279.0701952,363,,6242
,0.0002925475029450237,3500.0,538.0472243,,1.5888923406600952,1779712292.1252322,364,0.7652273774147034,6242
0.9235190153121948,,3500.0,538.1471035,,,1779712292.2251136,365,,6242
0.9081655740737915,,3510.0,539.1248607,,,1779712293.2033846,366,,6242
0.9200137853622437,,3520.0,540.0849018,,,1779712294.162839,367,,6242
0.9068248867988586,,3530.0,541.0495054,,,1779712295.1275227,368,,6242
0.9205276966094971,,3540.0,542.0039876,,,1779712296.0819662,369,,6242
0.9021671414375305,,3550.0,542.9596301,,,1779712297.036761,370,,6242
0.8968021273612976,,3560.0,543.9222132,,,1779712297.9993951,371,,6242
0.9199102520942688,,3570.0,544.877093,,,1779712298.9551115,372,,6242
0.9038125872612,,3580.0,545.8293759,,,1779712299.907371,373,,6242
0.909166693687439,,3590.0,546.78947,,,1779712300.8666391,374,,6242
0.9109182953834534,,3600.0,547.7560387,,,1779712301.834058,375,,6242
0.8861714601516724,,3610.0,548.7121549,,,1779712302.790206,376,,6242
0.9084908366203308,,3620.0,549.6732273,,,1779712303.7512474,377,,6242
0.895463764667511,,3630.0,550.6356689,,,1779712304.7136183,378,,6242
0.8908660411834717,,3640.0,551.5932054,,,1779712305.671222,379,,6242
0.8814995884895325,,3650.0,552.5472998,,,1779712306.625044,380,,6242
0.9030264616012573,,3660.0,553.5101014,,,1779712307.5878327,381,,6242
0.8771169781684875,,3670.0,554.4640801,,,1779712308.5420194,382,,6242
0.8935843706130981,,3680.0,555.4166062,,,1779712309.4941325,383,,6242
0.8995867371559143,,3690.0,556.378918,,,1779712310.456935,384,,6242
0.8841798305511475,,3700.0,557.3401284,,,1779712311.4181464,385,,6242
0.902999997138977,,3710.0,558.2954274,,,1779712312.3725371,386,,6242
0.9077877998352051,,3720.0,559.2563992,,,1779712313.3341274,387,,6242
0.9086413383483887,,3730.0,560.2320797,,,1779712314.3091595,388,,6242
0.898772656917572,,3740.0,561.2131716,,,1779712315.2911892,389,,6242
,0.00023694285222843113,3750.0,574.6291875,,1.6041960716247559,1779712328.706297,390,0.7284159660339355,6242
0.8750772476196289,,3750.0,574.7330545,,,1779712328.8102314,391,,6242
0.9176697731018066,,3760.0,575.7070072,,,1779712329.7850094,392,,6242
0.9026241898536682,,3770.0,576.6923454,,,1779712330.7700756,393,,6242
0.8873639106750488,,3780.0,577.6609695,,,1779712331.7387667,394,,6242
0.880071222782135,,3790.0,578.6297935,,,1779712332.707159,395,,6242
0.8668258786201477,,3800.0,579.5969124,,,1779712333.6749322,396,,6242
0.9036620855331421,,3810.0,580.5756322,,,1779712334.6536517,397,,6242
0.8825262784957886,,3820.0,581.5650664,,,1779712335.6417174,398,,6242
0.9142646193504333,,3830.0,582.5627663,,,1779712336.6407826,399,,6242
0.8798953294754028,,3840.0,583.5596893,,,1779712337.6368845,400,,6242
0.8775961399078369,,3850.0,584.6151139,,,1779712338.693133,401,,6242
0.8859725594520569,,3860.0,585.6147332,,,1779712339.6926997,402,,6242
0.9028336405754089,,3870.0,586.5999772,,,1779712340.677877,403,,6242
0.8912630081176758,,3880.0,587.5976814,,,1779712341.675697,404,,6242
0.8646278381347656,,3890.0,588.5971849,,,1779712342.6752024,405,,6242
0.8841448426246643,,3900.0,589.5739942,,,1779712343.6514032,406,,6242
0.8845121264457703,,3910.0,590.5470676,,,1779712344.6250849,407,,6242
0.8539301156997681,,3920.0,591.5194875,,,1779712345.5973728,408,,6242
0.8678237795829773,,3930.0,592.4898529,,,1779712346.5678687,409,,6242
0.8501088619232178,,3940.0,593.4642191,,,1779712347.5412557,410,,6242
0.8666821122169495,,3950.0,594.4334966,,,1779712348.5114417,411,,6242
0.8891213536262512,,3960.0,595.3996165,,,1779712349.477389,412,,6242
0.8724594712257385,,3970.0,596.379576,,,1779712350.4575915,413,,6242
0.8630857467651367,,3980.0,597.3509333,,,1779712351.4294572,414,,6242
0.8826010823249817,,3990.0,598.3455658,,,1779712352.423004,415,,6242
,0.00018936387015941957,4000.0,611.8477534,,1.6351189613342285,1779712365.9257476,416,0.6959060430526733,6242
0.860846221446991,,4000.0,611.9501756,,,1779712366.0281782,417,,6242
0.8536705374717712,,4010.0,612.9591099,,,1779712367.0371263,418,,6242
0.8734040856361389,,4020.0,613.924534,,,1779712368.003058,419,,6242
0.8567855954170227,,4030.0,614.9071688,,,1779712368.9851704,420,,6242
0.8610594272613525,,4040.0,615.9019936,,,1779712369.9800115,421,,6242
0.8591455817222595,,4050.0,616.8622091,,,1779712370.940733,422,,6242
0.8676562905311584,,4060.0,617.8299919,,,1779712371.9079177,423,,6242
0.8646673560142517,,4070.0,618.7939792,,,1779712372.8711803,424,,6242
0.8542647957801819,,4080.0,619.7448108,,,1779712373.8233347,425,,6242
0.8363684415817261,,4090.0,620.7045916,,,1779712374.7831156,426,,6242
0.8640710711479187,,4100.0,621.6720303,,,1779712375.7493854,427,,6242
0.8466982841491699,,4110.0,622.653543,,,1779712376.7320669,428,,6242
0.831643283367157,,4120.0,623.669096,,,1779712377.746521,429,,6242
0.8654809594154358,,4130.0,624.6491639,,,1779712378.7271824,430,,6242
0.828900158405304,,4140.0,625.6142431,,,1779712379.6922624,431,,6242
0.8507755994796753,,4150.0,626.6301192,,,1779712380.708643,432,,6242
0.8636450171470642,,4160.0,627.6006341,,,1779712381.679158,433,,6242
0.8316386342048645,,4170.0,628.6050072,,,1779712382.6826837,434,,6242
0.8641089797019958,,4180.0,629.5652855,,,1779712383.6431684,435,,6242
0.8516653180122375,,4190.0,630.547101,,,1779712384.624884,436,,6242
0.8406767845153809,,4200.0,631.5019809,,,1779712385.580197,437,,6242
0.8400107622146606,,4210.0,632.4682763,,,1779712386.5457308,438,,6242
0.8566266298294067,,4220.0,633.471289,,,1779712387.5490234,439,,6242
0.8393781781196594,,4230.0,634.4983603,,,1779712388.5761526,440,,6242
0.8676993250846863,,4240.0,635.5330192,,,1779712389.611543,441,,6242
,0.00015103031213214996,4250.0,649.0941407,,1.653322458267212,1779712403.1713626,442,0.6714213490486145,6242
0.8186553716659546,,4250.0,649.1951678,,,1779712403.2731853,443,,6242
0.8576399683952332,,4260.0,650.1887813,,,1779712404.2666256,444,,6242
0.8405463099479675,,4270.0,651.1782378,,,1779712405.2562551,445,,6242
0.8245072960853577,,4280.0,652.1714966,,,1779712406.2489834,446,,6242
0.8639485836029053,,4290.0,653.1746903,,,1779712407.251911,447,,6242
0.8238624334335327,,4300.0,654.1560235,,,1779712408.2335465,448,,6242
0.8324905633926392,,4310.0,655.1652078,,,1779712409.242785,449,,6242
0.8374053835868835,,4320.0,656.162429,,,1779712410.2404435,450,,6242
0.8398435115814209,,4330.0,657.1702243,,,1779712411.247641,451,,6242
0.8416102528572083,,4340.0,658.1802351,,,1779712412.258759,452,,6242
0.8325408697128296,,4350.0,659.1905309,,,1779712413.2675285,453,,6242
0.8501392602920532,,4360.0,660.1901559,,,1779712414.267939,454,,6242
0.8323091268539429,,4370.0,661.1555206,,,1779712415.2335298,455,,6242
0.8236142992973328,,4380.0,662.1300975,,,1779712416.2075517,456,,6242
0.839445173740387,,4390.0,663.1161387,,,1779712417.1940265,457,,6242
0.8499834537506104,,4400.0,664.079269,,,1779712418.1571183,458,,6242
0.7912133932113647,,4410.0,665.0966969,,,1779712419.1747146,459,,6242
0.8188262581825256,,4420.0,666.1057672,,,1779712420.1829493,460,,6242
0.815056562423706,,4430.0,667.0968281,,,1779712421.1742296,461,,6242
0.8463923335075378,,4440.0,668.1108913,,,1779712422.1889083,462,,6242
0.8218115568161011,,4450.0,669.0995702,,,1779712423.1774592,463,,6242
0.8394800424575806,,4460.0,670.0662818,,,1779712424.1442392,464,,6242
0.8206488490104675,,4470.0,671.0403557,,,1779712425.118157,465,,6242
0.8337676525115967,,4480.0,672.0397114,,,1779712426.117728,466,,6242
0.8481078147888184,,4490.0,673.0116207,,,1779712427.089613,467,,6242
,0.00012292491384519912,4500.0,686.426999,,1.6796940565109253,1779712440.5050473,468,0.6449746489524841,6242
0.8450522422790527,,4500.0,686.5330374,,,1779712440.611058,469,,6242
0.8171704411506653,,4510.0,687.5264296,,,1779712441.6044476,470,,6242
0.8438206911087036,,4520.0,688.5108298,,,1779712442.5887504,471,,6242
0.838179349899292,,4530.0,689.4732815,,,1779712443.5506384,472,,6242
0.8388887047767639,,4540.0,690.4476934,,,1779712444.5257108,473,,6242
0.8191001415252686,,4550.0,691.4190567,,,1779712445.4964404,474,,6242
0.8111591339111328,,4560.0,692.3996528,,,1779712446.4772294,475,,6242
0.8285551071166992,,4570.0,693.3778998,,,1779712447.4558852,476,,6242
0.7993451952934265,,4580.0,694.3580572,,,1779712448.436074,477,,6242
0.7979568243026733,,4590.0,695.3217049,,,1779712449.4002285,478,,6242
0.8159295916557312,,4600.0,696.2997186,,,1779712450.377738,479,,6242
0.8448864221572876,,4610.0,697.257803,,,1779712451.3350012,480,,6242
0.8184655904769897,,4620.0,698.2310707,,,1779712452.3090496,481,,6242
0.8062275648117065,,4630.0,699.1896862,,,1779712453.2677052,482,,6242
0.798507034778595,,4640.0,700.1511516,,,1779712454.2287984,483,,6242
0.7980485558509827,,4650.0,701.1062138,,,1779712455.184118,484,,6242
0.8287773132324219,,4660.0,702.0576149,,,1779712456.1355205,485,,6242
0.8286964297294617,,4670.0,703.0666463,,,1779712457.144165,486,,6242
0.8182070851325989,,4680.0,704.0375191,,,1779712458.1153958,487,,6242
0.7943781018257141,,4690.0,705.0113285,,,1779712459.089325,488,,6242
0.807978630065918,,4700.0,706.0002662,,,1779712460.0782862,489,,6242
0.8165426254272461,,4710.0,706.9756255,,,1779712461.0536425,490,,6242
0.8033838272094727,,4720.0,707.9706688,,,1779712462.0486856,491,,6242
0.8159403204917908,,4730.0,708.9399977,,,1779712463.018005,492,,6242
0.80530846118927,,4740.0,709.9268739,,,1779712464.0048916,493,,6242
,0.00010576819746349742,4750.0,723.2214041,,1.6897021532058716,1779712477.2993257,494,0.6265907883644104,6242
0.8279649019241333,,4750.0,723.3262005,,,1779712477.4047241,495,,6242
0.8226390480995178,,4760.0,724.2937541,,,1779712478.3708653,496,,6242
0.8238583207130432,,4770.0,725.2770009,,,1779712479.3548255,497,,6242
0.8226934671401978,,4780.0,726.2683762,,,1779712480.3453565,498,,6242
0.8155190944671631,,4790.0,727.2368267,,,1779712481.3148403,499,,6242
0.8174146413803101,,4800.0,728.2090952,,,1779712482.2870307,500,,6242
0.8078381419181824,,4810.0,729.1898382,,,1779712483.267855,501,,6242
0.7981155514717102,,4820.0,730.1589163,,,1779712484.2367518,502,,6242
0.8376561999320984,,4830.0,731.1450554,,,1779712485.2230725,503,,6242
0.8029615879058838,,4840.0,732.1282879,,,1779712486.206306,504,,6242
0.8314619660377502,,4850.0,733.1393032,,,1779712487.2166862,505,,6242
0.8150224685668945,,4860.0,734.1309083,,,1779712488.208925,506,,6242
0.8363581895828247,,4870.0,735.0945423,,,1779712489.1718316,507,,6242
0.8412536978721619,,4880.0,736.0802264,,,1779712490.1582434,508,,6242
0.8147986531257629,,4890.0,737.08135,,,1779712491.1593647,509,,6242
0.7916236519813538,,4900.0,738.0717141,,,1779712492.1497324,510,,6242
0.7891820669174194,,4910.0,739.0856304,,,1779712493.1637404,511,,6242
0.8134303092956543,,4920.0,740.0976669,,,1779712494.1756854,512,,6242
0.8084477186203003,,4930.0,741.096463,,,1779712495.1738622,513,,6242
0.8013697266578674,,4940.0,742.0887395,,,1779712496.166757,514,,6242
0.8231115341186523,,4950.0,743.0572874,,,1779712497.135173,515,,6242
0.8051108717918396,,4960.0,744.0265756,,,1779712498.1046093,516,,6242
0.8004472255706787,,4970.0,744.9865399,,,1779712499.0644684,517,,6242
0.8068463802337646,,4980.0,745.954863,,,1779712500.0328147,518,,6242
0.8021812438964844,,4990.0,746.9252339,,,1779712501.0032282,519,,6242
,0.0001,5000.0,760.3304399,,1.7144217491149902,1779712514.4079819,520,0.611266553401947,6242
0.7980095148086548,,5000.0,760.4317053,,,1779712514.5095584,521,,6242
,,,761.4864537,"{'size': 276, '_type': 'html-file', 'sha256': '5475a4fb49e4238973ce96671f80f4e0d702654aceb55229056a20d3b67319a6', 'path': 'media/html/Sample Generation_522_5475a4fb49e4238973ce.html'}",,1779712515.5643218,522,,6242
