iter,_runtime,train/step_loss,Sample Generation,train/loss,lr,_step,val/loss,_timestamp
0.0,13.0394517,,,4.310819625854492,9.900990099009901e-06,0,4.304926872253418,1779712531.8382645
0.0,13.1477642,4.301726341247559,,,,1,,1779712531.9465997
10.0,14.1274725,3.1194796562194824,,,,2,,1779712532.9256308
20.0,15.0744121,2.760770320892334,,,,3,,1779712533.8732457
30.0,16.0250181,2.620616912841797,,,,4,,1779712534.8238518
40.0,16.9863813,2.5443191528320312,,,,5,,1779712535.785215
50.0,17.936238,2.525909185409546,,,,6,,1779712536.7350726
60.0,18.8952231,2.4972455501556396,,,,7,,1779712537.6935635
70.0,19.8788556,2.486393451690674,,,,8,,1779712538.6774085
80.0,20.8991912,2.4963696002960205,,,,9,,1779712539.698023
90.0,21.9122996,2.473297595977783,,,,10,,1779712540.7111332
100.0,22.919678,2.4785232543945312,,,,11,,1779712541.7182302
110.0,23.9117166,2.456278085708618,,,,12,,1779712542.7104578
120.0,24.8869746,2.448176383972168,,,,13,,1779712543.6858087
130.0,25.8547473,2.416256904602051,,,,14,,1779712544.653307
140.0,26.818559,2.40893816947937,,,,15,,1779712545.6165364
150.0,27.7709944,2.419327974319458,,,,16,,1779712546.5698268
160.0,28.7549463,2.375072956085205,,,,17,,1779712547.5537813
170.0,29.7224397,2.3511717319488525,,,,18,,1779712548.5209258
180.0,30.6772142,2.361556053161621,,,,19,,1779712549.475783
190.0,31.6302564,2.3029403686523438,,,,20,,1779712550.4290903
200.0,32.5869414,2.2777304649353027,,,,21,,1779712551.3850424
210.0,33.534484,2.2564337253570557,,,,22,,1779712552.3332431
220.0,34.495736,2.2221577167510986,,,,23,,1779712553.294176
230.0,35.4520412,2.214163303375244,,,,24,,1779712554.2508755
240.0,36.4464945,2.197744131088257,,,,25,,1779712555.2453277
250.0,50.0461437,,,2.087277889251709,0.0009979206008271391,26,2.166424036026001,1779712568.8442955
250.0,50.1476577,2.1773312091827393,,,,27,,1779712568.946492
260.0,51.1016052,2.138481855392456,,,,28,,1779712569.900287
270.0,52.055708,2.1231274604797363,,,,29,,1779712570.854047
280.0,53.0264851,2.063448905944824,,,,30,,1779712571.825071
290.0,53.9850755,2.092381715774536,,,,31,,1779712572.7839084
300.0,54.9362756,2.033806324005127,,,,32,,1779712573.734109
310.0,55.9256634,1.9673128128051758,,,,33,,1779712574.72394
320.0,56.9146514,1.9808440208435059,,,,34,,1779712575.7134774
330.0,57.9073127,1.9379922151565552,,,,35,,1779712576.70598
340.0,58.8929379,1.9460234642028809,,,,36,,1779712577.6917715
350.0,59.8834477,1.8840718269348145,,,,37,,1779712578.6822815
360.0,60.875893,1.890197992324829,,,,38,,1779712579.6744788
370.0,61.8473586,1.867864966392517,,,,39,,1779712580.6461942
380.0,62.8084725,1.8369661569595337,,,,40,,1779712581.607303
390.0,63.7690021,1.8527766466140747,,,,41,,1779712582.5673137
400.0,64.7317964,1.805566430091858,,,,42,,1779712583.5300138
410.0,65.6940311,1.7851073741912842,,,,43,,1779712584.4928672
420.0,66.6584829,1.7632848024368286,,,,44,,1779712585.4570625
430.0,67.6154731,1.7450425624847412,,,,45,,1779712586.4142597
440.0,68.5785089,1.727028727531433,,,,46,,1779712587.377166
450.0,69.5340101,1.696056842803955,,,,47,,1779712588.3318567
460.0,70.4918507,1.7164708375930786,,,,48,,1779712589.2906845
470.0,71.453574,1.6940091848373413,,,,49,,1779712590.2524087
480.0,72.4170661,1.7093490362167358,,,,50,,1779712591.2158983
490.0,73.4022955,1.6347957849502563,,,,51,,1779712592.200633
500.0,87.1778705,,,1.578465223312378,0.0009852826883675631,52,1.7596288919448853,1779712605.9766004
500.0,87.2843438,1.6790263652801514,,,,53,,1779712606.0831492
510.0,88.2579985,1.6305991411209106,,,,54,,1779712607.056833
520.0,89.233856,1.6431678533554077,,,,55,,1779712608.0322437
530.0,90.1871221,1.5713918209075928,,,,56,,1779712608.9859571
540.0,91.1545978,1.6134424209594727,,,,57,,1779712609.9534273
550.0,92.1378973,1.564599633216858,,,,58,,1779712610.9367297
560.0,93.1330398,1.5786467790603638,,,,59,,1779712611.9308877
570.0,94.1404308,1.5240113735198975,,,,60,,1779712612.939242
580.0,95.1179636,1.5692410469055176,,,,61,,1779712613.9164534
590.0,96.0891849,1.554024338722229,,,,62,,1779712614.8880196
600.0,97.071317,1.508739948272705,,,,63,,1779712615.8701522
610.0,98.0277894,1.5013777017593384,,,,64,,1779712616.8266234
620.0,99.0208328,1.5138729810714722,,,,65,,1779712617.8194547
630.0,100.0182591,1.4984170198440552,,,,66,,1779712618.8170938
640.0,100.9984719,1.511516809463501,,,,67,,1779712619.797164
650.0,101.9883336,1.5080358982086182,,,,68,,1779712620.787674
660.0,102.9672869,1.491468071937561,,,,69,,1779712621.7655282
670.0,103.952844,1.4895870685577393,,,,70,,1779712622.75168
680.0,104.9312511,1.4825576543807983,,,,71,,1779712623.7298486
690.0,105.9574581,1.458594799041748,,,,72,,1779712624.756236
700.0,106.9448935,1.465438723564148,,,,73,,1779712625.7438025
710.0,107.9402415,1.448036551475525,,,,74,,1779712626.7390747
720.0,108.9455417,1.4518660306930542,,,,75,,1779712627.744372
730.0,109.9311819,1.4589844942092896,,,,76,,1779712628.730016
740.0,110.8987968,1.4235584735870361,,,,77,,1779712629.6972957
750.0,124.4036541,,,1.375462532043457,0.0009614856803571157,78,1.5885679721832275,1779712643.2026823
750.0,124.5071469,1.4498767852783203,,,,79,,1779712643.3059819
760.0,125.4995898,1.4611808061599731,,,,80,,1779712644.2976203
770.0,126.4888468,1.4175255298614502,,,,81,,1779712645.2876413
780.0,127.5034837,1.430586576461792,,,,82,,1779712646.3017666
790.0,128.4886856,1.3835186958312988,,,,83,,1779712647.2874024
800.0,129.4742373,1.4240119457244873,,,,84,,1779712648.2730742
810.0,130.4614157,1.423363447189331,,,,85,,1779712649.2600427
820.0,131.4759351,1.4400887489318848,,,,86,,1779712650.2744946
830.0,132.4660487,1.3963713645935059,,,,87,,1779712651.2645924
840.0,133.4670907,1.374060034751892,,,,88,,1779712652.2653458
850.0,134.4506035,1.347021460533142,,,,89,,1779712653.2494388
860.0,135.4556867,1.369949460029602,,,,90,,1779712654.2538452
870.0,136.4408143,1.364807367324829,,,,91,,1779712655.2394607
880.0,137.4019377,1.383439540863037,,,,92,,1779712656.2001207
890.0,138.4071354,1.366653561592102,,,,93,,1779712657.2059696
900.0,139.4125474,1.3624904155731201,,,,94,,1779712658.211136
910.0,140.4096461,1.3625749349594116,,,,95,,1779712659.2089863
920.0,141.4408923,1.3867177963256836,,,,96,,1779712660.2397225
930.0,142.4352872,1.3374489545822144,,,,97,,1779712661.2341197
940.0,143.4024328,1.3594697713851929,,,,98,,1779712662.2008226
950.0,144.3795581,1.3666852712631226,,,,99,,1779712663.1783936
960.0,145.3570509,1.3921445608139038,,,,100,,1779712664.1558847
970.0,146.3391925,1.3440592288970947,,,,101,,1779712665.137739
980.0,147.3428437,1.371574878692627,,,,102,,1779712666.1416779
990.0,148.3515851,1.3502401113510132,,,,103,,1779712667.1497505
1000.0,162.1040949,,,1.2757607698440552,0.0009271396472013282,104,1.532251000404358,1779712680.9031284
1000.0,162.2106019,1.3823052644729614,,,,105,,1779712681.0084717
1010.0,163.2179156,1.3389403820037842,,,,106,,1779712682.016746
1020.0,164.2438475,1.3418991565704346,,,,107,,1779712683.0417607
1030.0,165.2409913,1.3534376621246338,,,,108,,1779712684.0395794
1040.0,166.2455587,1.3377113342285156,,,,109,,1779712685.0442007
1050.0,167.2429953,1.330489158630371,,,,110,,1779712686.0418265
1060.0,168.2564191,1.3152155876159668,,,,111,,1779712687.0552495
1070.0,169.2352938,1.309936285018921,,,,112,,1779712688.0340276
1080.0,170.2294845,1.330975890159607,,,,113,,1779712689.0283175
1090.0,171.2366241,1.3016818761825562,,,,114,,1779712690.035458
1100.0,172.2412818,1.3275880813598633,,,,115,,1779712691.0396187
1110.0,173.241625,1.3148270845413208,,,,116,,1779712692.040459
1120.0,174.228761,1.3068722486495972,,,,117,,1779712693.0274456
1130.0,175.2432955,1.3031623363494873,,,,118,,1779712694.0420034
1140.0,176.2483266,1.3040733337402344,,,,119,,1779712695.0469716
1150.0,177.2700048,1.291197657585144,,,,120,,1779712696.0687585
1160.0,178.3092253,1.316359519958496,,,,121,,1779712697.107034
1170.0,179.3168837,1.3022794723510742,,,,122,,1779712698.1157117
1180.0,180.3068492,1.301137924194336,,,,123,,1779712699.105686
1190.0,181.3189377,1.2751617431640625,,,,124,,1779712700.1173892
1200.0,182.3089791,1.2813233137130737,,,,125,,1779712701.1070502
1210.0,183.311298,1.2703447341918945,,,,126,,1779712702.1100917
1220.0,184.330412,1.2585102319717407,,,,127,,1779712703.1290915
1230.0,185.3482727,1.2474380731582642,,,,128,,1779712704.1471071
1240.0,186.3244889,1.2740559577941895,,,,129,,1779712705.1233208
1250.0,199.8357598,,,1.2097231149673462,0.000883125098683892,130,1.4949994087219238,1779712718.6347015
1250.0,199.9454364,1.2756929397583008,,,,131,,1779712718.7437837
1260.0,200.9512867,1.2337656021118164,,,,132,,1779712719.7500901
1270.0,201.9714249,1.2842020988464355,,,,133,,1779712720.7707653
1280.0,202.983034,1.280661940574646,,,,134,,1779712721.781363
1290.0,204.0052517,1.2599161863327026,,,,135,,1779712722.8040936
1300.0,205.0329925,1.3000646829605103,,,,136,,1779712723.831538
1310.0,206.0453744,1.268353819847107,,,,137,,1779712724.8441064
1320.0,207.0904334,1.2657980918884277,,,,138,,1779712725.888823
1330.0,208.1083633,1.2748035192489624,,,,139,,1779712726.9077036
1340.0,209.1168056,1.2702667713165283,,,,140,,1779712727.9156394
1350.0,210.1241774,1.2537260055541992,,,,141,,1779712728.9228137
1360.0,211.1325351,1.2484855651855469,,,,142,,1779712729.9313574
1370.0,212.1384887,1.239877462387085,,,,143,,1779712730.9373224
1380.0,213.1751363,1.253219723701477,,,,144,,1779712731.9734573
1390.0,214.1876183,1.2567707300186157,,,,145,,1779712732.9864507
1400.0,215.1907661,1.246355652809143,,,,146,,1779712733.9896011
1410.0,216.2129433,1.2721014022827148,,,,147,,1779712735.0114157
1420.0,217.1859188,1.2576292753219604,,,,148,,1779712735.9847517
1430.0,218.1462134,1.2585656642913818,,,,149,,1779712736.945048
1440.0,219.1104054,1.232200264930725,,,,150,,1779712737.9091241
1450.0,220.1108359,1.2254201173782349,,,,151,,1779712738.909474
1460.0,221.0879622,1.2134381532669067,,,,152,,1779712739.8861866
1470.0,222.0655229,1.276532769203186,,,,153,,1779712740.8643568
1480.0,223.0536338,1.2336115837097168,,,,154,,1779712741.8524678
1490.0,224.0208572,1.2459192276000977,,,,155,,1779712742.8196938
1500.0,237.4413478,,,1.1566098928451538,0.0008305704108364302,156,1.4871363639831543,1779712756.239683
1500.0,237.5420987,1.2417086362838745,,,,157,,1779712756.3404822
1510.0,238.506044,1.232320785522461,,,,158,,1779712757.3043754
1520.0,239.463348,1.1978932619094849,,,,159,,1779712758.2617989
1530.0,240.4194604,1.2199058532714844,,,,160,,1779712759.2182937
1540.0,241.3757778,1.2279192209243774,,,,161,,1779712760.1737163
1550.0,242.3328356,1.2289555072784424,,,,162,,1779712761.1316695
1560.0,243.2871565,1.2051348686218262,,,,163,,1779712762.0864968
1570.0,244.2405128,1.2160086631774902,,,,164,,1779712763.0393448
1580.0,245.1960408,1.2147177457809448,,,,165,,1779712763.9941247
1590.0,246.1525486,1.227488398551941,,,,166,,1779712764.9513826
1600.0,247.1020777,1.2076866626739502,,,,167,,1779712765.9009125
1610.0,248.0495054,1.1991556882858276,,,,168,,1779712766.8483417
1620.0,249.0123618,1.185221552848816,,,,169,,1779712767.8111959
1630.0,249.9642963,1.1944025754928589,,,,170,,1779712768.762867
1640.0,250.9131221,1.2185410261154175,,,,171,,1779712769.7116985
1650.0,251.8613289,1.1686174869537354,,,,172,,1779712770.660162
1660.0,252.8093487,1.1934242248535156,,,,173,,1779712771.6081367
1670.0,253.7628855,1.17234206199646,,,,174,,1779712772.5616605
1680.0,254.7133831,1.1786617040634155,,,,175,,1779712773.5122125
1690.0,255.6706658,1.1814634799957275,,,,176,,1779712774.4687555
1700.0,256.618435,1.185274362564087,,,,177,,1779712775.4172676
1710.0,257.5695999,1.191473364830017,,,,178,,1779712776.3684325
1720.0,258.5153168,1.2050113677978516,,,,179,,1779712777.3141475
1730.0,259.469848,1.1845729351043701,,,,180,,1779712778.268345
1740.0,260.4120595,1.1775457859039307,,,,181,,1779712779.2108955
1750.0,273.644422,,,1.104321837425232,0.0007708228984017721,182,1.4868890047073364,1779712792.4427621
1750.0,273.7477154,1.1953555345535278,,,,183,,1779712792.5465248
1760.0,274.6963424,1.191222071647644,,,,184,,1779712793.4949553
1770.0,275.6523779,1.1816800832748413,,,,185,,1779712794.451213
1780.0,276.5991298,1.1805367469787598,,,,186,,1779712795.3977075
1790.0,277.5495849,1.1759779453277588,,,,187,,1779712796.347604
1800.0,278.4947265,1.205062985420227,,,,188,,1779712797.29356
1810.0,279.4470522,1.1508514881134033,,,,189,,1779712798.2452905
1820.0,280.3877943,1.173648476600647,,,,190,,1779712799.186628
1830.0,281.3440757,1.1987680196762085,,,,191,,1779712800.1420143
1840.0,282.2894839,1.151694416999817,,,,192,,1779712801.0883179
1850.0,283.2768102,1.1497766971588135,,,,193,,1779712802.0750844
1860.0,284.2481824,1.1819993257522583,,,,194,,1779712803.0470166
1870.0,285.2179465,1.1732674837112427,,,,195,,1779712804.0166252
1880.0,286.183982,1.1415281295776367,,,,196,,1779712804.9828136
1890.0,287.1607359,1.17146635055542,,,,197,,1779712805.95947
1900.0,288.1474326,1.148510456085205,,,,198,,1779712806.946267
1910.0,289.1135549,1.1233530044555664,,,,199,,1779712807.9120047
1920.0,290.0915011,1.1380188465118408,,,,200,,1779712808.8903337
1930.0,291.0634945,1.1628117561340332,,,,201,,1779712809.8617969
1940.0,292.0482238,1.1684660911560059,,,,202,,1779712810.8470597
1950.0,293.0160718,1.1491518020629883,,,,203,,1779712811.8149087
1960.0,293.9925351,1.1157119274139404,,,,204,,1779712812.7912083
1970.0,294.9669569,1.1201623678207397,,,,205,,1779712813.7657886
1980.0,295.938517,1.1277546882629395,,,,206,,1779712814.736345
1990.0,296.9097142,1.1381621360778809,,,,207,,1779712815.7085505
2000.0,310.7277476,,,1.0564665794372559,0.0007054142744895884,208,1.4827167987823486,1779712829.5266242
2000.0,310.8274593,1.1717594861984253,,,,209,,1779712829.6262884
2010.0,311.8013769,1.1565929651260376,,,,210,,1779712830.6002111
2020.0,312.7644318,1.1384791135787964,,,,211,,1779712831.5631456
2030.0,313.730901,1.1561377048492432,,,,212,,1779712832.5296683
2040.0,314.6969481,1.135265588760376,,,,213,,1779712833.4951413
2050.0,315.6611907,1.1260285377502441,,,,214,,1779712834.460023
2060.0,316.6277173,1.1289360523223877,,,,215,,1779712835.4265513
2070.0,317.5831077,1.1434701681137085,,,,216,,1779712836.3819108
2080.0,318.549786,1.1334975957870483,,,,217,,1779712837.348621
2090.0,319.5052553,1.1238956451416016,,,,218,,1779712838.3034332
2100.0,320.462114,1.1719805002212524,,,,219,,1779712839.2614543
2110.0,321.4902193,1.1253219842910767,,,,220,,1779712840.289205
2120.0,322.4923578,1.1562236547470093,,,,221,,1779712841.2907727
2130.0,323.4451567,1.098901629447937,,,,222,,1779712842.2440665
2140.0,324.4330297,1.1016393899917603,,,,223,,1779712843.2317312
2150.0,325.4526931,1.0783798694610596,,,,224,,1779712844.251616
2160.0,326.433738,1.1270769834518433,,,,225,,1779712845.2325714
2170.0,327.4022772,1.1099799871444702,,,,226,,1779712846.2001107
2180.0,328.3863014,1.1222562789916992,,,,227,,1779712847.185137
2190.0,329.3491702,1.1103554964065552,,,,228,,1779712848.1477084
2200.0,330.3182141,1.1017063856124878,,,,229,,1779712849.1170478
2210.0,331.2766479,1.0712108612060547,,,,230,,1779712850.0754557
2220.0,332.2304964,1.119760513305664,,,,231,,1779712851.0293307
2230.0,333.2210846,1.11006498336792,,,,232,,1779712852.019768
2240.0,334.2318428,1.120922327041626,,,,233,,1779712853.0304666
2250.0,347.8264979,,,1.007950782775879,0.0006360213829156177,234,1.495286226272583,1779712866.6252003
2250.0,347.9252617,1.091354489326477,,,,235,,1779712866.7240953
2260.0,348.8802203,1.0828856229782104,,,,236,,1779712867.6786098
2270.0,349.8358987,1.0878398418426514,,,,237,,1779712868.6345394
2280.0,350.7954196,1.103624701499939,,,,238,,1779712869.5941203
2290.0,351.7560882,1.123445987701416,,,,239,,1779712870.554661
2300.0,352.7423761,1.0980616807937622,,,,240,,1779712871.5404866
2310.0,353.7236256,1.0933390855789185,,,,241,,1779712872.5224595
2320.0,354.6986708,1.0822869539260864,,,,242,,1779712873.4975066
2330.0,355.6793241,1.1155810356140137,,,,243,,1779712874.4781463
2340.0,356.6682019,1.0863310098648071,,,,244,,1779712875.466534
2350.0,357.6616971,1.1136654615402222,,,,245,,1779712876.460462
2360.0,358.678265,1.0769872665405273,,,,246,,1779712877.476752
2370.0,359.6977041,1.0632914304733276,,,,247,,1779712878.496414
2380.0,360.7045007,1.095049262046814,,,,248,,1779712879.50346
2390.0,361.708307,1.1162710189819336,,,,249,,1779712880.506995
2400.0,362.7217883,1.0482215881347656,,,,250,,1779712881.5206897
2410.0,363.7248634,1.080125331878662,,,,251,,1779712882.5237038
2420.0,364.720619,1.093554973602295,,,,252,,1779712883.51943
2430.0,365.7159929,1.0668907165527344,,,,253,,1779712884.5153332
2440.0,366.7172699,1.0796806812286377,,,,254,,1779712885.515609
2450.0,367.7209643,1.0773248672485352,,,,255,,1779712886.519399
2460.0,368.7114047,1.0591018199920654,,,,256,,1779712887.510245
2470.0,369.7292539,1.0646934509277344,,,,257,,1779712888.5282273
2480.0,370.7426317,1.068688988685608,,,,258,,1779712889.5414717
2490.0,371.7526842,1.0767784118652344,,,,259,,1779712890.5515282
2500.0,385.4982809,,,0.9596739411354065,0.000564423209907245,260,1.5158751010894775,1779712904.2964041
2500.0,385.5986307,1.0480716228485107,,,,261,,1779712904.397465
2510.0,386.5857764,1.0659083127975464,,,,262,,1779712905.383749
2520.0,387.5966827,1.0469306707382202,,,,263,,1779712906.3950222
2530.0,388.5856412,1.0660122632980347,,,,264,,1779712907.3841808
2540.0,389.5768832,1.048282265663147,,,,265,,1779712908.3748884
2550.0,390.5811384,1.0558702945709229,,,,266,,1779712909.3797233
2560.0,391.5644314,1.0435854196548462,,,,267,,1779712910.3632624
2570.0,392.5574709,1.0677587985992432,,,,268,,1779712911.3562984
2580.0,393.5405797,1.0468196868896484,,,,269,,1779712912.3394141
2590.0,394.5338998,1.0218390226364136,,,,270,,1779712913.3327336
2600.0,395.5196567,1.050093173980713,,,,271,,1779712914.3184893
2610.0,396.5144411,1.0750583410263062,,,,272,,1779712915.3131177
2620.0,397.5001021,1.0489004850387573,,,,273,,1779712916.298937
2630.0,398.4800671,1.0446115732192993,,,,274,,1779712917.278891
2640.0,399.468139,1.0498034954071045,,,,275,,1779712918.2662838
2650.0,400.4502496,1.0313646793365479,,,,276,,1779712919.2490854
2660.0,401.4382353,1.0546084642410278,,,,277,,1779712920.2364907
2670.0,402.4219812,1.031814455986023,,,,278,,1779712921.220769
2680.0,403.4058701,1.0500379800796509,,,,279,,1779712922.204489
2690.0,404.3853649,1.0271413326263428,,,,280,,1779712923.184201
2700.0,405.3697518,1.0320866107940674,,,,281,,1779712924.1685817
2710.0,406.3580424,1.054394006729126,,,,282,,1779712925.156875
2720.0,407.3475339,1.0650303363800049,,,,283,,1779712926.1455176
2730.0,408.3277423,1.051335334777832,,,,284,,1779712927.126474
2740.0,409.3167858,1.0389025211334229,,,,285,,1779712928.1148915
2750.0,422.9391578,,,0.9144598245620728,0.0004924552772419723,286,1.528520941734314,1779712941.7374408
2750.0,423.0458037,1.0073024034500122,,,,287,,1779712941.845144
2760.0,424.0404336,1.0252341032028198,,,,288,,1779712942.8391385
2770.0,425.0193844,1.0242531299591064,,,,289,,1779712943.8187246
2780.0,426.0035448,1.007794976234436,,,,290,,1779712944.8023798
2790.0,426.989071,1.0117311477661133,,,,291,,1779712945.7879
2800.0,427.9816253,1.023090124130249,,,,292,,1779712946.78046
2810.0,428.9666835,1.0322359800338745,,,,293,,1779712947.765517
2820.0,429.9483327,1.0147682428359985,,,,294,,1779712948.7466667
2830.0,430.9276846,1.0027352571487427,,,,295,,1779712949.726328
2840.0,431.9123475,1.026908040046692,,,,296,,1779712950.7106721
2850.0,432.8925831,1.0306854248046875,,,,297,,1779712951.6912353
2860.0,433.8763861,1.002112627029419,,,,298,,1779712952.675221
2870.0,434.8577534,0.9996129870414734,,,,299,,1779712953.6570935
2880.0,435.845318,1.0126889944076538,,,,300,,1779712954.643708
2890.0,436.8346444,0.993545651435852,,,,301,,1779712955.633149
2900.0,437.8150812,1.0052464008331299,,,,302,,1779712956.613882
2910.0,438.7928502,1.0145257711410522,,,,303,,1779712957.591544
2920.0,439.7792699,0.9971038699150085,,,,304,,1779712958.5781114
2930.0,440.8141768,0.9952438473701477,,,,305,,1779712959.6130116
2940.0,441.780552,1.0167779922485352,,,,306,,1779712960.578659
2950.0,442.7538776,0.9911630749702454,,,,307,,1779712961.5527103
2960.0,443.7246384,1.003899335861206,,,,308,,1779712962.5230443
2970.0,444.7459771,0.9860413670539856,,,,309,,1779712963.5446734
2980.0,445.7172811,0.9911478757858276,,,,310,,1779712964.5166214
2990.0,446.6932186,1.0020781755447388,,,,311,,1779712965.492559
3000.0,460.7746122,,,0.8673313856124878,0.0004219625860160354,312,1.5558102130889893,1779712979.572955
3000.0,460.8745055,0.9797459244728088,,,,313,,1779712979.6733143
3010.0,461.871183,0.9937344193458557,,,,314,,1779712980.670017
3020.0,462.8705389,0.9975833892822266,,,,315,,1779712981.6693718
3030.0,463.8586993,0.9783238172531128,,,,316,,1779712982.657531
3040.0,464.8332,1.0064750909805298,,,,317,,1779712983.6320312
3050.0,465.7927607,0.9766533374786377,,,,318,,1779712984.5915935
3060.0,466.7586673,0.9997835159301758,,,,319,,1779712985.5570078
3070.0,467.7172219,0.9865517616271973,,,,320,,1779712986.5159357
3080.0,468.6781801,0.9844224452972412,,,,321,,1779712987.477014
3090.0,469.6496409,0.980191171169281,,,,322,,1779712988.4484746
3100.0,470.6045021,0.9784783720970154,,,,323,,1779712989.4032364
3110.0,471.5682456,0.9832748770713806,,,,324,,1779712990.3670793
3120.0,472.52458,1.0043939352035522,,,,325,,1779712991.3228278
3130.0,473.4822462,0.9728891849517822,,,,326,,1779712992.2810812
3140.0,474.4455566,0.9681167006492615,,,,327,,1779712993.2443902
3150.0,475.3977985,0.965794563293457,,,,328,,1779712994.1966312
3160.0,476.3508841,0.9491742849349976,,,,329,,1779712995.149721
3170.0,477.3034552,0.9492088556289673,,,,330,,1779712996.1022892
3180.0,478.2545252,0.9608010053634644,,,,331,,1779712997.053169
3190.0,479.2157229,0.9564090371131897,,,,332,,1779712998.0139282
3200.0,480.1627073,0.951898992061615,,,,333,,1779712998.9615405
3210.0,481.1614794,0.9582592844963074,,,,334,,1779712999.9603121
3220.0,482.1390628,0.9650939702987671,,,,335,,1779713000.9377713
3230.0,483.1375829,0.986255407333374,,,,336,,1779713001.9356241
3240.0,484.1182453,0.9261228442192078,,,,337,,1779713002.9168186
3250.0,497.6162571,,,0.8214290142059326,0.00035475231739709885,338,1.5775164365768433,1779713016.4149954
3250.0,497.7152015,0.965082049369812,,,,339,,1779713016.514034
3260.0,498.6738232,0.977976381778717,,,,340,,1779713017.4721732
3270.0,499.6280513,0.9518729448318481,,,,341,,1779713018.4268847
3280.0,500.5731693,0.9858382940292358,,,,342,,1779713019.3720007
3290.0,501.5267078,0.9491889476776123,,,,343,,1779713020.325541
3300.0,502.4751382,0.9674411416053772,,,,344,,1779713021.2733715
3310.0,503.4230436,0.9528915882110596,,,,345,,1779713022.2213671
3320.0,504.3739136,0.9605923295021057,,,,346,,1779713023.1727476
3330.0,505.3884384,0.9814033508300781,,,,347,,1779713024.1868663
3340.0,506.4017606,0.9448167681694031,,,,348,,1779713025.2001197
3350.0,507.4193792,0.9258546829223633,,,,349,,1779713026.2180772
3360.0,508.3683904,0.9684391617774963,,,,350,,1779713027.1672242
3370.0,509.3072705,0.9714361429214478,,,,351,,1779713028.105924
3380.0,510.2740562,0.9609665274620056,,,,352,,1779713029.0721908
3390.0,511.2264298,0.9328749179840088,,,,353,,1779713030.0242481
3400.0,512.2029992,0.9256156086921692,,,,354,,1779713031.001729
3410.0,513.1602413,0.9185596108436584,,,,355,,1779713031.9590747
3420.0,514.1711031,0.942223846912384,,,,356,,1779713032.969934
3430.0,515.2168786,0.950110912322998,,,,357,,1779713034.015789
3440.0,516.243171,0.9324959516525269,,,,358,,1779713035.0417676
3450.0,517.2503053,0.9688916206359863,,,,359,,1779713036.0481052
3460.0,518.2201899,0.8979811668395996,,,,360,,1779713037.0185316
3470.0,519.2129885,0.9412866234779358,,,,361,,1779713038.011822
3480.0,520.212376,0.9428334832191467,,,,362,,1779713039.0111248
3490.0,521.1625688,0.9251476526260376,,,,363,,1779713039.961909
3500.0,534.7300084,,,0.7792827486991882,0.0002925475029450237,364,1.604123592376709,1779713053.5284169
3500.0,534.8341937,0.9251588582992554,,,,365,,1779713053.632815
3510.0,535.8499484,0.9153183698654175,,,,366,,1779713054.6484528
3520.0,536.8646564,0.9318743348121643,,,,367,,1779713055.6634889
3530.0,537.8789978,0.9161258339881897,,,,368,,1779713056.6776242
3540.0,538.905392,0.9183510541915894,,,,369,,1779713057.703284
3550.0,539.946251,0.9109009504318237,,,,370,,1779713058.7450492
3560.0,540.991126,0.8981477618217468,,,,371,,1779713059.789959
3570.0,542.0021538,0.9305862188339233,,,,372,,1779713060.8009884
3580.0,543.0107154,0.926063060760498,,,,373,,1779713061.8092637
3590.0,543.9925585,0.9221192598342896,,,,374,,1779713062.7911322
3600.0,544.9661285,0.9142891764640808,,,,375,,1779713063.7643425
3610.0,545.9543974,0.8992049694061279,,,,376,,1779713064.7532325
3620.0,546.9269384,0.9127309918403625,,,,377,,1779713065.725377
3630.0,547.8951935,0.9117248058319092,,,,378,,1779713066.6945338
3640.0,548.8666165,0.886394739151001,,,,379,,1779713067.6651876
3650.0,549.8369671,0.8945170640945435,,,,380,,1779713068.6358006
3660.0,550.8019344,0.9145045876502991,,,,381,,1779713069.5999842
3670.0,551.7769003,0.889252245426178,,,,382,,1779713070.5756037
3680.0,552.7735301,0.8992538452148438,,,,383,,1779713071.5715024
3690.0,553.7420497,0.9052556157112122,,,,384,,1779713072.540805
3700.0,554.7095674,0.8974061608314514,,,,385,,1779713073.5083208
3710.0,555.68293,0.9071481823921204,,,,386,,1779713074.4817533
3720.0,556.6662438,0.9119850993156433,,,,387,,1779713075.465077
3730.0,557.6406459,0.9202492833137512,,,,388,,1779713076.43948
3740.0,558.6231601,0.9014569520950317,,,,389,,1779713077.421706
3750.0,572.2639954,,,0.739634096622467,0.00023694285222843113,390,1.6224186420440674,1779713091.0630093
3750.0,572.3680517,0.8808741569519043,,,,391,,1779713091.1668928
3760.0,573.3849863,0.9323605895042419,,,,392,,1779713092.1843266
3770.0,574.3922888,0.9085335731506348,,,,393,,1779713093.190742
3780.0,575.4076348,0.9014340043067932,,,,394,,1779713094.2054741
3790.0,576.4619561,0.8894996047019958,,,,395,,1779713095.2607992
3800.0,577.4873163,0.8725425004959106,,,,396,,1779713096.285658
3810.0,578.5076032,0.9061803221702576,,,,397,,1779713097.3057997
3820.0,579.5321683,0.8933561444282532,,,,398,,1779713098.3311234
3830.0,580.5223978,0.908297061920166,,,,399,,1779713099.321738
3840.0,581.5376056,0.8906069993972778,,,,400,,1779713100.3361619
3850.0,582.556021,0.8889936208724976,,,,401,,1779713101.3540618
3860.0,583.5640771,0.8810204267501831,,,,402,,1779713102.3629174
3870.0,584.5490323,0.909188985824585,,,,403,,1779713103.3478732
3880.0,585.5725225,0.899776816368103,,,,404,,1779713104.370863
3890.0,586.5492787,0.8710126280784607,,,,405,,1779713105.348619
3900.0,587.5001172,0.892706036567688,,,,406,,1779713106.2991288
3910.0,588.4569264,0.8964934349060059,,,,407,,1779713107.2557652
3920.0,589.4065916,0.8560625314712524,,,,408,,1779713108.205437
3930.0,590.4758615,0.8729047775268555,,,,409,,1779713109.2747009
3940.0,591.4479556,0.8641787171363831,,,,410,,1779713110.2462964
3950.0,592.3869208,0.8771657943725586,,,,411,,1779713111.1857545
3960.0,593.3479714,0.9089406132698059,,,,412,,1779713112.1467986
3970.0,594.2968236,0.8793210983276367,,,,413,,1779713113.0955334
3980.0,595.2524844,0.8668269515037537,,,,414,,1779713114.0513105
3990.0,596.1981562,0.9035815000534058,,,,415,,1779713114.9969082
4000.0,609.2146112,,,0.7081088423728943,0.00018936387015941957,416,1.6483640670776367,1779713128.013635
4000.0,609.3122275,0.8735936880111694,,,,417,,1779713128.1105683
4010.0,610.2377662,0.8496712446212769,,,,418,,1779713129.0366066
4020.0,611.1668193,0.8887103199958801,,,,419,,1779713129.9656432
4030.0,612.0966789,0.8616479635238647,,,,420,,1779713130.8955224
4040.0,613.0242616,0.8760061860084534,,,,421,,1779713131.8231032
4050.0,613.9552498,0.8767595887184143,,,,422,,1779713132.7539241
4060.0,614.8846911,0.8743050694465637,,,,423,,1779713133.6835246
4070.0,615.8161796,0.8739784955978394,,,,424,,1779713134.6150112
4080.0,616.7550756,0.859081506729126,,,,425,,1779713135.5539114
4090.0,617.683215,0.8404118418693542,,,,426,,1779713136.481452
4100.0,618.6135457,0.8642253279685974,,,,427,,1779713137.4120872
4110.0,619.5431559,0.858472466468811,,,,428,,1779713138.3412952
4120.0,620.4721042,0.8498370051383972,,,,429,,1779713139.2706854
4130.0,621.4009597,0.8667811155319214,,,,430,,1779713140.1997938
4140.0,622.3271083,0.8476803302764893,,,,431,,1779713141.125538
4150.0,623.2631335,0.860392689704895,,,,432,,1779713142.0619671
4160.0,624.1816674,0.8735554218292236,,,,433,,1779713142.979913
4170.0,625.1097263,0.837018609046936,,,,434,,1779713143.9085288
4180.0,626.0339381,0.8740476369857788,,,,435,,1779713144.8319075
4190.0,626.9600743,0.8662629723548889,,,,436,,1779713145.7588546
4200.0,627.9051557,0.8448522686958313,,,,437,,1779713146.703705
4210.0,628.8298539,0.85039883852005,,,,438,,1779713147.6286883
4220.0,629.7515247,0.8683071136474609,,,,439,,1779713148.5503488
4230.0,630.6803106,0.8444110155105591,,,,440,,1779713149.4791472
4240.0,631.6120457,0.875214695930481,,,,441,,1779713150.4108794
4250.0,644.2742518,,,0.6799687147140503,0.00015103031213214996,442,1.6656944751739502,1779713163.0727253
4250.0,644.369363,0.8230897784233093,,,,443,,1779713163.1674216
4260.0,645.3080966,0.8610730767250061,,,,444,,1779713164.1069126
4270.0,646.2531393,0.8470713496208191,,,,445,,1779713165.051885
4280.0,647.2688728,0.843264102935791,,,,446,,1779713166.0671668
4290.0,648.2262027,0.8786039352416992,,,,447,,1779713167.0247114
4300.0,649.1844578,0.8345847129821777,,,,448,,1779713167.9831123
4310.0,650.1150341,0.842333972454071,,,,449,,1779713168.9127824
4320.0,651.0547384,0.841163158416748,,,,450,,1779713169.8535726
4330.0,651.9998472,0.8438007235527039,,,,451,,1779713170.7986827
4340.0,652.9297057,0.8422160148620605,,,,452,,1779713171.727718
4350.0,653.8630978,0.8388087749481201,,,,453,,1779713172.6619232
4360.0,654.8201548,0.8555965423583984,,,,454,,1779713173.6189275
4370.0,655.747996,0.8478085994720459,,,,455,,1779713174.5464032
4380.0,656.6826403,0.8190484046936035,,,,456,,1779713175.4814732
4390.0,657.627186,0.849407970905304,,,,457,,1779713176.4254458
4400.0,658.5618221,0.8661182522773743,,,,458,,1779713177.3604374
4410.0,659.5009937,0.8000823855400085,,,,459,,1779713178.2989597
4420.0,660.4389978,0.8271071910858154,,,,460,,1779713179.2378345
4430.0,661.3707731,0.8188212513923645,,,,461,,1779713180.1690884
4440.0,662.3019718,0.8503938317298889,,,,462,,1779713181.0998335
4450.0,663.2658607,0.8319542407989502,,,,463,,1779713182.0646946
4460.0,664.223494,0.8525282740592957,,,,464,,1779713183.0213304
4470.0,665.1820149,0.8275295495986938,,,,465,,1779713183.9806366
4480.0,666.1444526,0.8349415063858032,,,,466,,1779713184.9432597
4490.0,667.1040911,0.8544228076934814,,,,467,,1779713185.9021823
4500.0,680.0958571,,,0.6562933325767517,0.00012292491384519912,468,1.691654920578003,1779713198.8940866
4500.0,680.1930574,0.8613684177398682,,,,469,,1779713198.9918926
4510.0,681.1313186,0.8396629691123962,,,,470,,1779713199.930149
4520.0,682.0635632,0.8430635333061218,,,,471,,1779713200.8620512
4530.0,682.9908733,0.851055383682251,,,,472,,1779713201.7894511
4540.0,683.9234067,0.8487651944160461,,,,473,,1779713202.7214553
4550.0,684.8596466,0.8280494213104248,,,,474,,1779713203.658314
4560.0,685.7842655,0.8321939706802368,,,,475,,1779713204.5830994
4570.0,686.715977,0.8457489013671875,,,,476,,1779713205.5148132
4580.0,687.6653838,0.816179633140564,,,,477,,1779713206.464219
4590.0,688.5910084,0.799441933631897,,,,478,,1779713207.389844
4600.0,689.5526594,0.8327930569648743,,,,479,,1779713208.351494
4610.0,690.4905955,0.8553752899169922,,,,480,,1779713209.2894285
4620.0,691.4226851,0.8273792862892151,,,,481,,1779713210.2214634
4630.0,692.354448,0.8112984895706177,,,,482,,1779713211.1526113
4640.0,693.2917586,0.81497722864151,,,,483,,1779713212.0905914
4650.0,694.2142268,0.8061076402664185,,,,484,,1779713213.0130594
4660.0,695.1390911,0.8404657244682312,,,,485,,1779713213.937925
4670.0,696.0725209,0.840617299079895,,,,486,,1779713214.8708007
4680.0,697.0038484,0.8209752440452576,,,,487,,1779713215.8026822
4690.0,697.93309,0.8032217621803284,,,,488,,1779713216.7319245
4700.0,698.8622941,0.8218979239463806,,,,489,,1779713217.6611295
4710.0,699.7881525,0.827610433101654,,,,490,,1779713218.5869887
4720.0,700.7178833,0.8332128524780273,,,,491,,1779713219.5166245
4730.0,701.6488856,0.829616904258728,,,,492,,1779713220.4477243
4740.0,702.5732996,0.8127421736717224,,,,493,,1779713221.3720632
4750.0,715.260364,,,0.6369840502738953,0.00010576819746349742,494,1.7034991979599,1779713234.0589926
4750.0,715.3594818,0.8364471197128296,,,,495,,1779713234.1582422
4760.0,716.2743725,0.8363922238349915,,,,496,,1779713235.073207
4770.0,717.1944079,0.8258077502250671,,,,497,,1779713235.9930456
4780.0,718.1112137,0.8252156972885132,,,,498,,1779713236.9097664
4790.0,719.0341657,0.8240169286727905,,,,499,,1779713237.833
4800.0,719.9511916,0.8296233415603638,,,,500,,1779713238.749966
4810.0,720.8692612,0.8082559704780579,,,,501,,1779713239.6680944
4820.0,721.7897869,0.7995387315750122,,,,502,,1779713240.5886214
4830.0,722.7046556,0.8329479694366455,,,,503,,1779713241.5034604
4840.0,723.6238896,0.8092946410179138,,,,504,,1779713242.4227233
4850.0,724.5421419,0.81607985496521,,,,505,,1779713243.3409762
4860.0,725.4563906,0.8289379477500916,,,,506,,1779713244.2552245
4870.0,726.3834289,0.8304993510246277,,,,507,,1779713245.1822112
4880.0,727.3104267,0.8504974842071533,,,,508,,1779713246.1092584
4890.0,728.2257148,0.8223920464515686,,,,509,,1779713247.0245078
4900.0,729.1546033,0.7991877198219299,,,,510,,1779713247.9530783
4910.0,730.0702585,0.7983701825141907,,,,511,,1779713248.868524
4920.0,730.9800817,0.8236562609672546,,,,512,,1779713249.778915
4930.0,731.8954888,0.8214184045791626,,,,513,,1779713250.6943226
4940.0,732.8185519,0.7965222597122192,,,,514,,1779713251.617375
4950.0,733.7391671,0.8297922611236572,,,,515,,1779713252.5379987
4960.0,734.6729763,0.8167396187782288,,,,516,,1779713253.471688
4970.0,735.5948673,0.8141846656799316,,,,517,,1779713254.3928785
4980.0,736.5171905,0.8116698265075684,,,,518,,1779713255.315711
4990.0,737.4612751,0.8220282793045044,,,,519,,1779713256.2599754
5000.0,750.2277042,,,0.6207520961761475,0.0001,520,1.727922797203064,1779713269.0265374
5000.0,750.3242416,0.8103262186050415,,,,521,,1779713269.1230702
,751.3313759,,"{'_type': 'html-file', 'sha256': '711b9a425ecfdc0e043905426aae40f6e33085d9f361b0f92e222bce4390fe32', 'path': 'media/html/Sample Generation_522_711b9a425ecfdc0e0439.html', 'size': 275}",,,522,,1779713270.1299279
