iter,train/loss,train/step_loss,lr,_timestamp,_runtime,val/loss,_step,Sample Generation
0.0,4.326626777648926,,9.900990099009901e-06,1779700552.5678003,13.5955968,4.319007396697998,0,
0.0,,4.313856601715088,,1779700552.6867096,13.714404,,1,
10.0,,3.3511109352111816,,1779700553.6698394,14.6974409,,2,
20.0,,2.948845624923706,,1779700554.652944,15.6805493,,3,
30.0,,2.654801845550537,,1779700555.638624,16.666225,,4,
40.0,,2.540515184402466,,1779700556.6223168,17.6500428,,5,
50.0,,2.5184130668640137,,1779700557.602727,18.6306073,,6,
60.0,,2.4741876125335693,,1779700558.586852,19.6149501,,7,
70.0,,2.475156307220459,,1779700559.5681553,20.5957639,,8,
80.0,,2.4457030296325684,,1779700560.5513687,21.5799708,,9,
90.0,,2.4565861225128174,,1779700561.5337534,22.5613555,,10,
100.0,,2.4132673740386963,,1779700562.5171974,23.545024,,11,
110.0,,2.405447244644165,,1779700563.4988036,24.5264067,,12,
120.0,,2.3949029445648193,,1779700564.4813476,25.5089533,,13,
130.0,,2.3703975677490234,,1779700565.4629722,26.4914667,,14,
140.0,,2.3459768295288086,,1779700566.4466307,27.474265,,15,
150.0,,2.3110511302948,,1779700567.4741364,28.5017383,,16,
160.0,,2.3038344383239746,,1779700568.5305452,29.5581485,,17,
170.0,,2.2738699913024902,,1779700569.5671186,30.5947234,,18,
180.0,,2.2626819610595703,,1779700570.5768301,31.6044576,,19,
190.0,,2.2259154319763184,,1779700571.5710592,32.5986735,,20,
200.0,,2.1469197273254395,,1779700572.5652373,33.5928415,,21,
210.0,,2.1261682510375977,,1779700573.5590332,34.5866551,,22,
220.0,,2.0307977199554443,,1779700574.5529149,35.5808389,,23,
230.0,,2.0088939666748047,,1779700575.544177,36.571841,,24,
240.0,,2.0311837196350098,,1779700576.5282736,37.5558746,,25,
250.0,1.8710658550262451,,0.0009979206008271391,1779700590.3967602,51.4250666,2.0148425102233887,26,
250.0,,1.9509179592132568,,1779700590.4997373,51.5275844,,27,
260.0,,1.9536744356155396,,1779700591.4810467,52.5086507,,28,
270.0,,1.8878706693649292,,1779700592.4657147,53.4933181,,29,
280.0,,1.8411718606948853,,1779700593.445431,54.4730352,,30,
290.0,,1.8403034210205078,,1779700594.429059,55.4566597,,31,
300.0,,1.826757788658142,,1779700595.4099536,56.4376048,,32,
310.0,,1.7461678981781006,,1779700596.392549,57.4207591,,33,
320.0,,1.7736436128616333,,1779700597.374536,58.4021378,,34,
330.0,,1.6742428541183472,,1779700598.3578124,59.3862416,,35,
340.0,,1.6983920335769653,,1779700599.339173,60.3668773,,36,
350.0,,1.697732925415039,,1779700600.3228328,61.3506303,,37,
360.0,,1.6896470785140991,,1779700601.3065274,62.3341326,,38,
370.0,,1.6379202604293823,,1779700602.3632767,63.3909467,,39,
380.0,,1.6353733539581299,,1779700603.428973,64.4565768,,40,
390.0,,1.6248670816421509,,1779700604.491559,65.519295,,41,
400.0,,1.6061290502548218,,1779700605.4876363,66.5153724,,42,
410.0,,1.58822762966156,,1779700606.481129,67.5087314,,43,
420.0,,1.58025062084198,,1779700607.4753532,68.5029555,,44,
430.0,,1.5384057760238647,,1779700608.469509,69.4971102,,45,
440.0,,1.5893232822418213,,1779700609.4625306,70.4907046,,46,
450.0,,1.5351519584655762,,1779700610.4503274,71.4779328,,47,
460.0,,1.5364943742752075,,1779700611.4332528,72.4608556,,48,
470.0,,1.5433080196380615,,1779700612.415025,73.4426282,,49,
480.0,,1.5417717695236206,,1779700613.4386785,74.4662805,,50,
490.0,,1.5009161233901978,,1779700614.5040572,75.5326259,,51,
500.0,1.4343150854110718,,0.0009852826883675631,1779700628.4175303,89.4451337,1.6447169780731201,52,
500.0,,1.5200302600860596,,1779700628.5199072,89.5484262,,53,
510.0,,1.4701780080795288,,1779700629.513926,90.5416732,,54,
520.0,,1.4814834594726562,,1779700630.5074499,91.5352721,,55,
530.0,,1.483550786972046,,1779700631.501928,92.5295815,,56,
540.0,,1.4151771068572998,,1779700632.4956532,93.523449,,57,
550.0,,1.467386245727539,,1779700633.483047,94.5106493,,58,
560.0,,1.4859421253204346,,1779700634.4655104,95.4931111,,59,
570.0,,1.4729279279708862,,1779700635.445621,96.4733287,,60,
580.0,,1.4287505149841309,,1779700636.4727292,97.5009142,,61,
590.0,,1.4320225715637207,,1779700637.5294561,98.5570601,,62,
600.0,,1.4406143426895142,,1779700638.566497,99.5942945,,63,
610.0,,1.4343972206115723,,1779700639.5787015,100.6067646,,64,
620.0,,1.3985931873321533,,1779700640.572616,101.6002394,,65,
630.0,,1.3902758359909058,,1779700641.5670688,102.59467,,66,
640.0,,1.4011921882629395,,1779700642.5603354,103.5879383,,67,
650.0,,1.3825242519378662,,1779700643.5523891,104.579992,,68,
660.0,,1.3906835317611694,,1779700644.544585,105.5722598,,69,
670.0,,1.388366460800171,,1779700645.5298927,106.5574945,,70,
680.0,,1.3606475591659546,,1779700646.5098171,107.5374208,,71,
690.0,,1.370826005935669,,1779700647.4970844,108.524702,,72,
700.0,,1.3896623849868774,,1779700648.480649,109.5085187,,73,
710.0,,1.3675090074539185,,1779700649.4633343,110.4909949,,74,
720.0,,1.383909821510315,,1779700650.4439106,111.4715141,,75,
730.0,,1.3953018188476562,,1779700651.4262831,112.4543306,,76,
740.0,,1.3580901622772217,,1779700652.406766,113.4343977,,77,
750.0,1.3043535947799683,,0.0009614856803571157,1779700666.2789013,127.3068272,1.5496047735214233,78,
750.0,,1.3515617847442627,,1779700666.3830476,127.4106496,,79,
760.0,,1.3677308559417725,,1779700667.3925896,128.4208891,,80,
770.0,,1.3394001722335815,,1779700668.4020672,129.4296732,,81,
780.0,,1.3645070791244507,,1779700669.416775,130.4448725,,82,
790.0,,1.3179289102554321,,1779700670.4166172,131.4451727,,83,
800.0,,1.3362574577331543,,1779700671.4897642,132.5173621,,84,
810.0,,1.3479487895965576,,1779700672.629794,133.6573924,,85,
820.0,,1.3227628469467163,,1779700673.7502656,134.7783617,,86,
830.0,,1.3448030948638916,,1779700674.756156,135.7838182,,87,
840.0,,1.318845510482788,,1779700675.7517278,136.7793234,,88,
850.0,,1.3656246662139893,,1779700676.7471778,137.7747751,,89,
860.0,,1.2988827228546143,,1779700677.7454152,138.773012,,90,
870.0,,1.3041304349899292,,1779700678.7447639,139.7723592,,91,
880.0,,1.330815076828003,,1779700679.7401037,140.7676979,,92,
890.0,,1.2998411655426025,,1779700680.7329845,141.7605858,,93,
900.0,,1.287218451499939,,1779700681.7217839,142.7498813,,94,
910.0,,1.3092306852340698,,1779700682.7479262,143.7755243,,95,
920.0,,1.2911639213562012,,1779700683.8602233,144.8878195,,96,
930.0,,1.314961314201355,,1779700684.977277,146.0048732,,97,
940.0,,1.2925794124603271,,1779700686.0195434,147.0471404,,98,
950.0,,1.3232210874557495,,1779700687.0152676,148.0428669,,99,
960.0,,1.2993457317352295,,1779700688.0105686,149.0382135,,100,
970.0,,1.3081741333007812,,1779700689.009016,150.0366209,,101,
980.0,,1.2762341499328613,,1779700690.0088365,151.0369858,,102,
990.0,,1.3170859813690186,,1779700691.0066757,152.0343764,,103,
1000.0,1.2215571403503418,,0.0009271396472013282,1779700704.6599097,165.6880052,1.5159839391708374,104,
1000.0,,1.2932976484298706,,1779700704.7647605,165.7923627,,105,
1010.0,,1.2710926532745361,,1779700705.7991016,166.826705,,106,
1020.0,,1.297491431236267,,1779700706.9198139,167.9474178,,107,
1030.0,,1.2863577604293823,,1779700708.0478325,169.075467,,108,
1040.0,,1.2873011827468872,,1779700709.0811112,170.1091613,,109,
1050.0,,1.3018819093704224,,1779700710.0800653,171.1076688,,110,
1060.0,,1.2600377798080444,,1779700711.0770507,172.1046553,,111,
1070.0,,1.2578685283660889,,1779700712.0768874,173.1044901,,112,
1080.0,,1.232532262802124,,1779700713.0745692,174.1021728,,113,
1090.0,,1.232254981994629,,1779700714.0712686,175.0988722,,114,
1100.0,,1.278145432472229,,1779700715.0599062,176.0875118,,115,
1110.0,,1.276395320892334,,1779700716.0481577,177.075764,,116,
1120.0,,1.2920517921447754,,1779700717.0581324,178.0867555,,117,
1130.0,,1.2648882865905762,,1779700718.1866186,179.2144072,,118,
1140.0,,1.2493386268615723,,1779700719.30377,180.3318883,,119,
1150.0,,1.2579057216644287,,1779700720.3659637,181.3935688,,120,
1160.0,,1.2689647674560547,,1779700721.365194,182.3927983,,121,
1170.0,,1.235031008720398,,1779700722.3627644,183.3903682,,122,
1180.0,,1.2691599130630493,,1779700723.3630319,184.3906342,,123,
1190.0,,1.2577691078186035,,1779700724.3572867,185.3849244,,124,
1200.0,,1.2554967403411865,,1779700725.3542519,186.3821057,,125,
1210.0,,1.24052095413208,,1779700726.3421936,187.3699355,,126,
1220.0,,1.2511992454528809,,1779700727.3320444,188.3596476,,127,
1230.0,,1.261056661605835,,1779700728.3222835,189.3498875,,128,
1240.0,,1.2321786880493164,,1779700729.421601,190.4495705,,129,
1250.0,1.159610629081726,,0.000883125098683892,1779700743.3968723,204.4249345,1.5103265047073364,130,
1250.0,,1.2599831819534302,,1779700743.5009708,204.5290757,,131,
1260.0,,1.190295934677124,,1779700744.488583,205.5161857,,132,
1270.0,,1.2361550331115723,,1779700745.476943,206.5054993,,133,
1280.0,,1.2122446298599243,,1779700746.4687927,207.4966427,,134,
1290.0,,1.19878089427948,,1779700747.456877,208.4844799,,135,
1300.0,,1.2613803148269653,,1779700748.4472923,209.4748966,,136,
1310.0,,1.2170933485031128,,1779700749.435791,210.4635458,,137,
1320.0,,1.2121028900146484,,1779700750.4226604,211.4502612,,138,
1330.0,,1.250178337097168,,1779700751.413723,212.4408201,,139,
1340.0,,1.2154737710952759,,1779700752.5198781,213.5474858,,140,
1350.0,,1.2178840637207031,,1779700753.6625462,214.690288,,141,
1360.0,,1.2103681564331055,,1779700754.7672668,215.7951134,,142,
1370.0,,1.2169355154037476,,1779700755.765357,216.792961,,143,
1380.0,,1.1780304908752441,,1779700756.7611237,217.7887356,,144,
1390.0,,1.2183181047439575,,1779700757.757882,218.785641,,145,
1400.0,,1.217126488685608,,1779700758.755787,219.7834697,,146,
1410.0,,1.1859843730926514,,1779700759.7539902,220.7815913,,147,
1420.0,,1.1946717500686646,,1779700760.744956,221.7726156,,148,
1430.0,,1.20763099193573,,1779700761.734339,222.7619404,,149,
1440.0,,1.1496285200119019,,1779700762.7241554,223.7524207,,150,
1450.0,,1.210748314857483,,1779700763.8004007,224.8274977,,151,
1460.0,,1.2047475576400757,,1779700764.916431,225.9440319,,152,
1470.0,,1.185610055923462,,1779700766.0274422,227.0550456,,153,
1480.0,,1.195677399635315,,1779700767.0245306,228.0525485,,154,
1490.0,,1.1761376857757568,,1779700768.0197108,229.0474764,,155,
1500.0,1.1042327880859375,,0.0008305704108364302,1779700782.10607,243.1343994,1.509497046470642,156,
1500.0,,1.1921327114105225,,1779700782.2109542,243.2386765,,157,
1510.0,,1.1880007982254028,,1779700783.2095382,244.2371723,,158,
1520.0,,1.138490080833435,,1779700784.1989658,245.2273407,,159,
1530.0,,1.1667786836624146,,1779700785.188606,246.2162101,,160,
1540.0,,1.1847553253173828,,1779700786.1982913,247.2258939,,161,
1550.0,,1.1462366580963135,,1779700787.323879,248.3514864,,162,
1560.0,,1.1760797500610352,,1779700788.4638855,249.4914874,,163,
1570.0,,1.1946213245391846,,1779700789.5357368,250.5633418,,164,
1580.0,,1.182729721069336,,1779700790.5349236,251.5626244,,165,
1590.0,,1.1585420370101929,,1779700791.5332866,252.561893,,166,
1600.0,,1.159644365310669,,1779700792.5295963,253.5572,,167,
1610.0,,1.1536152362823486,,1779700793.5262227,254.5538258,,168,
1620.0,,1.1756006479263306,,1779700794.5227194,255.550922,,169,
1630.0,,1.173971176147461,,1779700795.5124712,256.5400766,,170,
1640.0,,1.1535606384277344,,1779700796.5017815,257.5301712,,171,
1650.0,,1.115991234779358,,1779700797.4922764,258.519878,,172,
1660.0,,1.148188829421997,,1779700798.4828143,259.5109039,,173,
1670.0,,1.0894408226013184,,1779700799.4731226,260.5012227,,174,
1680.0,,1.1087713241577148,,1779700800.461402,261.4890814,,175,
1690.0,,1.1594343185424805,,1779700801.449846,262.4774734,,176,
1700.0,,1.1451760530471802,,1779700802.439327,263.4669285,,177,
1710.0,,1.1539723873138428,,1779700803.4282172,264.4560466,,178,
1720.0,,1.114532709121704,,1779700804.420917,265.4485212,,179,
1730.0,,1.1588102579116821,,1779700805.4130812,266.4406836,,180,
1740.0,,1.1328266859054565,,1779700806.405615,267.4327122,,181,
1750.0,1.0559983253479004,,0.0007708228984017721,1779700820.5131345,281.5410042,1.51633620262146,182,
1750.0,,1.1350842714309692,,1779700820.6171038,281.6447882,,183,
1760.0,,1.1386970281600952,,1779700821.7442656,282.771869,,184,
1770.0,,1.1380115747451782,,1779700822.8896968,283.9176405,,185,
1780.0,,1.118138313293457,,1779700823.9871807,285.0148078,,186,
1790.0,,1.1333823204040527,,1779700824.9874783,286.0150818,,187,
1800.0,,1.1319971084594727,,1779700825.987679,287.015281,,188,
1810.0,,1.1217859983444214,,1779700826.9886234,288.0162888,,189,
1820.0,,1.0912572145462036,,1779700827.988618,289.0167802,,190,
1830.0,,1.1317899227142334,,1779700828.989951,290.0175062,,191,
1840.0,,1.1406736373901367,,1779700829.9850688,291.0127516,,192,
1850.0,,1.1108328104019165,,1779700830.978768,292.0065638,,193,
1860.0,,1.120525598526001,,1779700831.9752548,293.0028593,,194,
1870.0,,1.0986738204956055,,1779700833.065723,294.0941593,,195,
1880.0,,1.1110162734985352,,1779700834.2120936,295.2397004,,196,
1890.0,,1.1116336584091187,,1779700835.333741,296.3613444,,197,
1900.0,,1.1171454191207886,,1779700836.3316064,297.3598469,,198,
1910.0,,1.1227848529815674,,1779700837.3333824,298.3609901,,199,
1920.0,,1.1277947425842285,,1779700838.3318172,299.3594196,,200,
1930.0,,1.1033869981765747,,1779700839.331734,300.3594701,,201,
1940.0,,1.1267422437667847,,1779700840.3293486,301.3572497,,202,
1950.0,,1.1059662103652954,,1779700841.320826,302.348429,,203,
1960.0,,1.127690076828003,,1779700842.3130465,303.3406507,,204,
1970.0,,1.1112775802612305,,1779700843.30908,304.3366829,,205,
1980.0,,1.068787932395935,,1779700844.302526,305.3301316,,206,
1990.0,,1.097378134727478,,1779700845.2936046,306.3212083,,207,
2000.0,1.0033879280090332,,0.0007054142744895884,1779700859.299028,320.3266269,1.5174849033355713,208,
2000.0,,1.0936843156814575,,1779700859.402066,320.4300198,,209,
2010.0,,1.0669872760772705,,1779700860.4001648,321.4287682,,210,
2020.0,,1.0799131393432617,,1779700861.3999283,322.4277995,,211,
2030.0,,1.0976606607437134,,1779700862.4005733,323.4276704,,212,
2040.0,,1.0915334224700928,,1779700863.4002728,324.4280468,,213,
2050.0,,1.0570012331008911,,1779700864.3926556,325.4204892,,214,
2060.0,,1.0877525806427002,,1779700865.3858006,326.4134063,,215,
2070.0,,1.0746997594833374,,1779700866.380608,327.4083803,,216,
2080.0,,1.0376182794570923,,1779700867.4576566,328.4852625,,217,
2090.0,,1.0829294919967651,,1779700868.598569,329.6264858,,218,
2100.0,,1.0691478252410889,,1779700869.7411175,330.7687689,,219,
2110.0,,1.0879216194152832,,1779700870.7419372,331.77002,,220,
2120.0,,1.0549578666687012,,1779700871.7446244,332.7723339,,221,
2130.0,,1.0799061059951782,,1779700872.7485352,333.7762584,,222,
2140.0,,1.0802793502807617,,1779700873.7508037,334.778485,,223,
2150.0,,1.0525662899017334,,1779700874.7516391,335.779297,,224,
2160.0,,1.085059404373169,,1779700875.7497272,336.7773307,,225,
2170.0,,1.053528904914856,,1779700876.7415488,337.7691523,,226,
2180.0,,1.0494590997695923,,1779700877.7356122,338.7633728,,227,
2190.0,,1.057592511177063,,1779700878.816539,339.8441449,,228,
2200.0,,1.082231879234314,,1779700879.9284375,340.9560401,,229,
2210.0,,1.065570592880249,,1779700881.0431337,342.070741,,230,
2220.0,,1.0589709281921387,,1779700882.042003,343.0701584,,231,
2230.0,,1.0787235498428345,,1779700883.0448983,344.0725021,,232,
2240.0,,1.0292789936065674,,1779700884.0460086,345.0736101,,233,
2250.0,0.9477142095565796,,0.0006360213829156177,1779700897.7474253,358.7759034,1.5496464967727661,234,
2250.0,,1.0488801002502441,,1779700897.8512099,358.8790653,,235,
2260.0,,1.0860904455184937,,1779700898.8443935,359.8720015,,236,
2270.0,,1.0753504037857056,,1779700899.8327024,360.8603054,,237,
2280.0,,1.0622645616531372,,1779700900.8271723,361.855166,,238,
2290.0,,1.0250822305679321,,1779700901.8948982,362.9233382,,239,
2300.0,,1.028420090675354,,1779700903.0276477,364.0552508,,240,
2310.0,,1.056594729423523,,1779700904.163895,365.1914988,,241,
2320.0,,1.059692144393921,,1779700905.1671965,366.1952469,,242,
2330.0,,1.0229233503341675,,1779700906.1677709,367.1954201,,243,
2340.0,,1.029810905456543,,1779700907.1694913,368.1970949,,244,
2350.0,,1.0231566429138184,,1779700908.1712315,369.1988404,,245,
2360.0,,1.0435281991958618,,1779700909.170245,370.1980124,,246,
2370.0,,1.025728464126587,,1779700910.1654584,371.1930608,,247,
2380.0,,1.0225913524627686,,1779700911.1576524,372.1852572,,248,
2390.0,,1.000006079673767,,1779700912.1514592,373.1790669,,249,
2400.0,,1.0271726846694946,,1779700913.1813319,374.2091428,,250,
2410.0,,1.0151331424713135,,1779700914.31766,375.3453148,,251,
2420.0,,0.9990517497062683,,1779700915.4608495,376.4894716,,252,
2430.0,,1.019272804260254,,1779700916.5142782,377.5418822,,253,
2440.0,,1.0212002992630005,,1779700917.5173926,378.545236,,254,
2450.0,,1.0098397731781006,,1779700918.5173252,379.5451991,,255,
2460.0,,1.00836181640625,,1779700919.5162306,380.5440038,,256,
2470.0,,1.023321509361267,,1779700920.517007,381.5446109,,257,
2480.0,,1.0308198928833008,,1779700921.5145729,382.5421788,,258,
2490.0,,0.9979397654533386,,1779700922.5052967,383.5333923,,259,
2500.0,0.8962538838386536,,0.000564423209907245,1779700936.7863805,397.8138681,1.5752185583114624,260,
2500.0,,1.0043220520019531,,1779700936.9037144,397.9323218,,261,
2510.0,,1.0079023838043213,,1779700938.0444095,399.0725723,,262,
2520.0,,1.005170464515686,,1779700939.11572,400.1433215,,263,
2530.0,,0.9965118765830994,,1779700940.1141868,401.1417877,,264,
2540.0,,1.0152587890625,,1779700941.1155303,402.1436187,,265,
2550.0,,0.9791024327278137,,1779700942.1169796,403.1445812,,266,
2560.0,,1.0060808658599854,,1779700943.119384,404.1469851,,267,
2570.0,,1.0039043426513672,,1779700944.1201363,405.1477563,,268,
2580.0,,0.9883946776390076,,1779700945.1115658,406.138663,,269,
2590.0,,0.9968065619468689,,1779700946.10168,407.1287772,,270,
2600.0,,0.9810322523117065,,1779700947.1004298,408.1280337,,271,
2610.0,,0.9856767654418945,,1779700948.0918968,409.1197895,,272,
2620.0,,0.9635935425758362,,1779700949.0849133,410.1125164,,273,
2630.0,,1.0207370519638062,,1779700950.0770516,411.1046565,,274,
2640.0,,0.9736030101776123,,1779700951.0668106,412.0946523,,275,
2650.0,,0.9761705994606018,,1779700952.0573673,413.0851676,,276,
2660.0,,0.9865029454231262,,1779700953.049761,414.0773634,,277,
2670.0,,1.000612735748291,,1779700954.0407104,415.0683542,,278,
2680.0,,0.9778624176979065,,1779700955.0292304,416.0578345,,279,
2690.0,,0.9429200887680054,,1779700956.0224643,417.050068,,280,
2700.0,,0.9996766448020935,,1779700957.016664,418.0442659,,281,
2710.0,,0.9842099547386169,,1779700958.008945,419.0365474,,282,
2720.0,,0.9571660757064819,,1779700959.053757,420.0815601,,283,
2730.0,,0.9678932428359985,,1779700960.1941745,421.2217779,,284,
2740.0,,0.9699007272720337,,1779700961.3367736,422.3642532,,285,
2750.0,0.8380099534988403,,0.0004924552772419723,1779700975.5074358,436.5355332,1.611854910850525,286,
2750.0,,0.9384021759033203,,1779700975.612955,436.6405832,,287,
2760.0,,0.9733070731163025,,1779700976.6134512,437.6414315,,288,
2770.0,,0.9654337763786316,,1779700977.614762,438.6423665,,289,
2780.0,,0.9707012176513672,,1779700978.6075485,439.6351507,,290,
2790.0,,0.9541206955909729,,1779700979.5995805,440.6271827,,291,
2800.0,,0.973554253578186,,1779700980.5930088,441.6206118,,292,
2810.0,,0.9566066861152649,,1779700981.588737,442.6169075,,293,
2820.0,,0.9528858661651611,,1779700982.7049642,443.7325705,,294,
2830.0,,0.9669514894485474,,1779700983.8492346,444.8768382,,295,
2840.0,,0.968525767326355,,1779700984.951183,445.9787858,,296,
2850.0,,0.9418875575065613,,1779700985.951547,446.9791505,,297,
2860.0,,0.9398989081382751,,1779700986.9509258,447.9780229,,298,
2870.0,,0.9467284083366394,,1779700987.9541895,448.981792,,299,
2880.0,,0.9473170638084412,,1779700988.9553497,449.9828921,,300,
2890.0,,0.9504096508026123,,1779700989.9551187,450.9827215,,301,
2900.0,,0.9318059086799622,,1779700990.9465075,451.9742867,,302,
2910.0,,0.9392904043197632,,1779700991.9354117,452.9635071,,303,
2920.0,,0.954908013343811,,1779700992.930578,453.9581814,,304,
2930.0,,0.9380695223808289,,1779700993.9267669,454.9543703,,305,
2940.0,,0.9348521828651428,,1779700994.9189272,455.9465297,,306,
2950.0,,0.9514127969741821,,1779700995.908479,456.9360824,,307,
2960.0,,0.9306974411010742,,1779700996.8986907,457.9264045,,308,
2970.0,,0.9263961911201477,,1779700997.8898695,458.9185618,,309,
2980.0,,0.9359732866287231,,1779700998.880286,459.9078898,,310,
2990.0,,0.9661901593208313,,1779700999.8701923,460.897818,,311,
3000.0,0.7865660786628723,,0.0004219625860160354,1779701013.8885334,474.9166302,1.6517733335494995,312,
3000.0,,0.9067797660827637,,1779701013.9925818,475.0201832,,313,
3010.0,,0.8915337324142456,,1779701014.9841094,476.0117116,,314,
3020.0,,0.9155917167663574,,1779701015.9778008,477.0056988,,315,
3030.0,,0.8985425233840942,,1779701017.0695837,478.0971942,,316,
3040.0,,0.9139903783798218,,1779701018.1782596,479.2060986,,317,
3050.0,,0.9336932897567749,,1779701019.2816207,480.3092256,,318,
3060.0,,0.9431564211845398,,1779701020.283062,481.3108933,,319,
3070.0,,0.9239356517791748,,1779701021.2837908,482.3113951,,320,
3080.0,,0.9455702304840088,,1779701022.2832766,483.3108834,,321,
3090.0,,0.9203993678092957,,1779701023.2847414,484.3123426,,322,
3100.0,,0.9069073796272278,,1779701024.2861516,485.3139983,,323,
3110.0,,0.9055172204971313,,1779701025.2826908,486.3108519,,324,
3120.0,,0.8984836935997009,,1779701026.272856,487.3009548,,325,
3130.0,,0.9322007894515991,,1779701027.2667453,488.2946995,,326,
3140.0,,0.8875977993011475,,1779701028.3233283,489.3511512,,327,
3150.0,,0.9291975498199463,,1779701029.4422052,490.4698076,,328,
3160.0,,0.9182239174842834,,1779701030.5566642,491.5848301,,329,
3170.0,,0.9170277714729309,,1779701031.5796375,492.6081364,,330,
3180.0,,0.8644063472747803,,1779701032.58069,493.6082939,,331,
3190.0,,0.8952447175979614,,1779701033.5774221,494.6050276,,332,
3200.0,,0.8923582434654236,,1779701034.5782003,495.6058042,,333,
3210.0,,0.9031055569648743,,1779701035.5730712,496.6015657,,334,
3220.0,,0.9179759621620178,,1779701036.5703213,497.5979246,,335,
3230.0,,0.8732334971427917,,1779701037.5618281,498.5894326,,336,
3240.0,,0.884157657623291,,1779701038.5545943,499.5822227,,337,
3250.0,0.7388141751289368,,0.00035475231739709885,1779701052.3797913,513.4072722,1.6855703592300415,338,
3250.0,,0.9002239108085632,,1779701052.4960687,513.5236847,,339,
3260.0,,0.8928307890892029,,1779701053.6209419,514.6490471,,340,
3270.0,,0.8916344046592712,,1779701054.6987407,515.7268155,,341,
3280.0,,0.9023088812828064,,1779701055.7087007,516.7363017,,342,
3290.0,,0.88234543800354,,1779701056.7202394,517.7481049,,343,
3300.0,,0.884695827960968,,1779701057.736855,518.7646273,,344,
3310.0,,0.911666750907898,,1779701058.7511485,519.7787525,,345,
3320.0,,0.904242217540741,,1779701059.7627635,520.7905707,,346,
3330.0,,0.9232141375541687,,1779701060.763757,521.792209,,347,
3340.0,,0.8966315984725952,,1779701061.795227,522.822828,,348,
3350.0,,0.8880411982536316,,1779701062.8268533,523.8547887,,349,
3360.0,,0.888994574546814,,1779701063.961878,524.9897859,,350,
3370.0,,0.8559498190879822,,1779701065.0913517,526.1189593,,351,
3380.0,,0.8742191791534424,,1779701066.1494443,527.1773422,,352,
3390.0,,0.8657092452049255,,1779701067.1667347,528.1943445,,353,
3400.0,,0.871498167514801,,1779701068.203893,529.2309902,,354,
3410.0,,0.8719801306724548,,1779701069.2164772,530.2447222,,355,
3420.0,,0.8601000905036926,,1779701070.2094839,531.2371647,,356,
3430.0,,0.8950269222259521,,1779701071.1979625,532.2265104,,357,
3440.0,,0.8898269534111023,,1779701072.187361,533.2151373,,358,
3450.0,,0.8660438060760498,,1779701073.222233,534.2498386,,359,
3460.0,,0.8582589626312256,,1779701074.2325573,535.2605641,,360,
3470.0,,0.8363560438156128,,1779701075.2410498,536.269468,,361,
3480.0,,0.8573852181434631,,1779701076.2424035,537.270009,,362,
3490.0,,0.874498188495636,,1779701077.2743917,538.3019948,,363,
3500.0,0.6934441924095154,,0.0002925475029450237,1779701091.8075662,552.8352813,1.724103569984436,364,
3500.0,,0.85667484998703,,1779701091.9187248,552.9464336,,365,
3510.0,,0.8593266010284424,,1779701092.9895346,554.0173484,,366,
3520.0,,0.856677234172821,,1779701094.0179765,555.0463763,,367,
3530.0,,0.8478029370307922,,1779701095.0273218,556.0549249,,368,
3540.0,,0.8223767876625061,,1779701096.0308533,557.0584571,,369,
3550.0,,0.8841865658760071,,1779701097.0324712,558.0606415,,370,
3560.0,,0.8178908228874207,,1779701098.0573478,559.0849504,,371,
3570.0,,0.8510904312133789,,1779701099.0583413,560.0859474,,372,
3580.0,,0.855522096157074,,1779701100.0750418,561.1026455,,373,
3590.0,,0.8589039444923401,,1779701101.0949898,562.1225941,,374,
3600.0,,0.8411528468132019,,1779701102.1108239,563.1384262,,375,
3610.0,,0.8656435608863831,,1779701103.1584282,564.1860413,,376,
3620.0,,0.8592121005058289,,1779701104.2126503,565.2402514,,377,
3630.0,,0.8585019707679749,,1779701105.2303119,566.2579232,,378,
3640.0,,0.822742223739624,,1779701106.250284,567.2778899,,379,
3650.0,,0.824289083480835,,1779701107.252556,568.2803744,,380,
3660.0,,0.8390774726867676,,1779701108.24909,569.2766945,,381,
3670.0,,0.8530493974685669,,1779701109.2425625,570.2705534,,382,
3680.0,,0.8460262417793274,,1779701110.2388546,571.2674312,,383,
3690.0,,0.8436789512634277,,1779701111.230286,572.2578895,,384,
3700.0,,0.8380711078643799,,1779701112.2296412,573.258183,,385,
3710.0,,0.8454172611236572,,1779701113.2206824,574.2482873,,386,
3720.0,,0.8517678380012512,,1779701114.2094865,575.2370894,,387,
3730.0,,0.8367562890052795,,1779701115.209017,576.2366456,,388,
3740.0,,0.8358770608901978,,1779701116.2305808,577.2581847,,389,
3750.0,0.6532185077667236,,0.00023694285222843113,1779701130.2622874,591.2893844,1.7711877822875977,390,
3750.0,,0.8423693180084229,,1779701130.366939,591.3945404,,391,
3760.0,,0.8639795184135437,,1779701131.3621483,592.3897527,,392,
3770.0,,0.8401232957839966,,1779701132.3483925,593.3759964,,393,
3780.0,,0.8606741428375244,,1779701133.3446267,594.3722298,,394,
3790.0,,0.843877375125885,,1779701134.3391407,595.3669635,,395,
3800.0,,0.8198274374008179,,1779701135.3382905,596.3665706,,396,
3810.0,,0.7995417714118958,,1779701136.3382332,597.3658377,,397,
3820.0,,0.8146883845329285,,1779701137.356349,598.3841358,,398,
3830.0,,0.8133077025413513,,1779701138.3719165,599.3995203,,399,
3840.0,,0.8413853645324707,,1779701139.3933814,600.420984,,400,
3850.0,,0.8121052384376526,,1779701140.4004765,601.4280774,,401,
3860.0,,0.8162026405334473,,1779701141.3951755,602.4232598,,402,
3870.0,,0.8425548076629639,,1779701142.4069226,603.4346905,,403,
3880.0,,0.81966233253479,,1779701143.4106297,604.4382614,,404,
3890.0,,0.8405513763427734,,1779701144.4220023,605.4496276,,405,
3900.0,,0.8075299859046936,,1779701145.425927,606.453567,,406,
3910.0,,0.8268037438392639,,1779701146.4167855,607.4451288,,407,
3920.0,,0.8402891755104065,,1779701147.4008024,608.4278994,,408,
3930.0,,0.8353103399276733,,1779701148.404263,609.4318664,,409,
3940.0,,0.7916280627250671,,1779701149.4043024,610.4319318,,410,
3950.0,,0.8241022825241089,,1779701150.4040563,611.431701,,411,
3960.0,,0.7959879636764526,,1779701151.398888,612.4273368,,412,
3970.0,,0.8206117153167725,,1779701152.4113414,613.439075,,413,
3980.0,,0.8025501370429993,,1779701153.4100945,614.4377023,,414,
3990.0,,0.845501184463501,,1779701154.4052858,615.4329142,,415,
4000.0,0.6203016042709351,,0.00018936387015941957,1779701168.4180453,629.4466473,1.7847938537597656,416,
4000.0,,0.7998014092445374,,1779701168.5285552,629.5562089,,417,
4010.0,,0.8080799579620361,,1779701169.557225,630.5854516,,418,
4020.0,,0.8109475374221802,,1779701170.543845,631.5715921,,419,
4030.0,,0.8067354559898376,,1779701171.541376,632.5689796,,420,
4040.0,,0.8136985898017883,,1779701172.539874,633.5677198,,421,
4050.0,,0.8105536699295044,,1779701173.5243216,634.5519723,,422,
4060.0,,0.8026477098464966,,1779701174.5150225,635.5426322,,423,
4070.0,,0.7916867733001709,,1779701175.509694,636.5372978,,424,
4080.0,,0.7795669436454773,,1779701176.5098734,637.5384761,,425,
4090.0,,0.817116916179657,,1779701177.5436842,638.5720478,,426,
4100.0,,0.8027940988540649,,1779701178.5338688,639.5617926,,427,
4110.0,,0.7908308506011963,,1779701179.5689108,640.5960079,,428,
4120.0,,0.7935246825218201,,1779701180.582464,641.6106298,,429,
4130.0,,0.8087584972381592,,1779701181.579904,642.607505,,430,
4140.0,,0.7974021434783936,,1779701182.5888171,643.6166869,,431,
4150.0,,0.7982797026634216,,1779701183.589007,644.6171031,,432,
4160.0,,0.7748591303825378,,1779701184.5861962,645.6147085,,433,
4170.0,,0.8115007877349854,,1779701185.575442,646.6030449,,434,
4180.0,,0.7755553722381592,,1779701186.5716453,647.5995115,,435,
4190.0,,0.8070461750030518,,1779701187.5633016,648.5909047,,436,
4200.0,,0.8124839067459106,,1779701188.5500338,649.5778488,,437,
4210.0,,0.7856582999229431,,1779701189.5457273,650.5735692,,438,
4220.0,,0.8039238452911377,,1779701190.535264,651.5631352,,439,
4230.0,,0.8048228621482849,,1779701191.5235434,652.5511654,,440,
4240.0,,0.7822874188423157,,1779701192.5238428,653.5514666,,441,
4250.0,0.5942808389663696,,0.00015103031213214996,1779701206.2389174,667.2666757,1.823384404182434,442,
4250.0,,0.8030254244804382,,1779701206.3415365,667.369274,,443,
4260.0,,0.7895521521568298,,1779701207.328936,668.3565415,,444,
4270.0,,0.788276195526123,,1779701208.3215563,669.3491611,,445,
4280.0,,0.7989690899848938,,1779701209.317633,670.3456378,,446,
4290.0,,0.7851529717445374,,1779701210.3110027,671.339562,,447,
4300.0,,0.7919818162918091,,1779701211.2895627,672.3171635,,448,
4310.0,,0.7968544960021973,,1779701212.2791035,673.3067041,,449,
4320.0,,0.78614342212677,,1779701213.2598917,674.2880559,,450,
4330.0,,0.7624176144599915,,1779701214.2425368,675.2701423,,451,
4340.0,,0.7822509407997131,,1779701215.2250447,676.2536247,,452,
4350.0,,0.8013425469398499,,1779701216.2017963,677.2293972,,453,
4360.0,,0.7783974409103394,,1779701217.1812196,678.2088213,,454,
4370.0,,0.7695443630218506,,1779701218.1685061,679.1961096,,455,
4380.0,,0.7993353009223938,,1779701219.1573098,680.1849148,,456,
4390.0,,0.757932722568512,,1779701220.1494932,681.1773667,,457,
4400.0,,0.7685816287994385,,1779701221.1339548,682.1615635,,458,
4410.0,,0.7802881598472595,,1779701222.1160724,683.1436768,,459,
4420.0,,0.7755623459815979,,1779701223.0947664,684.1224846,,460,
4430.0,,0.7630435228347778,,1779701224.0687826,685.0965708,,461,
4440.0,,0.7794879078865051,,1779701225.0499444,686.0780528,,462,
4450.0,,0.7688518762588501,,1779701226.0324068,687.0604547,,463,
4460.0,,0.7724251747131348,,1779701227.0163722,688.0442499,,464,
4470.0,,0.7863311171531677,,1779701227.9970229,689.0246362,,465,
4480.0,,0.7658118009567261,,1779701228.9806383,690.0088505,,466,
4490.0,,0.7942386865615845,,1779701229.9598308,690.9874359,,467,
4500.0,0.5663946866989136,,0.00012292491384519912,1779701243.3789322,704.4066204,1.8495779037475586,468,
4500.0,,0.7656373977661133,,1779701243.480028,704.5081774,,469,
4510.0,,0.751404345035553,,1779701244.4541776,705.4817829,,470,
4520.0,,0.7810482382774353,,1779701245.4265616,706.4541646,,471,
4530.0,,0.7744925618171692,,1779701246.3995535,707.4272388,,472,
4540.0,,0.7793386578559875,,1779701247.3743687,708.401972,,473,
4550.0,,0.7654534578323364,,1779701248.3472471,709.374876,,474,
4560.0,,0.7844864130020142,,1779701249.3202214,710.3478233,,475,
4570.0,,0.7581928372383118,,1779701250.2925355,711.3201361,,476,
4580.0,,0.7649528980255127,,1779701251.2621741,712.2906536,,477,
4590.0,,0.7565218210220337,,1779701252.2375863,713.2651959,,478,
4600.0,,0.7484642267227173,,1779701253.210353,714.2382112,,479,
4610.0,,0.7791093587875366,,1779701254.1831346,715.211495,,480,
4620.0,,0.7633934617042542,,1779701255.1561375,716.1847481,,481,
4630.0,,0.7698541879653931,,1779701256.13005,717.1576546,,482,
4640.0,,0.7750199437141418,,1779701257.1031697,718.1307732,,483,
4650.0,,0.7597224712371826,,1779701258.075156,719.1030722,,484,
4660.0,,0.7411927580833435,,1779701259.0503607,720.0779638,,485,
4670.0,,0.7581537961959839,,1779701260.0237072,721.0515035,,486,
4680.0,,0.7461201548576355,,1779701260.9967144,722.0246007,,487,
4690.0,,0.7639108896255493,,1779701261.9698975,722.9975198,,488,
4700.0,,0.7586797475814819,,1779701262.9423974,723.969999,,489,
4710.0,,0.7829369902610779,,1779701263.9147477,724.9423825,,490,
4720.0,,0.755448043346405,,1779701264.8876357,725.9152364,,491,
4730.0,,0.7531005144119263,,1779701265.8599513,726.8876719,,492,
4740.0,,0.7608177065849304,,1779701266.8349798,727.8625914,,493,
4750.0,0.5491197109222412,,0.00010576819746349742,1779701280.2139177,741.2425169,1.8635417222976685,494,
4750.0,,0.7635043859481812,,1779701280.3166077,741.3444201,,495,
4760.0,,0.7684463858604431,,1779701281.291052,742.3186581,,496,
4770.0,,0.7536137104034424,,1779701282.263697,743.291298,,497,
4780.0,,0.7596074938774109,,1779701283.2393355,744.2670482,,498,
4790.0,,0.7359037399291992,,1779701284.2116818,745.239286,,499,
4800.0,,0.7720233201980591,,1779701285.1836307,746.2112338,,500,
4810.0,,0.7383125424385071,,1779701286.156815,747.184418,,501,
4820.0,,0.7495510578155518,,1779701287.1290996,748.1567038,,502,
4830.0,,0.7645707130432129,,1779701288.1036375,749.1312401,,503,
4840.0,,0.747931182384491,,1779701289.0764997,750.1047217,,504,
4850.0,,0.7373573184013367,,1779701290.0508525,751.0784571,,505,
4860.0,,0.7631452679634094,,1779701291.0237691,752.0516019,,506,
4870.0,,0.7361984848976135,,1779701291.9973714,753.0249744,,507,
4880.0,,0.7645730972290039,,1779701292.970016,753.9977149,,508,
4890.0,,0.7614855170249939,,1779701293.9433773,754.9710205,,509,
4900.0,,0.7327306866645813,,1779701294.9178586,755.9456535,,510,
4910.0,,0.7477962374687195,,1779701295.8916392,756.9194457,,511,
4920.0,,0.7545396089553833,,1779701296.8635461,757.8906433,,512,
4930.0,,0.7573457360267639,,1779701297.835756,758.8640261,,513,
4940.0,,0.7154684662818909,,1779701298.8102286,759.8381069,,514,
4950.0,,0.7308589816093445,,1779701299.7841046,760.8117067,,515,
4960.0,,0.7669291496276855,,1779701300.7574487,761.7850498,,516,
4970.0,,0.7648353576660156,,1779701301.7302341,762.7578392,,517,
4980.0,,0.7580401301383972,,1779701302.7050345,763.7332894,,518,
4990.0,,0.7458698749542236,,1779701303.677973,764.7056679,,519,
5000.0,0.5312626361846924,,0.0001,1779701317.058094,778.0855548,1.886714220046997,520,
5000.0,,0.7377179861068726,,1779701317.1603265,778.1879552,,521,
,,,,1779701318.4783132,779.5058543,,522,"{'_type': 'html-file', 'sha256': '9a33e1b371bc7047e3d2b9338dfa0a96b62c8b5252606413296fe8255a3c837c', 'path': 'media/html/Sample Generation_522_9a33e1b371bc7047e3d2.html', 'size': 278}"
