val/loss,_step,_timestamp,train/step_loss,_runtime,lr,iter,train/loss,Sample Generation
4.268492698669434,0,1779640799.7562637,,13.8184872,9.900990099009901e-06,0.0,4.272477626800537,
,1,1779640799.881603,4.285678863525391,13.94354,,0.0,,
,2,1779640800.9152389,3.3312673568725586,14.9769454,,10.0,,
,3,1779640801.9521272,2.9173853397369385,16.0138368,,20.0,,
,4,1779640802.9876525,2.6268420219421387,17.0498575,,30.0,,
,5,1779640804.0353498,2.552018404006958,18.0970568,,40.0,,
,6,1779640805.0753195,2.5266380310058594,19.1370277,,50.0,,
,7,1779640806.1224298,2.490859270095825,20.1841368,,60.0,,
,8,1779640807.1563494,2.468489170074463,21.2180559,,70.0,,
,9,1779640808.192682,2.4464452266693115,22.2543924,,80.0,,
,10,1779640809.2337525,2.456760883331299,23.2954604,,90.0,,
,11,1779640810.2831473,2.4336249828338623,24.3448249,,100.0,,
,12,1779640811.3247805,2.3910253047943115,25.3870369,,110.0,,
,13,1779640812.3672433,2.401202440261841,26.4292056,,120.0,,
,14,1779640813.4063427,2.3916895389556885,27.4689598,,130.0,,
,15,1779640814.4524384,2.3758134841918945,28.5150207,,140.0,,
,16,1779640815.5079124,2.3266184329986572,29.5696185,,150.0,,
,17,1779640816.5482743,2.309297561645508,30.6102151,,160.0,,
,18,1779640817.5958118,2.271256685256958,31.6575197,,170.0,,
,19,1779640818.6417427,2.2136924266815186,32.7034834,,180.0,,
,20,1779640819.6851723,2.174161911010742,33.7468795,,190.0,,
,21,1779640820.7339642,2.130225658416748,34.7957076,,200.0,,
,22,1779640821.7691371,2.124978542327881,35.831001,,210.0,,
,23,1779640822.8099484,2.071636199951172,36.8721499,,220.0,,
,24,1779640823.847904,1.9979026317596436,37.909702,,230.0,,
,25,1779640824.8923879,1.9625413417816162,38.9540967,,240.0,,
1.986039161682129,26,1779640839.1771166,,53.2388273,0.0009979206008271391,250.0,1.8642390966415405,
,27,1779640839.284147,1.9399973154067993,53.3466753,,250.0,,
,28,1779640840.3262508,1.888716220855713,54.3874527,,260.0,,
,29,1779640841.3691502,1.8450559377670288,55.4310409,,270.0,,
,30,1779640842.4199262,1.847479224205017,56.4816369,,280.0,,
,31,1779640843.4724927,1.802263855934143,57.5342768,,290.0,,
,32,1779640844.5087273,1.7676984071731567,58.570459,,300.0,,
,33,1779640845.554316,1.7623049020767212,59.6160245,,310.0,,
,34,1779640846.5992699,1.7462199926376343,60.6610792,,320.0,,
,35,1779640847.643995,1.7047251462936401,61.7057016,,330.0,,
,36,1779640848.6909432,1.6707786321640015,62.7536506,,340.0,,
,37,1779640849.7419255,1.6527479887008667,63.8036328,,350.0,,
,38,1779640850.7902427,1.6562038660049438,64.8519486,,360.0,,
,39,1779640851.838173,1.640609860420227,65.9001284,,370.0,,
,40,1779640852.897828,1.6396509408950806,66.9596263,,380.0,,
,41,1779640853.93713,1.6077913045883179,67.9988788,,390.0,,
,42,1779640854.9841566,1.5695558786392212,69.0464803,,400.0,,
,43,1779640856.0266628,1.5520671606063843,70.0892523,,410.0,,
,44,1779640857.0744267,1.5756349563598633,71.1364382,,420.0,,
,45,1779640858.1230845,1.556489109992981,72.1856895,,430.0,,
,46,1779640859.1773698,1.5173596143722534,73.239376,,440.0,,
,47,1779640860.2265575,1.5657706260681152,74.2885749,,450.0,,
,48,1779640861.2720528,1.5564024448394775,75.3338112,,460.0,,
,49,1779640862.3222587,1.5104855298995972,76.3841521,,470.0,,
,50,1779640863.373539,1.4973719120025635,77.4362665,,480.0,,
,51,1779640864.4228086,1.4857532978057861,78.4845152,,490.0,,
1.642565131187439,52,1779640878.6843066,,92.7464561,0.0009852826883675631,500.0,1.426751971244812,
,53,1779640878.7954764,1.5073132514953613,92.8572075,,500.0,,
,54,1779640879.850097,1.4957518577575684,93.9118063,,510.0,,
,55,1779640880.8995278,1.4674079418182373,94.9607295,,520.0,,
,56,1779640881.9475732,1.458508014678955,96.0095761,,530.0,,
,57,1779640883.002342,1.417232871055603,97.064148,,540.0,,
,58,1779640884.0431557,1.4788596630096436,98.1050473,,550.0,,
,59,1779640885.089461,1.448685884475708,99.1511692,,560.0,,
,60,1779640886.1414192,1.4381500482559204,100.2031876,,570.0,,
,61,1779640887.1943653,1.459202527999878,101.2560946,,580.0,,
,62,1779640888.2344,1.403247594833374,102.2963043,,590.0,,
,63,1779640889.2835362,1.4364665746688843,103.3452508,,600.0,,
,64,1779640890.3269114,1.4365627765655518,104.3886188,,610.0,,
,65,1779640891.3633027,1.3768439292907715,105.4254704,,620.0,,
,66,1779640892.414766,1.3911842107772827,106.4770112,,630.0,,
,67,1779640893.463584,1.4158061742782593,107.5262203,,640.0,,
,68,1779640894.5164478,1.3936526775360107,108.5788445,,650.0,,
,69,1779640895.5658813,1.4080400466918945,109.6276021,,660.0,,
,70,1779640896.6237066,1.3812923431396484,110.685962,,670.0,,
,71,1779640897.6723368,1.376524806022644,111.7350372,,680.0,,
,72,1779640898.715944,1.3952062129974365,112.7776506,,690.0,,
,73,1779640899.7615726,1.4013618230819702,113.8232851,,700.0,,
,74,1779640900.8179877,1.402671456336975,114.8796946,,710.0,,
,75,1779640901.8678098,1.3735674619674683,115.9296871,,720.0,,
,76,1779640902.9181685,1.361687421798706,116.9798746,,730.0,,
,77,1779640903.9694006,1.3528242111206055,118.0310027,,740.0,,
1.5492215156555176,78,1779640918.250666,,132.3128653,0.0009614856803571157,750.0,1.2952417135238647,
,79,1779640918.361158,1.3594037294387817,132.4228664,,750.0,,
,80,1779640919.4120107,1.3584036827087402,133.4746362,,760.0,,
,81,1779640920.4603796,1.3574066162109375,134.5222156,,770.0,,
,82,1779640921.5109706,1.347298502922058,135.5726809,,780.0,,
,83,1779640922.5609896,1.3391770124435425,136.6227717,,790.0,,
,84,1779640923.6058002,1.321662425994873,137.6675086,,800.0,,
,85,1779640924.6563733,1.347710371017456,138.7181705,,810.0,,
,86,1779640925.7071586,1.3421739339828491,139.7690571,,820.0,,
,87,1779640926.7523415,1.3136897087097168,140.8140489,,830.0,,
,88,1779640927.8111005,1.3309733867645264,141.8728073,,840.0,,
,89,1779640928.8672855,1.3113113641738892,142.9296244,,850.0,,
,90,1779640929.9084756,1.3272160291671753,143.9711595,,860.0,,
,91,1779640930.9622066,1.3157460689544678,145.0239623,,870.0,,
,92,1779640932.012008,1.3171806335449219,146.0737155,,880.0,,
,93,1779640933.084063,1.3761837482452393,147.1472841,,890.0,,
,94,1779640934.1491606,1.311331033706665,148.2115527,,900.0,,
,95,1779640935.2034295,1.3013043403625488,149.2660388,,910.0,,
,96,1779640936.2569942,1.3204957246780396,150.3187009,,920.0,,
,97,1779640937.3064919,1.287327766418457,151.3685912,,930.0,,
,98,1779640938.3575869,1.3202660083770752,152.4194554,,940.0,,
,99,1779640939.4107366,1.2946209907531738,153.4725223,,950.0,,
,100,1779640940.468625,1.3240383863449097,154.5307156,,960.0,,
,101,1779640941.5203836,1.2819349765777588,155.5819609,,970.0,,
,102,1779640942.5778313,1.3087139129638672,156.6395373,,980.0,,
,103,1779640943.6332812,1.2856961488723755,157.6944833,,990.0,,
1.5285829305648804,104,1779640957.9272957,,171.9891904,0.0009271396472013282,1000.0,1.224960446357727,
,105,1779640958.036039,1.2441377639770508,172.0978919,,1000.0,,
,106,1779640959.0827496,1.285497784614563,173.1444571,,1010.0,,
,107,1779640960.1232646,1.2537107467651367,174.1850201,,1020.0,,
,108,1779640961.1775155,1.2495583295822144,175.2392446,,1030.0,,
,109,1779640962.2279758,1.3018592596054077,176.2896832,,1040.0,,
,110,1779640963.2755787,1.244783639907837,177.3372863,,1050.0,,
,111,1779640964.31915,1.2743151187896729,178.3809783,,1060.0,,
,112,1779640965.3670692,1.2409762144088745,179.4290975,,1070.0,,
,113,1779640966.4153886,1.267498254776001,180.477098,,1080.0,,
,114,1779640967.4785075,1.2355871200561523,181.5404943,,1090.0,,
,115,1779640968.6092882,1.2833739519119263,182.6710987,,1100.0,,
,116,1779640969.6604607,1.2617660760879517,183.7221674,,1110.0,,
,117,1779640970.717029,1.2697272300720215,184.7792296,,1120.0,,
,118,1779640971.7602782,1.2315198183059692,185.821985,,1130.0,,
,119,1779640972.8672,1.230262279510498,186.9289601,,1140.0,,
,120,1779640973.9386804,1.282155990600586,188.0006494,,1150.0,,
,121,1779640974.986263,1.248734951019287,189.0479718,,1160.0,,
,122,1779640976.035379,1.244159460067749,190.0970852,,1170.0,,
,123,1779640977.0891094,1.218670129776001,191.1508173,,1180.0,,
,124,1779640978.142811,1.2457506656646729,192.204553,,1190.0,,
,125,1779640979.1943023,1.2304296493530273,193.2560075,,1200.0,,
,126,1779640980.242405,1.2391293048858643,194.3041135,,1210.0,,
,127,1779640981.3001943,1.2330548763275146,195.3620435,,1220.0,,
,128,1779640982.3440866,1.2585349082946777,196.4060559,,1230.0,,
,129,1779640983.3940659,1.2362672090530396,197.4562617,,1240.0,,
1.5051356554031372,130,1779640997.6639776,,211.7265065,0.000883125098683892,1250.0,1.1565738916397095,
,131,1779640997.7740474,1.2497775554656982,211.835752,,1250.0,,
,132,1779640998.8271093,1.2388548851013184,212.8888182,,1260.0,,
,133,1779640999.8767736,1.2189923524856567,213.9384807,,1270.0,,
,134,1779641000.9256158,1.200722575187683,214.9873218,,1280.0,,
,135,1779641001.9753845,1.2200230360031128,216.0380925,,1290.0,,
,136,1779641003.0279179,1.2124782800674438,217.0903424,,1300.0,,
,137,1779641004.0730813,1.2077237367630005,218.1347873,,1310.0,,
,138,1779641005.1198442,1.2320401668548584,219.1810459,,1320.0,,
,139,1779641006.1667945,1.2073695659637451,220.2287169,,1330.0,,
,140,1779641007.2158556,1.1916066408157349,221.2775633,,1340.0,,
,141,1779641008.2601464,1.2284882068634033,222.3220398,,1350.0,,
,142,1779641009.3163366,1.177266240119934,223.3775385,,1360.0,,
,143,1779641010.3613997,1.1927143335342407,224.4231102,,1370.0,,
,144,1779641011.415349,1.1825051307678223,225.4770571,,1380.0,,
,145,1779641012.460222,1.2087401151657104,226.5219298,,1390.0,,
,146,1779641013.5087552,1.212923526763916,227.569957,,1400.0,,
,147,1779641014.5593264,1.1927838325500488,228.6217955,,1410.0,,
,148,1779641015.618977,1.1839096546173096,229.6806916,,1420.0,,
,149,1779641016.6709838,1.1697273254394531,230.7327765,,1430.0,,
,150,1779641017.7172518,1.1707872152328491,231.779142,,1440.0,,
,151,1779641018.7692785,1.2016409635543823,232.8309851,,1450.0,,
,152,1779641019.8199966,1.2092467546463013,233.8817025,,1460.0,,
,153,1779641020.8686852,1.1995774507522583,234.9303932,,1470.0,,
,154,1779641021.9129632,1.2052110433578491,235.97467,,1480.0,,
,155,1779641022.97409,1.158026933670044,237.035798,,1490.0,,
1.517520785331726,156,1779641037.2582982,,251.3201315,0.0008305704108364302,1500.0,1.1064329147338867,
,157,1779641037.3664064,1.159912109375,251.4286155,,1500.0,,
,158,1779641038.42053,1.1817395687103271,252.4822378,,1510.0,,
,159,1779641039.4791868,1.1415737867355347,253.5416156,,1520.0,,
,160,1779641040.5347865,1.1798235177993774,254.5965394,,1530.0,,
,161,1779641041.583626,1.1790105104446411,255.6455774,,1540.0,,
,162,1779641042.643772,1.1562148332595825,256.7054805,,1550.0,,
,163,1779641043.686977,1.2105145454406738,257.7481789,,1560.0,,
,164,1779641044.7395973,1.1800079345703125,258.8013042,,1570.0,,
,165,1779641045.795069,1.149622917175293,259.8570653,,1580.0,,
,166,1779641046.8472483,1.1895649433135986,260.9093883,,1590.0,,
,167,1779641047.8897982,1.179136872291565,261.9515236,,1600.0,,
,168,1779641048.94525,1.1892259120941162,263.0069567,,1610.0,,
,169,1779641049.9980967,1.1288729906082153,264.0598027,,1620.0,,
,170,1779641051.0466983,1.1616902351379395,265.1084312,,1630.0,,
,171,1779641052.101307,1.147789716720581,266.1630131,,1640.0,,
,172,1779641053.1607325,1.1552410125732422,267.2228923,,1650.0,,
,173,1779641054.227814,1.1371235847473145,268.2895972,,1660.0,,
,174,1779641055.280804,1.1176098585128784,269.3425116,,1670.0,,
,175,1779641056.336472,1.1735600233078003,270.3981781,,1680.0,,
,176,1779641057.3922625,1.169054388999939,271.4539756,,1690.0,,
,177,1779641058.4411259,1.140027642250061,272.5036445,,1700.0,,
,178,1779641059.4940355,1.160663366317749,273.5567528,,1710.0,,
,179,1779641060.592821,1.1398330926895142,274.6550167,,1720.0,,
,180,1779641061.7031898,1.1557488441467285,275.7648972,,1730.0,,
,181,1779641062.7777336,1.157437801361084,276.8394445,,1740.0,,
1.5249770879745483,182,1779641077.3607576,,291.4233152,0.0007708228984017721,1750.0,1.0523593425750732,
,183,1779641077.470908,1.10072660446167,291.5326379,,1750.0,,
,184,1779641078.581498,1.1046233177185059,292.6432064,,1760.0,,
,185,1779641079.6797912,1.1308616399765015,293.7418161,,1770.0,,
,186,1779641080.7636495,1.1243360042572021,294.8253579,,1780.0,,
,187,1779641081.823549,1.1348748207092285,295.8852595,,1790.0,,
,188,1779641082.8893235,1.123939871788025,296.951049,,1800.0,,
,189,1779641083.9715066,1.1413058042526245,298.0332141,,1810.0,,
,190,1779641085.031164,1.12998628616333,299.0928717,,1820.0,,
,191,1779641086.096809,1.1144142150878906,300.1587169,,1830.0,,
,192,1779641087.2333436,1.128424048423767,301.2950499,,1840.0,,
,193,1779641088.3337224,1.092644214630127,302.3955751,,1850.0,,
,194,1779641089.404754,1.1122725009918213,303.4668158,,1860.0,,
,195,1779641090.4875314,1.1384187936782837,304.5492374,,1870.0,,
,196,1779641091.545172,1.1481550931930542,305.6071221,,1880.0,,
,197,1779641092.6092064,1.0860192775726318,306.6713126,,1890.0,,
,198,1779641093.6582854,1.116684079170227,307.7199915,,1900.0,,
,199,1779641094.7201054,1.1013026237487793,308.7818139,,1910.0,,
,200,1779641095.7737172,1.1022380590438843,309.8355944,,1920.0,,
,201,1779641096.8294644,1.1058486700057983,310.8914079,,1930.0,,
,202,1779641097.8862927,1.1037310361862183,311.9480002,,1940.0,,
,203,1779641098.9512703,1.1034166812896729,313.0135835,,1950.0,,
,204,1779641100.0047696,1.0850037336349487,314.0666272,,1960.0,,
,205,1779641101.0575433,1.0957988500595093,315.1192686,,1970.0,,
,206,1779641102.1158783,1.0964292287826538,316.1793268,,1980.0,,
,207,1779641103.2056153,1.107616901397705,317.2674108,,1990.0,,
1.5313482284545898,208,1779641118.337114,,332.3995116,0.0007054142744895884,2000.0,0.9997610449790955,
,209,1779641118.450632,1.0811067819595337,332.5129835,,2000.0,,
,210,1779641119.5323024,1.0761209726333618,333.5940108,,2010.0,,
,211,1779641120.602591,1.1144459247589111,334.6642983,,2020.0,,
,212,1779641121.6884322,1.1064765453338623,335.7501614,,2030.0,,
,213,1779641122.7501884,1.1122649908065796,336.8118967,,2040.0,,
,214,1779641123.8138032,1.0847651958465576,337.8760573,,2050.0,,
,215,1779641124.8768811,1.0525741577148438,338.9389413,,2060.0,,
,216,1779641125.9226573,1.0934906005859375,339.9844308,,2070.0,,
,217,1779641126.9747312,1.099550724029541,341.0364381,,2080.0,,
,218,1779641128.0390074,1.065899133682251,342.1008621,,2090.0,,
,219,1779641129.12746,1.0849573612213135,343.1891685,,2100.0,,
,220,1779641130.1950061,1.0943660736083984,344.2567128,,2110.0,,
,221,1779641131.26511,1.0555881261825562,345.3278185,,2120.0,,
,222,1779641132.3244956,1.0557894706726074,346.3862017,,2130.0,,
,223,1779641133.3980975,1.0680965185165405,347.460005,,2140.0,,
,224,1779641134.4957702,1.0920352935791016,348.5574764,,2150.0,,
,225,1779641135.5813243,1.0740324258804321,349.6437286,,2160.0,,
,226,1779641136.6719484,1.0667370557785034,350.73419,,2170.0,,
,227,1779641137.7538652,1.0590940713882446,351.8155727,,2180.0,,
,228,1779641138.8303173,1.05165696144104,352.8920652,,2190.0,,
,229,1779641139.8946002,1.0494309663772583,353.9563421,,2200.0,,
,230,1779641140.959235,1.046641230583191,355.020943,,2210.0,,
,231,1779641142.0190082,1.047160029411316,356.080717,,2220.0,,
,232,1779641143.083023,1.0488988161087036,357.1454105,,2230.0,,
,233,1779641144.155879,1.0498828887939453,358.2175855,,2240.0,,
1.5467065572738647,234,1779641158.6005764,,372.6629011,0.0006360213829156177,2250.0,0.9434087872505188,
,235,1779641158.71569,1.0712560415267944,372.7777018,,2250.0,,
,236,1779641159.7733307,1.056238055229187,373.8350376,,2260.0,,
,237,1779641160.8391232,1.0289620161056519,374.9008317,,2270.0,,
,238,1779641161.919865,1.0267516374588013,375.9815898,,2280.0,,
,239,1779641162.9827213,1.0733790397644043,377.0444278,,2290.0,,
,240,1779641164.038066,1.0450949668884277,378.0997747,,2300.0,,
,241,1779641165.099726,1.035735011100769,379.1614633,,2310.0,,
,242,1779641166.1586828,1.0562468767166138,380.2204674,,2320.0,,
,243,1779641167.2226741,1.0531083345413208,381.2843825,,2330.0,,
,244,1779641168.2865477,1.0108652114868164,382.3483124,,2340.0,,
,245,1779641169.3561242,1.063359260559082,383.4181918,,2350.0,,
,246,1779641170.4132152,1.018833875656128,384.4749256,,2360.0,,
,247,1779641171.4782422,1.0188932418823242,385.5399487,,2370.0,,
,248,1779641172.5363748,1.0152355432510376,386.5975768,,2380.0,,
,249,1779641173.5951648,1.0353788137435913,387.6571663,,2390.0,,
,250,1779641174.6521864,1.0205410718917847,388.7138922,,2400.0,,
,251,1779641175.7056217,1.0244760513305664,389.767329,,2410.0,,
,252,1779641176.7623122,1.0228843688964844,390.8242967,,2420.0,,
,253,1779641177.8218527,1.0374943017959595,391.8835624,,2430.0,,
,254,1779641178.8730164,0.9974346160888672,392.9347246,,2440.0,,
,255,1779641179.9330225,0.9995229244232178,393.9942244,,2450.0,,
,256,1779641180.9962265,1.0140619277954102,395.0581797,,2460.0,,
,257,1779641182.054789,1.0328989028930664,396.1169415,,2470.0,,
,258,1779641183.1792157,1.0425089597702026,397.2409265,,2480.0,,
,259,1779641184.2359908,1.0329772233963013,398.2976973,,2490.0,,
1.587397575378418,260,1779641198.6039367,,412.6662542,0.000564423209907245,2500.0,0.8969265818595886,
,261,1779641198.713114,1.007894515991211,412.7748237,,2500.0,,
,262,1779641199.763211,1.0190075635910034,413.8249795,,2510.0,,
,263,1779641200.8174045,1.003244161605835,414.8796529,,2520.0,,
,264,1779641201.870236,0.9784315228462219,415.9320466,,2530.0,,
,265,1779641202.9217367,1.001809000968933,416.9841069,,2540.0,,
,266,1779641203.978155,1.0108989477157593,418.040363,,2550.0,,
,267,1779641205.054179,1.0093568563461304,419.1158885,,2560.0,,
,268,1779641206.1031795,0.9949744939804077,420.165804,,2570.0,,
,269,1779641207.1580114,0.9734353423118591,421.2202828,,2580.0,,
,270,1779641208.2116601,0.9984866380691528,422.273537,,2590.0,,
,271,1779641209.2688017,0.9910557866096497,423.3305101,,2600.0,,
,272,1779641210.3226147,0.9721403121948242,424.3843732,,2610.0,,
,273,1779641211.3756452,0.983640193939209,425.4368472,,2620.0,,
,274,1779641212.4332533,0.989902138710022,426.4949693,,2630.0,,
,275,1779641213.4851553,0.9918657541275024,427.5469717,,2640.0,,
,276,1779641214.5386565,0.9643582105636597,428.6003626,,2650.0,,
,277,1779641215.6078014,0.9790133833885193,429.6695387,,2660.0,,
,278,1779641216.6673563,0.9959460496902466,430.7290642,,2670.0,,
,279,1779641217.720636,0.9714409112930298,431.7824658,,2680.0,,
,280,1779641218.788434,0.965243399143219,432.8502397,,2690.0,,
,281,1779641219.8400152,0.9634628891944885,433.9022847,,2700.0,,
,282,1779641220.8950336,0.9785445928573608,434.9562356,,2710.0,,
,283,1779641221.951324,0.9701724052429199,436.0130314,,2720.0,,
,284,1779641223.0111268,0.9592123031616211,437.0728332,,2730.0,,
,285,1779641224.0980434,0.9896422624588013,438.1605753,,2740.0,,
1.6192611455917358,286,1779641238.3898542,,452.4515605,0.0004924552772419723,2750.0,0.8351677060127258,
,287,1779641238.50009,0.9677254557609558,452.5612917,,2750.0,,
,288,1779641239.5520847,0.941103458404541,453.6137953,,2760.0,,
,289,1779641240.6039002,0.9710149168968201,454.6657658,,2770.0,,
,290,1779641241.652109,0.9579685926437378,455.7140395,,2780.0,,
,291,1779641242.699384,0.956992506980896,456.7610908,,2790.0,,
,292,1779641243.7456248,0.9455291628837585,457.8073307,,2800.0,,
,293,1779641244.812108,0.9615929126739502,458.87331,,2810.0,,
,294,1779641245.8832588,0.9627587795257568,459.9449679,,2820.0,,
,295,1779641246.9389372,0.9825007915496826,461.0001389,,2830.0,,
,296,1779641247.9766216,0.9613359570503235,462.0384137,,2840.0,,
,297,1779641249.033201,0.9663251042366028,463.0949338,,2850.0,,
,298,1779641250.0828915,0.9611701965332031,464.1446057,,2860.0,,
,299,1779641251.132121,0.9617472887039185,465.1938524,,2870.0,,
,300,1779641252.1761887,0.9196645021438599,466.2373906,,2880.0,,
,301,1779641253.2236457,0.9522711038589478,467.2854478,,2890.0,,
,302,1779641254.292261,0.9505870938301086,468.3539682,,2900.0,,
,303,1779641255.3483179,0.9483628869056702,469.4100257,,2910.0,,
,304,1779641256.402698,0.9581685662269592,470.4644304,,2920.0,,
,305,1779641257.4548585,0.9286177754402161,471.5172104,,2930.0,,
,306,1779641258.51162,0.9298281073570251,472.5733262,,2940.0,,
,307,1779641259.547466,0.928462028503418,473.6093801,,2950.0,,
,308,1779641260.5965748,0.9309572577476501,474.6582925,,2960.0,,
,309,1779641261.6524022,0.9336089491844177,475.7146571,,2970.0,,
,310,1779641262.7113461,0.9522108435630798,476.773053,,2980.0,,
,311,1779641263.7550838,0.9486411213874817,477.8167902,,2990.0,,
1.6547869443893433,312,1779641278.028097,,492.090293,0.0004219625860160354,3000.0,0.7860805988311768,
,313,1779641278.1369712,0.9253352284431458,492.1986707,,3000.0,,
,314,1779641279.2011886,0.9316649436950684,493.2630419,,3010.0,,
,315,1779641280.2459009,0.9543210864067078,494.3081478,,3020.0,,
,316,1779641281.3003173,0.9575290679931641,495.361519,,3030.0,,
,317,1779641282.3526168,0.9299667477607727,496.4143245,,3040.0,,
,318,1779641283.403004,0.9288378953933716,497.4647113,,3050.0,,
,319,1779641284.4377472,0.9186923503875732,498.4994546,,3060.0,,
,320,1779641285.4876285,0.9420030117034912,499.5500275,,3070.0,,
,321,1779641286.54997,0.8979604244232178,500.6116766,,3080.0,,
,322,1779641287.6026914,0.8940179944038391,501.6643986,,3090.0,,
,323,1779641288.6558979,0.9047619104385376,502.7184915,,3100.0,,
,324,1779641289.7185757,0.9112090468406677,503.7802875,,3110.0,,
,325,1779641290.7735174,0.9383668303489685,504.8354746,,3120.0,,
,326,1779641291.8179262,0.890697181224823,505.8796404,,3130.0,,
,327,1779641292.8701463,0.9037071466445923,506.9318527,,3140.0,,
,328,1779641293.9208727,0.9174009561538696,507.9826498,,3150.0,,
,329,1779641294.9710605,0.9231098890304565,509.0327667,,3160.0,,
,330,1779641296.0236213,0.9121495485305786,510.0853274,,3170.0,,
,331,1779641297.0750263,0.912464439868927,511.1367537,,3180.0,,
,332,1779641298.126806,0.9123522639274597,512.1885123,,3190.0,,
,333,1779641299.1794186,0.9339153170585632,513.2412731,,3200.0,,
,334,1779641300.22879,0.8977690935134888,514.290528,,3210.0,,
,335,1779641301.277241,0.9038139581680298,515.3392427,,3220.0,,
,336,1779641302.3224437,0.9035524725914001,516.3848087,,3230.0,,
,337,1779641303.3739333,0.8976839780807495,517.4366442,,3240.0,,
1.688936710357666,338,1779641317.6590648,,531.7217983,0.00035475231739709885,3250.0,0.7420617938041687,
,339,1779641317.7701826,0.9095174074172974,531.8318891,,3250.0,,
,340,1779641318.8234298,0.9050229787826538,532.8852652,,3260.0,,
,341,1779641319.8755724,0.9014164805412292,533.9388162,,3270.0,,
,342,1779641320.9272072,0.9052886366844177,534.9894591,,3280.0,,
,343,1779641321.9731648,0.891629695892334,536.0348704,,3290.0,,
,344,1779641323.028256,0.8934256434440613,537.0908834,,3300.0,,
,345,1779641324.0696952,0.9129058718681335,538.1314021,,3310.0,,
,346,1779641325.1211147,0.9077404737472534,539.1834622,,3320.0,,
,347,1779641326.1734889,0.8906121850013733,540.2354467,,3330.0,,
,348,1779641327.226724,0.8912607431411743,541.288432,,3340.0,,
,349,1779641328.2837865,0.8851330280303955,542.3454916,,3350.0,,
,350,1779641329.3284242,0.8818236589431763,543.3901334,,3360.0,,
,351,1779641330.3822966,0.8909022212028503,544.4447116,,3370.0,,
,352,1779641331.4345431,0.8691307902336121,545.4966335,,3380.0,,
,353,1779641332.4829986,0.8938185572624207,546.5447075,,3390.0,,
,354,1779641333.5332673,0.8795952796936035,547.5949736,,3400.0,,
,355,1779641334.5805964,0.8514829874038696,548.6430275,,3410.0,,
,356,1779641335.637006,0.8968605995178223,549.6982081,,3420.0,,
,357,1779641336.6792734,0.8720874786376953,550.7411206,,3430.0,,
,358,1779641337.7291355,0.851199746131897,551.7908414,,3440.0,,
,359,1779641338.7776856,0.8726502060890198,552.8393921,,3450.0,,
,360,1779641339.832747,0.8246054649353027,553.8945287,,3460.0,,
,361,1779641340.8837152,0.8894534111022949,554.9463222,,3470.0,,
,362,1779641341.9398286,0.8683494329452515,556.0015359,,3480.0,,
,363,1779641342.980057,0.8907895684242249,557.0427519,,3490.0,,
1.7348114252090454,364,1779641357.256342,,571.3180877,0.0002925475029450237,3500.0,0.6948256492614746,
,365,1779641357.3653424,0.8520624041557312,571.4274191,,3500.0,,
,366,1779641358.4102638,0.8680755496025085,572.4719703,,3510.0,,
,367,1779641359.460924,0.8662448525428772,573.5226319,,3520.0,,
,368,1779641360.5101755,0.8758286237716675,574.5722413,,3530.0,,
,369,1779641361.5478084,0.8949478268623352,575.6096543,,3540.0,,
,370,1779641362.602991,0.8841530680656433,576.6646967,,3550.0,,
,371,1779641363.6514058,0.8659061193466187,577.7131215,,3560.0,,
,372,1779641364.7089775,0.8579782843589783,578.770686,,3570.0,,
,373,1779641365.7492132,0.8630921840667725,579.8111034,,3580.0,,
,374,1779641366.8008044,0.8558622002601624,580.8628381,,3590.0,,
,375,1779641367.8496249,0.8591818809509277,581.9118857,,3600.0,,
,376,1779641368.908242,0.8591859340667725,582.9699499,,3610.0,,
,377,1779641369.950128,0.8801991939544678,584.0119934,,3620.0,,
,378,1779641371.0070598,0.8430818319320679,585.0687677,,3630.0,,
,379,1779641372.0496037,0.849154531955719,586.1113762,,3640.0,,
,380,1779641373.1068938,0.8344940543174744,587.1695106,,3650.0,,
,381,1779641374.1520028,0.8487451672554016,588.2137105,,3660.0,,
,382,1779641375.206063,0.8251692652702332,589.267265,,3670.0,,
,383,1779641376.2545612,0.8375614285469055,590.3169234,,3680.0,,
,384,1779641377.3123744,0.8493298292160034,591.3742705,,3690.0,,
,385,1779641378.3675213,0.8249616622924805,592.4299749,,3700.0,,
,386,1779641379.4276865,0.8456917405128479,593.4893959,,3710.0,,
,387,1779641380.4876828,0.8481732606887817,594.5494274,,3720.0,,
,388,1779641381.5322833,0.8339227437973022,595.59453,,3730.0,,
,389,1779641382.5913677,0.8072428107261658,596.6530769,,3740.0,,
1.7683966159820557,390,1779641396.8606298,,610.9223934,0.00023694285222843113,3750.0,0.6564879417419434,
,391,1779641396.9690897,0.8289155960083008,611.0315288,,3750.0,,
,392,1779641398.017541,0.8352845907211304,612.0792995,,3760.0,,
,393,1779641399.0735517,0.8220909833908081,613.1358777,,3770.0,,
,394,1779641400.1285024,0.8228726387023926,614.1902097,,3780.0,,
,395,1779641401.1837883,0.8167580962181091,615.2457283,,3790.0,,
,396,1779641402.2362013,0.8398303985595703,616.2979419,,3800.0,,
,397,1779641403.2871556,0.8070147633552551,617.3488614,,3810.0,,
,398,1779641404.3446639,0.8238680362701416,618.4063718,,3820.0,,
,399,1779641405.387748,0.828635036945343,619.4503061,,3830.0,,
,400,1779641406.442367,0.8316768407821655,620.5041024,,3840.0,,
,401,1779641407.4997542,0.8204119205474854,621.5614612,,3850.0,,
,402,1779641408.5439847,0.8189316391944885,622.605694,,3860.0,,
,403,1779641409.5942903,0.8168594837188721,623.6560003,,3870.0,,
,404,1779641410.6457376,0.824235200881958,624.707444,,3880.0,,
,405,1779641411.6984117,0.8546240925788879,625.7601209,,3890.0,,
,406,1779641412.748681,0.8200989365577698,626.810387,,3900.0,,
,407,1779641413.8076158,0.8355628252029419,627.8693226,,3910.0,,
,408,1779641414.857589,0.8057591319084167,628.9192971,,3920.0,,
,409,1779641415.912035,0.7980664372444153,629.9737416,,3930.0,,
,410,1779641416.955861,0.8366285562515259,631.0175744,,3940.0,,
,411,1779641418.0116782,0.8210285902023315,632.0733841,,3950.0,,
,412,1779641419.066752,0.8233398199081421,633.1287257,,3960.0,,
,413,1779641420.1174557,0.8052733540534973,634.1791655,,3970.0,,
,414,1779641421.1751087,0.8038855195045471,635.2369507,,3980.0,,
,415,1779641422.2303329,0.8056588768959045,636.2920391,,3990.0,,
1.8087502717971802,416,1779641436.4920995,,650.5533016,0.00018936387015941957,4000.0,0.6185221076011658,
,417,1779641436.5996568,0.8073024153709412,650.6616235,,4000.0,,
,418,1779641437.6455593,0.8000874519348145,651.7073604,,4010.0,,
,419,1779641438.6845107,0.8214908838272095,652.7464809,,4020.0,,
,420,1779641439.7407756,0.8049551248550415,653.8025148,,4030.0,,
,421,1779641440.7954526,0.8151626586914062,654.8581989,,4040.0,,
,422,1779641441.8489773,0.8094747066497803,655.9106837,,4050.0,,
,423,1779641442.8965557,0.8010408282279968,656.9582623,,4060.0,,
,424,1779641443.9502275,0.7490389347076416,658.0119482,,4070.0,,
,425,1779641445.0037248,0.7949928045272827,659.0656753,,4080.0,,
,426,1779641446.0540545,0.8141422271728516,660.1162965,,4090.0,,
,427,1779641447.1038043,0.8210535049438477,661.1655201,,4100.0,,
,428,1779641448.1573522,0.8039413690567017,662.219061,,4110.0,,
,429,1779641449.213237,0.7938599586486816,663.2749775,,4120.0,,
,430,1779641450.2578976,0.8333465456962585,664.3194061,,4130.0,,
,431,1779641451.3087163,0.7885782122612,665.3707491,,4140.0,,
,432,1779641452.3494697,0.8083242774009705,666.4112009,,4150.0,,
,433,1779641453.4062495,0.7708340883255005,667.4682471,,4160.0,,
,434,1779641454.4590833,0.7799504995346069,668.5207911,,4170.0,,
,435,1779641455.501681,0.7657619118690491,669.5635324,,4180.0,,
,436,1779641456.561994,0.8122502565383911,670.6237749,,4190.0,,
,437,1779641457.6146011,0.7950960397720337,671.6769831,,4200.0,,
,438,1779641458.6716142,0.7852665185928345,672.7333715,,4210.0,,
,439,1779641459.7196043,0.804619550704956,673.7824253,,4220.0,,
,440,1779641460.7919846,0.8024198412895203,674.8536902,,4230.0,,
,441,1779641461.8395872,0.8002603650093079,675.9018465,,4240.0,,
1.8227752447128296,442,1779641476.0931368,,690.1550763,0.00015103031213214996,4250.0,0.5899748802185059,
,443,1779641476.2048068,0.7876916527748108,690.2665132,,4250.0,,
,444,1779641477.25133,0.7819281816482544,691.3130371,,4260.0,,
,445,1779641478.2967029,0.8003650903701782,692.3589792,,4270.0,,
,446,1779641479.3473265,0.8051366806030273,693.4090329,,4280.0,,
,447,1779641480.394713,0.788205623626709,694.4573933,,4290.0,,
,448,1779641481.4434853,0.7975848913192749,695.5052376,,4300.0,,
,449,1779641482.4930782,0.777830183506012,696.5547859,,4310.0,,
,450,1779641483.6108916,0.808171808719635,697.6725977,,4320.0,,
,451,1779641484.6608624,0.7649485468864441,698.7225716,,4330.0,,
,452,1779641485.7081957,0.8008911609649658,699.7699014,,4340.0,,
,453,1779641486.7580256,0.7912591099739075,700.8207405,,4350.0,,
,454,1779641487.8217032,0.7886399626731873,701.8838045,,4360.0,,
,455,1779641488.8748853,0.7881647348403931,702.9365975,,4370.0,,
,456,1779641489.9240065,0.7827183604240417,703.9858445,,4380.0,,
,457,1779641490.978268,0.7787777185440063,705.0399743,,4390.0,,
,458,1779641492.0237627,0.7800344824790955,706.0854724,,4400.0,,
,459,1779641493.0755105,0.7654449343681335,707.1372187,,4410.0,,
,460,1779641494.1220486,0.7573257684707642,708.183776,,4420.0,,
,461,1779641495.1805801,0.7834194302558899,709.2423371,,4430.0,,
,462,1779641496.2385814,0.7891061305999756,710.3000863,,4440.0,,
,463,1779641497.2923748,0.7689118981361389,711.3540823,,4450.0,,
,464,1779641498.347793,0.8004955053329468,712.4095003,,4460.0,,
,465,1779641499.3886745,0.781318724155426,713.450382,,4470.0,,
,466,1779641500.4460182,0.763479471206665,714.50822,,4480.0,,
,467,1779641501.503175,0.7590308785438538,715.5648816,,4490.0,,
1.8585400581359863,468,1779641515.763645,,729.8263541,0.00012292491384519912,4500.0,0.5701195597648621,
,469,1779641515.8740988,0.7685568332672119,729.9358069,,4500.0,,
,470,1779641516.9139888,0.775103747844696,730.9761219,,4510.0,,
,471,1779641517.9677227,0.7888513207435608,732.0294351,,4520.0,,
,472,1779641519.0153596,0.7695284485816956,733.0778137,,4530.0,,
,473,1779641520.0615754,0.7736497521400452,734.1227773,,4540.0,,
,474,1779641521.1109664,0.7733705043792725,735.1726737,,4550.0,,
,475,1779641522.1678827,0.7667622566223145,736.2295898,,4560.0,,
,476,1779641523.2257743,0.7486586570739746,737.2875537,,4570.0,,
,477,1779641524.2831693,0.7532972097396851,738.3443712,,4580.0,,
,478,1779641525.3285966,0.7557536959648132,739.3913699,,4590.0,,
,479,1779641526.3793502,0.7919285893440247,740.4411157,,4600.0,,
,480,1779641527.4323661,0.7663596272468567,741.4940744,,4610.0,,
,481,1779641528.481891,0.7945848107337952,742.5435997,,4620.0,,
,482,1779641529.5272734,0.7848417162895203,743.5884754,,4630.0,,
,483,1779641530.5792165,0.7562246918678284,744.640924,,4640.0,,
,484,1779641531.642187,0.749843418598175,745.703893,,4650.0,,
,485,1779641532.6931665,0.750191330909729,746.7543686,,4660.0,,
,486,1779641533.7455924,0.7803427577018738,747.807375,,4670.0,,
,487,1779641534.7957892,0.753867506980896,748.8576438,,4680.0,,
,488,1779641535.8467386,0.7652091979980469,749.9090252,,4690.0,,
,489,1779641536.8960695,0.7707816958427429,750.9577757,,4700.0,,
,490,1779641537.9475067,0.7469189763069153,752.0092135,,4710.0,,
,491,1779641539.0063946,0.7608931660652161,753.0681016,,4720.0,,
,492,1779641540.0506976,0.7630028128623962,754.1128392,,4730.0,,
,493,1779641541.115336,0.74295574426651,755.1777293,,4740.0,,
1.8759242296218872,494,1779641555.3933277,,769.455292,0.00010576819746349742,4750.0,0.5485607385635376,
,495,1779641555.5030994,0.745597243309021,769.5650049,,4750.0,,
,496,1779641556.545959,0.7573325634002686,770.6071607,,4760.0,,
,497,1779641557.5962873,0.7500502467155457,771.6579939,,4770.0,,
,498,1779641558.6554105,0.7849962711334229,772.7176682,,4780.0,,
,499,1779641559.6949594,0.7571449279785156,773.756803,,4790.0,,
,500,1779641560.7435596,0.7813515067100525,774.805267,,4800.0,,
,501,1779641561.7959423,0.767266571521759,775.8578349,,4810.0,,
,502,1779641562.8692205,0.7714137434959412,776.9309267,,4820.0,,
,503,1779641563.9202297,0.746712327003479,777.9819363,,4830.0,,
,504,1779641564.9635665,0.7774474620819092,779.0254116,,4840.0,,
,505,1779641566.0159242,0.7486371397972107,780.0777189,,4850.0,,
,506,1779641567.0702434,0.7404374480247498,781.1319544,,4860.0,,
,507,1779641568.117356,0.76227205991745,782.1790626,,4870.0,,
,508,1779641569.1678345,0.753013014793396,783.2305088,,4880.0,,
,509,1779641570.2095025,0.7603722810745239,784.271209,,4890.0,,
,510,1779641571.2657871,0.7626452445983887,785.3278761,,4900.0,,
,511,1779641572.3132045,0.7286153435707092,786.3750551,,4910.0,,
,512,1779641573.3690684,0.7372855544090271,787.4307765,,4920.0,,
,513,1779641574.4189212,0.7552786469459534,788.4806279,,4930.0,,
,514,1779641575.4729989,0.7490164637565613,789.5347059,,4940.0,,
,515,1779641576.5236192,0.758631706237793,790.5855439,,4950.0,,
,516,1779641577.577859,0.769604504108429,791.6405661,,4960.0,,
,517,1779641578.6337168,0.7471606135368347,792.6954345,,4970.0,,
,518,1779641579.6812294,0.7436424493789673,793.742936,,4980.0,,
,519,1779641580.7307212,0.7461089491844177,794.7924284,,4990.0,,
1.8930504322052002,520,1779641594.9999568,,809.0616672,0.0001,5000.0,0.5340456962585449,
,521,1779641595.108198,0.7587977647781372,809.1702423,,5000.0,,
,522,1779641595.7473633,,809.8095745,,,,"{'path': 'media/html/Sample Generation_522_d3b11852819d5e9050db.html', 'size': 274, '_type': 'html-file', 'sha256': 'd3b11852819d5e9050db2ecccd20df202b90ed1e314f47b811fa52b6e8d114d2'}"
