iter,_step,Sample Generation,lr,_runtime,train/step_loss,val/loss,_timestamp,train/loss
0.0,0,,9.900990099009901e-06,11.8123139,,4.252955913543701,1779628176.2735038,4.254281997680664
0.0,1,,,11.9130046,4.25850772857666,,1779628176.3749447,
10.0,2,,,12.7606487,3.4157681465148926,,1779628177.2226968,
20.0,3,,,13.6073511,3.3389840126037598,,1779628178.0694015,
30.0,4,,,14.4541175,3.3231053352355957,,1779628178.9155667,
40.0,5,,,15.3034439,3.308804512023926,,1779628179.7652218,
50.0,6,,,16.1548979,3.3283910751342773,,1779628180.6166732,
60.0,7,,,17.0012823,3.3306283950805664,,1779628181.463318,
70.0,8,,,17.8479276,3.2865405082702637,,1779628182.310485,
80.0,9,,,18.6949824,3.3119068145751953,,1779628183.1567795,
90.0,10,,,19.5426088,3.303147315979004,,1779628184.004548,
100.0,11,,,20.3952737,3.315763473510742,,1779628184.8562634,
110.0,12,,,21.2462045,3.321338653564453,,1779628185.7082548,
120.0,13,,,22.0972427,3.3060126304626465,,1779628186.5590942,
130.0,14,,,22.9551255,3.315080165863037,,1779628187.417122,
140.0,15,,,23.8075675,3.3181910514831543,,1779628188.2694812,
150.0,16,,,24.6684194,3.283482551574707,,1779628189.1301482,
160.0,17,,,25.5208216,3.2918715476989746,,1779628189.9818645,
170.0,18,,,26.3848307,3.305576801300049,,1779628190.8468833,
180.0,19,,,27.2388196,3.314724922180176,,1779628191.700584,
190.0,20,,,28.0987095,3.34114933013916,,1779628192.5605018,
200.0,21,,,28.9592773,3.2844157218933105,,1779628193.421325,
210.0,22,,,29.8214233,3.3251771926879883,,1779628194.2834725,
220.0,23,,,30.6905175,3.3222126960754395,,1779628195.1523538,
230.0,24,,,31.5534992,3.3183374404907227,,1779628196.0152068,
240.0,25,,,32.4280769,3.2728867530822754,,1779628196.8897624,
250.0,26,,0.0009979206008271391,44.5290384,,3.3569910526275635,1779628208.990031,3.31673526763916
250.0,27,,,44.6176249,3.3259496688842773,,1779628209.0796752,
260.0,28,,,45.482221,3.302717685699463,,1779628209.9442434,
270.0,29,,,46.3617772,3.2999191284179688,,1779628210.8238273,
280.0,30,,,47.2416401,3.3222765922546387,,1779628211.7032628,
290.0,31,,,48.1346481,3.288268566131592,,1779628212.5958943,
300.0,32,,,49.0159944,3.3045501708984375,,1779628213.4774742,
310.0,33,,,49.8978911,3.30263090133667,,1779628214.3593166,
320.0,34,,,50.7964393,3.3472204208374023,,1779628215.2584908,
330.0,35,,,51.6780518,3.3126978874206543,,1779628216.1401033,
340.0,36,,,52.5518995,3.3146371841430664,,1779628217.0138426,
350.0,37,,,53.4426165,3.299424171447754,,1779628217.9046664,
360.0,38,,,54.3205958,3.303041934967041,,1779628218.7824275,
370.0,39,,,55.20239,3.3099985122680664,,1779628219.6642702,
380.0,40,,,56.0864489,3.2939376831054688,,1779628220.548243,
390.0,41,,,56.9374596,3.2813773155212402,,1779628221.3995109,
400.0,42,,,57.7657053,3.3400235176086426,,1779628222.2275145,
410.0,43,,,58.5848673,3.323563575744629,,1779628223.0469203,
420.0,44,,,59.4010563,3.32625675201416,,1779628223.8630059,
430.0,45,,,60.2226829,3.2928051948547363,,1779628224.6837184,
440.0,46,,,61.0511695,3.3296236991882324,,1779628225.5129883,
450.0,47,,,61.8780686,3.3454785346984863,,1779628226.3401163,
460.0,48,,,62.7136932,3.302964210510254,,1779628227.175747,
470.0,49,,,63.5360075,3.288264751434326,,1779628227.9980602,
480.0,50,,,64.364346,3.3013410568237305,,1779628228.8257096,
490.0,51,,,65.1881665,3.3061327934265137,,1779628229.6496122,
500.0,52,,0.0009852826883675631,76.6747696,,3.357835054397583,1779628241.1363332,3.3164126873016357
500.0,53,,,76.7612306,3.304511547088623,,1779628241.2232637,
510.0,54,,,77.5846499,3.304391860961914,,1779628242.046725,
520.0,55,,,78.4103502,3.317845344543457,,1779628242.8724,
530.0,56,,,79.2293659,3.306489944458008,,1779628243.691417,
540.0,57,,,80.0518512,3.316039562225342,,1779628244.5138655,
550.0,58,,,80.8703017,3.315434455871582,,1779628245.332354,
560.0,59,,,81.6889238,3.340879440307617,,1779628246.1504786,
570.0,60,,,82.5094928,3.3147711753845215,,1779628246.971499,
580.0,61,,,83.3822406,3.345865249633789,,1779628247.8442569,
590.0,62,,,84.2583895,3.324927806854248,,1779628248.72044,
600.0,63,,,85.1391013,3.3325672149658203,,1779628249.601151,
610.0,64,,,86.0154139,3.304708480834961,,1779628250.476419,
620.0,65,,,86.8985875,3.3266892433166504,,1779628251.36064,
630.0,66,,,87.7906769,3.2867631912231445,,1779628252.2527285,
640.0,67,,,88.6732282,3.3051438331604004,,1779628253.1345308,
650.0,68,,,89.555447,3.3068947792053223,,1779628254.017117,
660.0,69,,,90.437303,3.301302433013916,,1779628254.8990552,
670.0,70,,,91.305926,3.306741714477539,,1779628255.7668622,
680.0,71,,,92.1786659,3.295058250427246,,1779628256.6399157,
690.0,72,,,93.053538,3.3255128860473633,,1779628257.515588,
700.0,73,,,93.9293966,3.3219971656799316,,1779628258.3909867,
710.0,74,,,94.7760617,3.327821731567383,,1779628259.2381136,
720.0,75,,,95.6071101,3.3306884765625,,1779628260.0691605,
730.0,76,,,96.4352934,3.3037118911743164,,1779628260.8972514,
740.0,77,,,97.2528101,3.34169340133667,,1779628261.7146974,
750.0,78,,0.0009614856803571157,109.2279054,,3.356119155883789,1779628273.6900525,3.31453275680542
750.0,79,,,109.3193548,3.3041181564331055,,1779628273.7807639,
760.0,80,,,110.2123775,3.323209762573242,,1779628274.6744297,
770.0,81,,,111.0943818,3.335780620574951,,1779628275.555694,
780.0,82,,,111.9810011,3.3307881355285645,,1779628276.4430459,
790.0,83,,,112.8753198,3.3039565086364746,,1779628277.336879,
800.0,84,,,113.752498,3.293806552886963,,1779628278.2145514,
810.0,85,,,114.6306634,3.3165974617004395,,1779628279.0925472,
820.0,86,,,115.5032792,3.3109655380249023,,1779628279.9653296,
830.0,87,,,116.3771294,3.3074722290039062,,1779628280.839072,
840.0,88,,,117.2641457,3.269334316253662,,1779628281.7261033,
850.0,89,,,118.1365549,3.2794485092163086,,1779628282.598607,
860.0,90,,,119.0136547,3.325375556945801,,1779628283.4751568,
870.0,91,,,119.8955835,3.3256592750549316,,1779628284.3559034,
880.0,92,,,120.7736996,3.3141303062438965,,1779628285.2356837,
890.0,93,,,121.6489904,3.3104705810546875,,1779628286.1108067,
900.0,94,,,122.5251939,3.3087921142578125,,1779628286.9870925,
910.0,95,,,123.398678,3.2777771949768066,,1779628287.8607302,
920.0,96,,,124.2380587,3.2907981872558594,,1779628288.699587,
930.0,97,,,125.1296218,3.3032946586608887,,1779628289.5909998,
940.0,98,,,126.0137356,3.3298678398132324,,1779628290.4757798,
950.0,99,,,126.9172464,3.3012442588806152,,1779628291.3792002,
960.0,100,,,127.809427,3.3243231773376465,,1779628292.2714434,
970.0,101,,,128.697458,3.310039520263672,,1779628293.1594498,
980.0,102,,,129.5798094,3.3428616523742676,,1779628294.042367,
990.0,103,,,130.47013,3.325037956237793,,1779628294.9316845,
1000.0,104,,0.0009271396472013282,142.7526391,,3.363107204437256,1779628307.2139282,3.3208539485931396
1000.0,105,,,142.8448069,3.3133935928344727,,1779628307.3067465,
1010.0,106,,,143.7393869,3.3102593421936035,,1779628308.201439,
1020.0,107,,,144.6144151,3.2915682792663574,,1779628309.0764637,
1030.0,108,,,145.4919256,3.275603771209717,,1779628309.9534762,
1040.0,109,,,146.3671268,3.315840721130371,,1779628310.8291776,
1050.0,110,,,147.1921185,3.341219902038574,,1779628311.6540658,
1060.0,111,,,148.034137,3.312206268310547,,1779628312.4961882,
1070.0,112,,,148.867175,3.3195858001708984,,1779628313.329206,
1080.0,113,,,149.6910718,3.333064556121826,,1779628314.1531239,
1090.0,114,,,150.5354707,3.322235584259033,,1779628314.996946,
1100.0,115,,,151.4319021,3.308971881866455,,1779628315.8938825,
1110.0,116,,,152.317526,3.332812786102295,,1779628316.7786849,
1120.0,117,,,153.2111098,3.32747745513916,,1779628317.6730056,
1130.0,118,,,154.0935452,3.332519054412842,,1779628318.5549371,
1140.0,119,,,154.9761425,3.299373149871826,,1779628319.4379694,
1150.0,120,,,155.8589764,3.289142608642578,,1779628320.3208675,
1160.0,121,,,156.7442672,3.325254440307617,,1779628321.2060883,
1170.0,122,,,157.6344692,3.296966552734375,,1779628322.096336,
1180.0,123,,,158.542428,3.3167195320129395,,1779628323.0044794,
1190.0,124,,,159.4277063,3.311807632446289,,1779628323.8896675,
1200.0,125,,,160.3145956,3.3120694160461426,,1779628324.776403,
1210.0,126,,,161.2044845,3.310561180114746,,1779628325.6659508,
1220.0,127,,,162.0670267,3.306276321411133,,1779628326.528689,
1230.0,128,,,162.9228461,3.318877696990967,,1779628327.384897,
1240.0,129,,,163.7795911,3.346921443939209,,1779628328.2416408,
1250.0,130,,0.000883125098683892,175.5482626,,3.36080265045166,1779628340.0093665,3.319542169570923
1250.0,131,,,175.6412485,3.294376850128174,,1779628340.103806,
1260.0,132,,,176.550787,3.3068771362304688,,1779628341.0118291,
1270.0,133,,,177.4412961,3.3049259185791016,,1779628341.9038537,
1280.0,134,,,178.3239638,3.318441390991211,,1779628342.7857797,
1290.0,135,,,179.2039384,3.306105136871338,,1779628343.6659904,
1300.0,136,,,180.0800625,3.3510913848876953,,1779628344.542116,
1310.0,137,,,180.9552619,3.3258090019226074,,1779628345.4173138,
1320.0,138,,,181.8322939,3.2719717025756836,,1779628346.2943475,
1330.0,139,,,182.7154251,3.2669596672058105,,1779628347.1774726,
1340.0,140,,,183.599387,3.2707509994506836,,1779628348.0614395,
1350.0,141,,,184.4937505,3.345463275909424,,1779628348.9558039,
1360.0,142,,,185.3731778,3.3296899795532227,,1779628349.8352308,
1370.0,143,,,186.2547801,3.320225715637207,,1779628350.7166467,
1380.0,144,,,187.1291659,3.2866058349609375,,1779628351.5913718,
1390.0,145,,,188.0051306,3.3186960220336914,,1779628352.4671755,
1400.0,146,,,188.8871307,3.327159881591797,,1779628353.349183,
1410.0,147,,,189.7594999,3.2965660095214844,,1779628354.2220576,
1420.0,148,,,190.6416605,3.3411221504211426,,1779628355.1031325,
1430.0,149,,,191.5185984,3.324336051940918,,1779628355.9803662,
1440.0,150,,,192.3974172,3.2900142669677734,,1779628356.8594663,
1450.0,151,,,193.2788519,3.3133511543273926,,1779628357.7409043,
1460.0,152,,,194.1516186,3.2912635803222656,,1779628358.6136174,
1470.0,153,,,195.0259737,3.320436954498291,,1779628359.4880269,
1480.0,154,,,195.9114287,3.3143110275268555,,1779628360.373478,
1490.0,155,,,196.7829333,3.3184032440185547,,1779628361.2449846,
1500.0,156,,0.0008305704108364302,208.6042573,,3.3617327213287354,1779628373.0660558,3.317777395248413
1500.0,157,,,208.695029,3.323613166809082,,1779628373.1566763,
1510.0,158,,,209.5678341,3.2961201667785645,,1779628374.0298867,
1520.0,159,,,210.446486,3.361945152282715,,1779628374.9085393,
1530.0,160,,,211.3205817,3.291484832763672,,1779628375.7823868,
1540.0,161,,,212.1930827,3.308391571044922,,1779628376.6542752,
1550.0,162,,,213.0740513,3.3129987716674805,,1779628377.5366087,
1560.0,163,,,213.9532214,3.302225112915039,,1779628378.4149806,
1570.0,164,,,214.8353858,3.2842564582824707,,1779628379.2967858,
1580.0,165,,,215.7135691,3.3303046226501465,,1779628380.1756225,
1590.0,166,,,216.5906322,3.3235955238342285,,1779628381.0519845,
1600.0,167,,,217.4618036,3.3233914375305176,,1779628381.9233127,
1610.0,168,,,218.3353951,3.3091325759887695,,1779628382.7974458,
1620.0,169,,,219.2149898,3.3083457946777344,,1779628383.6770437,
1630.0,170,,,220.0965969,3.2751665115356445,,1779628384.558512,
1640.0,171,,,220.9684552,3.29042911529541,,1779628385.4305055,
1650.0,172,,,221.852895,3.3106727600097656,,1779628386.314948,
1660.0,173,,,222.7351943,3.2932310104370117,,1779628387.197249,
1670.0,174,,,223.6004301,3.316830635070801,,1779628388.0624828,
1680.0,175,,,224.4826226,3.314584732055664,,1779628388.9446754,
1690.0,176,,,225.3569374,3.323808193206787,,1779628389.819495,
1700.0,177,,,226.2268404,3.3014960289001465,,1779628390.689059,
1710.0,178,,,227.1266791,3.3158035278320312,,1779628391.5878086,
1720.0,179,,,228.0035424,3.303161144256592,,1779628392.4655938,
1730.0,180,,,228.8899227,3.308699607849121,,1779628393.3519738,
1740.0,181,,,229.8029724,3.3381571769714355,,1779628394.264448,
1750.0,182,,0.0007708228984017721,241.815375,,3.3577206134796143,1779628406.2765005,3.3155157566070557
1750.0,183,,,241.9050811,3.3103785514831543,,1779628406.3665664,
1760.0,184,,,242.7837691,3.3123183250427246,,1779628407.2458217,
1770.0,185,,,243.6547137,3.3051109313964844,,1779628408.1167665,
1780.0,186,,,244.5330704,3.3244471549987793,,1779628408.9941802,
1790.0,187,,,245.4171682,3.30621337890625,,1779628409.87882,
1800.0,188,,,246.2946783,3.2948756217956543,,1779628410.7566946,
1810.0,189,,,247.17219,3.296949863433838,,1779628411.6342423,
1820.0,190,,,248.0478629,3.2869858741760254,,1779628412.5099149,
1830.0,191,,,248.9324323,3.2767386436462402,,1779628413.394483,
1840.0,192,,,249.8148924,3.2989859580993652,,1779628414.2769454,
1850.0,193,,,250.6894797,3.3090548515319824,,1779628415.1515317,
1860.0,194,,,251.565663,3.319298267364502,,1779628416.0271661,
1870.0,195,,,252.4467395,3.3391637802124023,,1779628416.9081907,
1880.0,196,,,253.3225303,3.3266353607177734,,1779628417.7845824,
1890.0,197,,,254.2043075,3.2914175987243652,,1779628418.666454,
1900.0,198,,,255.0839434,3.3231191635131836,,1779628419.5452569,
1910.0,199,,,255.9561011,3.3121042251586914,,1779628420.4181163,
1920.0,200,,,256.8330502,3.32625150680542,,1779628421.2951002,
1930.0,201,,,257.7153351,3.3090434074401855,,1779628422.1773047,
1940.0,202,,,258.6025929,3.299924850463867,,1779628423.0640922,
1950.0,203,,,259.482156,3.2836480140686035,,1779628423.9442058,
1960.0,204,,,260.3587973,3.309591293334961,,1779628424.8213549,
1970.0,205,,,261.2493357,3.315736770629883,,1779628425.7113886,
1980.0,206,,,262.1301558,3.290003776550293,,1779628426.5922065,
1990.0,207,,,263.0145814,3.297077178955078,,1779628427.476522,
2000.0,208,,0.0007054142744895884,274.8258847,,3.360692024230957,1779628439.2876024,3.3153531551361084
2000.0,209,,,274.9167507,3.3180227279663086,,1779628439.3793082,
2010.0,210,,,275.8079567,3.2771005630493164,,1779628440.2700062,
2020.0,211,,,276.7176387,3.3034934997558594,,1779628441.179692,
2030.0,212,,,277.5909682,3.3287391662597656,,1779628442.052856,
2040.0,213,,,278.4725141,3.293092727661133,,1779628442.9345663,
2050.0,214,,,279.3531682,3.312857151031494,,1779628443.8152215,
2060.0,215,,,280.2316718,3.308856964111328,,1779628444.6934938,
2070.0,216,,,281.1064138,3.327643871307373,,1779628445.5689712,
2080.0,217,,,281.9939056,3.28255033493042,,1779628446.4559586,
2090.0,218,,,282.8657534,3.3055639266967773,,1779628447.3278027,
2100.0,219,,,283.7396022,3.320462226867676,,1779628448.201411,
2110.0,220,,,284.622432,3.2986350059509277,,1779628449.0844398,
2120.0,221,,,285.5054636,3.3584818840026855,,1779628449.967511,
2130.0,222,,,286.3782684,3.3091282844543457,,1779628450.8397434,
2140.0,223,,,287.2593439,3.3182578086853027,,1779628451.7208056,
2150.0,224,,,288.1364693,3.2896814346313477,,1779628452.5983286,
2160.0,225,,,289.0084772,3.334310531616211,,1779628453.47053,
2170.0,226,,,289.8948222,3.3007826805114746,,1779628454.3568757,
2180.0,227,,,290.7685736,3.321542263031006,,1779628455.2306259,
2190.0,228,,,291.6614053,3.3001365661621094,,1779628456.1234326,
2200.0,229,,,292.5575051,3.3316264152526855,,1779628457.019278,
2210.0,230,,,293.4445755,3.337027072906494,,1779628457.9066267,
2220.0,231,,,294.327456,3.3311896324157715,,1779628458.7894776,
2230.0,232,,,295.2125948,3.3138794898986816,,1779628459.674457,
2240.0,233,,,296.0851536,3.3062238693237305,,1779628460.5472043,
2250.0,234,,0.0006360213829156177,307.9366203,,3.36055326461792,1779628472.3980618,3.319500684738159
2250.0,235,,,308.0297584,3.28389835357666,,1779628472.4918118,
2260.0,236,,,308.9086389,3.3249454498291016,,1779628473.3700728,
2270.0,237,,,309.782812,3.327711582183838,,1779628474.2448575,
2280.0,238,,,310.6581404,3.3106331825256348,,1779628475.1201513,
2290.0,239,,,311.538012,3.2812161445617676,,1779628476.0000708,
2300.0,240,,,312.4171119,3.305894374847412,,1779628476.8790097,
2310.0,241,,,313.2970045,3.316638946533203,,1779628477.7589295,
2320.0,242,,,314.1700703,3.2843918800354004,,1779628478.6321218,
2330.0,243,,,315.0541266,3.311936855316162,,1779628479.51618,
2340.0,244,,,315.935126,3.33383846282959,,1779628480.3964226,
2350.0,245,,,316.8141585,3.3146157264709473,,1779628481.2758195,
2360.0,246,,,317.6899121,3.2961959838867188,,1779628482.151965,
2370.0,247,,,318.563646,3.332855224609375,,1779628483.0262034,
2380.0,248,,,319.4457018,3.3110437393188477,,1779628483.9076488,
2390.0,249,,,320.3352526,3.2889347076416016,,1779628484.7963095,
2400.0,250,,,321.2155447,3.2910122871398926,,1779628485.677597,
2410.0,251,,,322.0965872,3.3257031440734863,,1779628486.5586395,
2420.0,252,,,322.9769487,3.3032054901123047,,1779628487.4389305,
2430.0,253,,,323.851305,3.309638500213623,,1779628488.3133564,
2440.0,254,,,324.7278468,3.307398796081543,,1779628489.1898987,
2450.0,255,,,325.6052153,3.340017795562744,,1779628490.0672674,
2460.0,256,,,326.4873761,3.312671184539795,,1779628490.9494283,
2470.0,257,,,327.3595955,3.310793399810791,,1779628491.8213818,
2480.0,258,,,328.2363326,3.2904019355773926,,1779628492.6983845,
2490.0,259,,,329.1152882,3.300619125366211,,1779628493.5764697,
2500.0,260,,0.000564423209907245,340.935516,,3.366250514984131,1779628505.3976479,3.3245913982391357
2500.0,261,,,341.0257108,3.3079123497009277,,1779628505.4876795,
2510.0,262,,,341.9061662,3.368715286254883,,1779628506.367286,
2520.0,263,,,342.7865989,3.2864294052124023,,1779628507.248153,
2530.0,264,,,343.6625968,3.3416171073913574,,1779628508.124632,
2540.0,265,,,344.5439302,3.319100856781006,,1779628509.0044527,
2550.0,266,,,345.4147974,3.3054003715515137,,1779628509.8768187,
2560.0,267,,,346.2880992,3.3095388412475586,,1779628510.7501068,
2570.0,268,,,347.1702851,3.326801300048828,,1779628511.6323373,
2580.0,269,,,348.0983709,3.3321213722229004,,1779628512.560424,
2590.0,270,,,348.9939163,3.3493175506591797,,1779628513.4558432,
2600.0,271,,,349.9435571,3.307072639465332,,1779628514.403975,
2610.0,272,,,350.8536223,3.32236385345459,,1779628515.3161798,
2620.0,273,,,351.7675399,3.2893261909484863,,1779628516.2295916,
2630.0,274,,,352.6770091,3.3022265434265137,,1779628517.1388535,
2640.0,275,,,353.5735497,3.3065366744995117,,1779628518.035397,
2650.0,276,,,354.44517,3.32657527923584,,1779628518.9065757,
2660.0,277,,,355.3262638,3.305227279663086,,1779628519.7882953,
2670.0,278,,,356.2051807,3.3101696968078613,,1779628520.666911,
2680.0,279,,,357.1052544,3.296144962310791,,1779628521.5673032,
2690.0,280,,,357.9934795,3.314216136932373,,1779628522.4555328,
2700.0,281,,,358.8704117,3.317765235900879,,1779628523.3311808,
2710.0,282,,,359.7525652,3.317228317260742,,1779628524.2144613,
2720.0,283,,,360.6276724,3.345539093017578,,1779628525.0897038,
2730.0,284,,,361.5012262,3.3193960189819336,,1779628525.962729,
2740.0,285,,,362.3871824,3.268794059753418,,1779628526.8492355,
2750.0,286,,0.0004924552772419723,374.2105485,,3.351850986480713,1779628538.6723552,3.311802864074707
2750.0,287,,,374.3004087,3.3170576095581055,,1779628538.762315,
2760.0,288,,,375.1875749,3.309436798095703,,1779628539.6493642,
2770.0,289,,,376.0597311,3.2903060913085938,,1779628540.5217605,
2780.0,290,,,376.9486838,3.2788987159729004,,1779628541.4107368,
2790.0,291,,,377.8314227,3.2822093963623047,,1779628542.2934754,
2800.0,292,,,378.6974743,3.2983999252319336,,1779628543.1595776,
2810.0,293,,,379.5817448,3.310128688812256,,1779628544.0437386,
2820.0,294,,,380.4633133,3.269993782043457,,1779628544.9253502,
2830.0,295,,,381.3450989,3.2793989181518555,,1779628545.8071356,
2840.0,296,,,382.2285463,3.328378200531006,,1779628546.6901278,
2850.0,297,,,383.1085268,3.2957849502563477,,1779628547.5700142,
2860.0,298,,,383.9855702,3.3529891967773438,,1779628548.4466596,
2870.0,299,,,384.8620983,3.3223280906677246,,1779628549.3241498,
2880.0,300,,,385.7335486,3.2946205139160156,,1779628550.194899,
2890.0,301,,,386.6128062,3.321864604949951,,1779628551.0746908,
2900.0,302,,,387.4893035,3.261711597442627,,1779628551.950855,
2910.0,303,,,388.364871,3.3116445541381836,,1779628552.8269236,
2920.0,304,,,389.2525776,3.30269718170166,,1779628553.7146263,
2930.0,305,,,390.129441,3.3042545318603516,,1779628554.5913947,
2940.0,306,,,391.0064599,3.2697219848632812,,1779628555.4690173,
2950.0,307,,,391.8890206,3.3419179916381836,,1779628556.351578,
2960.0,308,,,392.7756992,3.290820598602295,,1779628557.237489,
2970.0,309,,,393.6613602,3.2940597534179688,,1779628558.123197,
2980.0,310,,,394.5414764,3.2952208518981934,,1779628559.0035298,
2990.0,311,,,395.4177573,3.2860326766967773,,1779628559.8798103,
3000.0,312,,0.0004219625860160354,407.2798463,,3.3590054512023926,1779628571.7409687,3.316117525100708
3000.0,313,,,407.3723272,3.2760133743286133,,1779628571.8338907,
3010.0,314,,,408.2563516,3.308096408843994,,1779628572.7182982,
3020.0,315,,,409.1361713,3.2944583892822266,,1779628573.5976834,
3030.0,316,,,410.0218736,3.294429302215576,,1779628574.483925,
3040.0,317,,,410.8946696,3.291731834411621,,1779628575.3565905,
3050.0,318,,,411.7735122,3.321967124938965,,1779628576.2355635,
3060.0,319,,,412.6555447,3.3088955879211426,,1779628577.1175504,
3070.0,320,,,413.540539,3.3264122009277344,,1779628578.0015912,
3080.0,321,,,414.4259597,3.3095059394836426,,1779628578.8877892,
3090.0,322,,,415.3046038,3.311563491821289,,1779628579.7662406,
3100.0,323,,,416.1897028,3.3257832527160645,,1779628580.6516488,
3110.0,324,,,417.0719342,3.3099288940429688,,1779628581.5334127,
3120.0,325,,,417.9526106,3.2825307846069336,,1779628582.4146633,
3130.0,326,,,418.8271706,3.298095226287842,,1779628583.2892241,
3140.0,327,,,419.704926,3.3093056678771973,,1779628584.1669776,
3150.0,328,,,420.5911875,3.298326015472412,,1779628585.05307,
3160.0,329,,,421.4668105,3.3136396408081055,,1779628585.9280758,
3170.0,330,,,422.3449098,3.309441089630127,,1779628586.8069608,
3180.0,331,,,423.2187798,3.3182568550109863,,1779628587.6806636,
3190.0,332,,,424.0935471,3.290923595428467,,1779628588.5556002,
3200.0,333,,,424.9764521,3.309957504272461,,1779628589.4377098,
3210.0,334,,,425.84845,3.3116207122802734,,1779628590.3105004,
3220.0,335,,,426.7280858,3.2893409729003906,,1779628591.1901388,
3230.0,336,,,427.6002506,3.333139419555664,,1779628592.0623055,
3240.0,337,,,428.4764889,3.304633617401123,,1779628592.9376924,
3250.0,338,,0.00035475231739709885,440.3036973,,3.3564136028289795,1779628604.7647316,3.317870855331421
3250.0,339,,,440.3963651,3.309997081756592,,1779628604.8580177,
3260.0,340,,,441.2649571,3.3323283195495605,,1779628605.7270098,
3270.0,341,,,442.1414559,3.2892212867736816,,1779628606.603507,
3280.0,342,,,443.0234668,3.3056640625,,1779628607.4854443,
3290.0,343,,,443.8950493,3.2954883575439453,,1779628608.3565004,
3300.0,344,,,444.7755285,3.306880474090576,,1779628609.2375796,
3310.0,345,,,445.6507053,3.282011032104492,,1779628610.1126842,
3320.0,346,,,446.5268817,3.365767002105713,,1779628610.9881418,
3330.0,347,,,447.4175986,3.323056697845459,,1779628611.8796048,
3340.0,348,,,448.2904903,3.310046672821045,,1779628612.7525427,
3350.0,349,,,449.1627384,3.320897102355957,,1779628613.6247919,
3360.0,350,,,450.0426233,3.2988977432250977,,1779628614.5041203,
3370.0,351,,,450.9189182,3.3143444061279297,,1779628615.3807373,
3380.0,352,,,451.8035416,3.312140464782715,,1779628616.2655954,
3390.0,353,,,452.6753123,3.3379173278808594,,1779628617.1373644,
3400.0,354,,,453.5566809,3.269005298614502,,1779628618.0187333,
3410.0,355,,,454.428201,3.3406758308410645,,1779628618.8902545,
3420.0,356,,,455.3008142,3.3256802558898926,,1779628619.7628486,
3430.0,357,,,456.1875094,3.310925006866455,,1779628620.6494174,
3440.0,358,,,457.0606874,3.3225603103637695,,1779628621.5226653,
3450.0,359,,,457.9481148,3.3091483116149902,,1779628622.4106724,
3460.0,360,,,458.8236729,3.3050642013549805,,1779628623.2862306,
3470.0,361,,,459.6970236,3.319305419921875,,1779628624.1589015,
3480.0,362,,,460.5744002,3.3109793663024902,,1779628625.0355816,
3490.0,363,,,461.4514985,3.3133983612060547,,1779628625.9135375,
3500.0,364,,0.0002925475029450237,473.2875618,,3.3667244911193848,1779628637.7486107,3.3179140090942383
3500.0,365,,,473.3772928,3.3297719955444336,,1779628637.8384879,
3510.0,366,,,474.2523709,3.3254470825195312,,1779628638.7142475,
3520.0,367,,,475.1261233,3.3187761306762695,,1779628639.587604,
3530.0,368,,,475.9974789,3.3491907119750977,,1779628640.4595315,
3540.0,369,,,476.8715258,3.289987564086914,,1779628641.3335783,
3550.0,370,,,477.7502778,3.299583911895752,,1779628642.2123306,
3560.0,371,,,478.6409327,3.2764430046081543,,1779628643.1019762,
3570.0,372,,,479.5171563,3.3238048553466797,,1779628643.9792073,
3580.0,373,,,480.4025997,3.2942605018615723,,1779628644.8640845,
3590.0,374,,,481.2886143,3.3152546882629395,,1779628645.750583,
3600.0,375,,,482.1619116,3.3072361946105957,,1779628646.623813,
3610.0,376,,,483.0493979,3.316525459289551,,1779628647.5114315,
3620.0,377,,,483.9190954,3.2809700965881348,,1779628648.380726,
3630.0,378,,,484.799231,3.3293991088867188,,1779628649.2612846,
3640.0,379,,,485.6832583,3.300938606262207,,1779628650.1447988,
3650.0,380,,,486.5522432,3.2932753562927246,,1779628651.013682,
3660.0,381,,,487.4382185,3.328774929046631,,1779628651.9000895,
3670.0,382,,,488.3143346,3.286865711212158,,1779628652.776387,
3680.0,383,,,489.1968883,3.3200178146362305,,1779628653.658939,
3690.0,384,,,490.0940185,3.318755626678467,,1779628654.556576,
3700.0,385,,,490.9726083,3.3325862884521484,,1779628655.4351656,
3710.0,386,,,491.8481862,3.3129453659057617,,1779628656.3100638,
3720.0,387,,,492.7461739,3.3184328079223633,,1779628657.2082276,
3730.0,388,,,493.6185391,3.2882323265075684,,1779628658.080567,
3740.0,389,,,494.5004512,3.3232879638671875,,1779628658.9624786,
3750.0,390,,0.00023694285222843113,506.3429999,,3.3614072799682617,1779628670.8045495,3.3138201236724854
3750.0,391,,,506.4315933,3.3075613975524902,,1779628670.8936412,
3760.0,392,,,507.3299714,3.3347463607788086,,1779628671.791413,
3770.0,393,,,508.2233791,3.3483729362487793,,1779628672.685219,
3780.0,394,,,509.1085066,3.3042612075805664,,1779628673.5703797,
3790.0,395,,,510.0136998,3.2875142097473145,,1779628674.4762573,
3800.0,396,,,510.9220276,3.3304824829101562,,1779628675.3845851,
3810.0,397,,,511.8003755,3.3015589714050293,,1779628676.2621007,
3820.0,398,,,512.7027457,3.2915406227111816,,1779628677.1647196,
3830.0,399,,,513.6227955,3.3263044357299805,,1779628678.0848482,
3840.0,400,,,514.5331767,3.2971959114074707,,1779628678.9952288,
3850.0,401,,,515.4744953,3.3248462677001953,,1779628679.9365458,
3860.0,402,,,516.3805713,3.3206400871276855,,1779628680.8426244,
3870.0,403,,,517.2780027,3.307380199432373,,1779628681.7400522,
3880.0,404,,,518.1579197,3.3346080780029297,,1779628682.6197217,
3890.0,405,,,519.0384672,3.331681251525879,,1779628683.4985292,
3900.0,406,,,519.9243577,3.2926254272460938,,1779628684.3863726,
3910.0,407,,,520.8183841,3.31833553314209,,1779628685.2802944,
3920.0,408,,,521.6959179,3.2858572006225586,,1779628686.1577737,
3930.0,409,,,522.5824115,3.3139567375183105,,1779628687.0438654,
3940.0,410,,,523.4533439,3.344703197479248,,1779628687.9153962,
3950.0,411,,,524.3260993,3.309696674346924,,1779628688.7881503,
3960.0,412,,,525.2678515,3.297201156616211,,1779628689.7289338,
3970.0,413,,,526.187035,3.2839760780334473,,1779628690.6489902,
3980.0,414,,,527.0833934,3.3356099128723145,,1779628691.545309,
3990.0,415,,,527.9681302,3.3600854873657227,,1779628692.4301794,
4000.0,416,,0.00018936387015941957,539.9365643,,3.3552792072296143,1779628704.399122,3.310460090637207
4000.0,417,,,540.0329945,3.2979116439819336,,1779628704.4945903,
4010.0,418,,,540.9164333,3.2939772605895996,,1779628705.3784826,
4020.0,419,,,541.8012001,3.314876079559326,,1779628706.263063,
4030.0,420,,,542.6951081,3.33162260055542,,1779628707.1571593,
4040.0,421,,,543.5725929,3.3083062171936035,,1779628708.0345805,
4050.0,422,,,544.449596,3.2957143783569336,,1779628708.9116483,
4060.0,423,,,545.3291423,3.31404447555542,,1779628709.7916996,
4070.0,424,,,546.2171191,3.319582939147949,,1779628710.6788344,
4080.0,425,,,547.1476437,3.34275484085083,,1779628711.6096463,
4090.0,426,,,548.0570521,3.2833428382873535,,1779628712.5191054,
4100.0,427,,,548.9545825,3.3102264404296875,,1779628713.4158075,
4110.0,428,,,549.870016,3.319206714630127,,1779628714.3320694,
4120.0,429,,,550.7697553,3.326162815093994,,1779628715.230758,
4130.0,430,,,551.6475671,3.3410801887512207,,1779628716.1098237,
4140.0,431,,,552.5288249,3.2908716201782227,,1779628716.9903173,
4150.0,432,,,553.5017007,3.285633087158203,,1779628717.9637535,
4160.0,433,,,554.3838629,3.2942700386047363,,1779628718.8453217,
4170.0,434,,,555.2621328,3.3351969718933105,,1779628719.7241848,
4180.0,435,,,556.1441027,3.3208932876586914,,1779628720.6061563,
4190.0,436,,,557.0241813,3.3014750480651855,,1779628721.485832,
4200.0,437,,,557.9169032,3.3330750465393066,,1779628722.378924,
4210.0,438,,,558.792118,3.324359893798828,,1779628723.2541683,
4220.0,439,,,559.6717449,3.321287155151367,,1779628724.1337945,
4230.0,440,,,560.5526622,3.2888665199279785,,1779628725.0144827,
4240.0,441,,,561.4255976,3.285628318786621,,1779628725.8873923,
4250.0,442,,0.00015103031213214996,573.2995092,,3.3577699661254883,1779628737.7615297,3.3152966499328613
4250.0,443,,,573.3916013,3.337442398071289,,1779628737.8530176,
4260.0,444,,,574.3036368,3.3103575706481934,,1779628738.7655108,
4270.0,445,,,575.2083697,3.3202457427978516,,1779628739.6702564,
4280.0,446,,,576.087183,3.2884926795959473,,1779628740.5491917,
4290.0,447,,,576.9704237,3.334559440612793,,1779628741.432476,
4300.0,448,,,577.8462417,3.3086342811584473,,1779628742.3082948,
4310.0,449,,,578.7227111,3.295154571533203,,1779628743.184764,
4320.0,450,,,579.6195047,3.320171356201172,,1779628744.0815582,
4330.0,451,,,580.4998075,3.3086462020874023,,1779628744.9617317,
4340.0,452,,,581.404106,3.320331573486328,,1779628745.8666635,
4350.0,453,,,582.2933965,3.300884246826172,,1779628746.7551508,
4360.0,454,,,583.1703067,3.289193630218506,,1779628747.6323595,
4370.0,455,,,584.0501236,3.3043689727783203,,1779628748.5121782,
4380.0,456,,,584.9253946,3.2983107566833496,,1779628749.387446,
4390.0,457,,,585.7996928,3.308093547821045,,1779628750.2622502,
4400.0,458,,,586.6828065,3.3064656257629395,,1779628751.1447277,
4410.0,459,,,587.5585745,3.303597927093506,,1779628752.0199442,
4420.0,460,,,588.4356315,3.289609432220459,,1779628752.8976588,
4430.0,461,,,589.3148613,3.327846050262451,,1779628753.776827,
4440.0,462,,,590.1972869,3.318498134613037,,1779628754.659338,
4450.0,463,,,591.1255304,3.316923141479492,,1779628755.587582,
4460.0,464,,,592.0206093,3.314699172973633,,1779628756.4826322,
4470.0,465,,,592.9154102,3.3147597312927246,,1779628757.3774617,
4480.0,466,,,593.8321302,3.315870761871338,,1779628758.2941816,
4490.0,467,,,594.72572,3.359398365020752,,1779628759.1870654,
4500.0,468,,0.00012292491384519912,606.6304241,,3.356229782104492,1779628771.0911856,3.31684947013855
4500.0,469,,,606.7221715,3.320652484893799,,1779628771.1842227,
4510.0,470,,,607.5989046,3.290864944458008,,1779628772.0608943,
4520.0,471,,,608.4758401,3.3144917488098145,,1779628772.93787,
4530.0,472,,,609.3542364,3.3223628997802734,,1779628773.816162,
4540.0,473,,,610.2339899,3.3123669624328613,,1779628774.695843,
4550.0,474,,,611.1091358,3.2947049140930176,,1779628775.5711887,
4560.0,475,,,611.9903567,3.3105716705322266,,1779628776.4520607,
4570.0,476,,,612.8726912,3.332827091217041,,1779628777.3347435,
4580.0,477,,,613.7626274,3.296383857727051,,1779628778.224086,
4590.0,478,,,614.639208,3.3262248039245605,,1779628779.1008096,
4600.0,479,,,615.5157175,3.291255474090576,,1779628779.9777696,
4610.0,480,,,616.4001464,3.3021087646484375,,1779628780.8621948,
4620.0,481,,,617.2824096,3.37374210357666,,1779628781.7445352,
4630.0,482,,,618.15939,3.3277082443237305,,1779628782.6214411,
4640.0,483,,,619.0414859,3.3207216262817383,,1779628783.503538,
4650.0,484,,,619.9228155,3.300567150115967,,1779628784.3848681,
4660.0,485,,,620.7949507,3.319735050201416,,1779628785.256954,
4670.0,486,,,621.6693419,3.301703453063965,,1779628786.131038,
4680.0,487,,,622.5480946,3.2934885025024414,,1779628787.0101473,
4690.0,488,,,623.4242591,3.325890064239502,,1779628787.8863125,
4700.0,489,,,624.3068498,3.3035364151000977,,1779628788.7689016,
4710.0,490,,,625.1977252,3.3271126747131348,,1779628789.658694,
4720.0,491,,,626.0738657,3.292294979095459,,1779628790.5364232,
4730.0,492,,,626.9597459,3.3257036209106445,,1779628791.4212677,
4740.0,493,,,627.8428723,3.2804131507873535,,1779628792.303916,
4750.0,494,,0.00010576819746349742,639.6898639,,3.3573455810546875,1779628804.1513577,3.317405939102173
4750.0,495,,,639.7820458,3.298727035522461,,1779628804.244099,
4760.0,496,,,640.6633712,3.2862725257873535,,1779628805.1249864,
4770.0,497,,,641.5435933,3.2913055419921875,,1779628806.0046413,
4780.0,498,,,642.4173543,3.3170671463012695,,1779628806.8794081,
4790.0,499,,,643.3001952,3.285834789276123,,1779628807.7613668,
4800.0,500,,,644.1784697,3.318779468536377,,1779628808.6404183,
4810.0,501,,,645.0589298,3.3096723556518555,,1779628809.5209827,
4820.0,502,,,645.9519431,3.3268747329711914,,1779628810.4139967,
4830.0,503,,,646.826386,3.3203988075256348,,1779628811.288439,
4840.0,504,,,647.7179288,3.301614761352539,,1779628812.1796658,
4850.0,505,,,648.5991982,3.302826404571533,,1779628813.0612488,
4860.0,506,,,649.4694284,3.2880821228027344,,1779628813.9313257,
4870.0,507,,,650.3520513,3.282679557800293,,1779628814.8141031,
4880.0,508,,,651.2224905,3.314103126525879,,1779628815.6845224,
4890.0,509,,,652.0965071,3.29461669921875,,1779628816.5578878,
4900.0,510,,,652.9786969,3.30442476272583,,1779628817.4407496,
4910.0,511,,,653.857777,3.339390754699707,,1779628818.319759,
4920.0,512,,,654.7326086,3.307486057281494,,1779628819.1946616,
4930.0,513,,,655.6089125,3.3031411170959473,,1779628820.0709267,
4940.0,514,,,656.4843499,3.3164443969726562,,1779628820.9464023,
4950.0,515,,,657.4779159,3.298872470855713,,1779628821.939787,
4960.0,516,,,658.4856568,3.325188636779785,,1779628822.947453,
4970.0,517,,,659.3889808,3.2994794845581055,,1779628823.8510354,
4980.0,518,,,660.2542304,3.307831287384033,,1779628824.7162194,
4990.0,519,,,661.1132352,3.308749198913574,,1779628825.574988,
5000.0,520,,0.0001,673.1547729,,3.3535919189453125,1779628837.6163702,3.3133368492126465
5000.0,521,,,673.2426663,3.307912826538086,,1779628837.7047176,
,522,"{'size': 271, '_type': 'html-file', 'sha256': '1b54d9af900662fb2557cad1c8d6f8fa6b6ec37418f0d75c6a273a2f66c4101c', 'path': 'media/html/Sample Generation_522_1b54d9af900662fb2557.html'}",,674.1607861,,,1779628838.6218624,
