val/loss,_step,Sample Generation,lr,_timestamp,train/loss,train/step_loss,iter,_runtime,seed
4.181488513946533,0,,9.900990099009901e-06,1779702690.141117,4.19017219543457,,0.0,6.3695956,2026
,1,,,1779702690.2022214,,4.221002578735352,0.0,6.4303069,2026
,2,,,1779702690.5978913,,3.1018943786621094,10.0,6.8259744,2026
,3,,,1779702690.995581,,2.771871328353882,20.0,7.2236654,2026
,4,,,1779702691.3910203,,2.6520164012908936,30.0,7.6199059,2026
,5,,,1779702691.7903357,,2.5583224296569824,40.0,8.0184272,2026
,6,,,1779702692.1867697,,2.5414557456970215,50.0,8.4149276,2026
,7,,,1779702692.5828466,,2.4935035705566406,60.0,8.8109355,2026
,8,,,1779702692.977355,,2.4855055809020996,70.0,9.2054435,2026
,9,,,1779702693.371569,,2.471616744995117,80.0,9.5996547,2026
,10,,,1779702693.7677426,,2.462127685546875,90.0,9.9958284,2026
,11,,,1779702694.1658852,,2.4346272945404053,100.0,10.3940867,2026
,12,,,1779702694.5627546,,2.4193687438964844,110.0,10.7908419,2026
,13,,,1779702694.9586303,,2.39481258392334,120.0,11.186716,2026
,14,,,1779702695.355563,,2.3484079837799072,130.0,11.5836467,2026
,15,,,1779702695.7525122,,2.3356804847717285,140.0,11.980595,2026
,16,,,1779702696.150643,,2.3003458976745605,150.0,12.3787287,2026
,17,,,1779702696.544031,,2.252617359161377,160.0,12.7728451,2026
,18,,,1779702696.9385927,,2.2124648094177246,170.0,13.1666804,2026
,19,,,1779702697.3357592,,2.196042060852051,180.0,13.5638457,2026
,20,,,1779702697.7312331,,2.143634796142578,190.0,13.9595039,2026
,21,,,1779702698.1290374,,2.1122074127197266,200.0,14.3571476,2026
,22,,,1779702698.5266573,,2.0752005577087402,210.0,14.754745,2026
,23,,,1779702698.9238799,,2.094947576522827,220.0,15.1520138,2026
,24,,,1779702699.320749,,2.0325076580047607,230.0,15.5498338,2026
,25,,,1779702699.719388,,2.021077871322632,240.0,15.9474715,2026
2.034119129180908,26,,0.0009979206008271391,1779702705.6749346,1.929640293121338,,250.0,21.9031527,2026
,27,,,1779702705.720126,,2.0127127170562744,250.0,21.9482118,2026
,28,,,1779702706.1168664,,2.0053658485412598,260.0,22.3449515,2026
,29,,,1779702706.5128477,,1.957820177078247,270.0,22.7409353,2026
,30,,,1779702706.906372,,1.9505289793014526,280.0,23.1344629,2026
,31,,,1779702707.3038666,,1.8697501420974731,290.0,23.5319527,2026
,32,,,1779702707.7016616,,1.9236423969268799,300.0,23.9292406,2026
,33,,,1779702708.0988145,,1.8578797578811646,310.0,24.3268995,2026
,34,,,1779702708.495419,,1.9129351377487183,320.0,24.7236793,2026
,35,,,1779702708.8930275,,1.855750322341919,330.0,25.1211282,2026
,36,,,1779702709.2893455,,1.8185296058654785,340.0,25.5176357,2026
,37,,,1779702709.6876748,,1.8232651948928833,350.0,25.9160287,2026
,38,,,1779702710.0855913,,1.8698924779891968,360.0,26.3136773,2026
,39,,,1779702710.4819076,,1.7906134128570557,370.0,26.710682,2026
,40,,,1779702710.8776379,,1.8066234588623047,380.0,27.1057243,2026
,41,,,1779702711.2730238,,1.7844066619873047,390.0,27.5017773,2026
,42,,,1779702711.671294,,1.7700603008270264,400.0,27.8993792,2026
,43,,,1779702712.0686858,,1.791341781616211,410.0,28.2968472,2026
,44,,,1779702712.4646251,,1.7655138969421387,420.0,28.6935891,2026
,45,,,1779702712.8629053,,1.7389435768127441,430.0,29.0910166,2026
,46,,,1779702713.2596803,,1.7261937856674194,440.0,29.4877698,2026
,47,,,1779702713.6561177,,1.707090139389038,450.0,29.8842029,2026
,48,,,1779702714.0554433,,1.7225908041000366,460.0,30.283528,2026
,49,,,1779702714.4530468,,1.7255278825759888,470.0,30.6811332,2026
,50,,,1779702714.8505828,,1.6684495210647583,480.0,31.0788152,2026
,51,,,1779702715.2479024,,1.6842204332351685,490.0,31.4761179,2026
1.790836215019226,52,,0.0009852826883675631,1779702721.171527,1.600083589553833,,500.0,37.3998938,2026
,53,,,1779702721.2163055,,1.6672114133834839,500.0,37.445245,2026
,54,,,1779702721.612106,,1.669238567352295,510.0,37.8401916,2026
,55,,,1779702722.007621,,1.6742068529129028,520.0,38.2357049,2026
,56,,,1779702722.405181,,1.6403062343597412,530.0,38.6334683,2026
,57,,,1779702722.8024266,,1.6281813383102417,540.0,39.0305424,2026
,58,,,1779702723.2001584,,1.6199026107788086,550.0,39.4282455,2026
,59,,,1779702723.5971613,,1.6066186428070068,560.0,39.8255071,2026
,60,,,1779702723.9963467,,1.6137948036193848,570.0,40.2244332,2026
,61,,,1779702724.3930337,,1.6197803020477295,580.0,40.6217928,2026
,62,,,1779702724.7902114,,1.6035927534103394,590.0,41.0184745,2026
,63,,,1779702725.187704,,1.6458842754364014,600.0,41.4158169,2026
,64,,,1779702725.5830634,,1.6158326864242554,610.0,41.8111478,2026
,65,,,1779702725.9776094,,1.5856698751449585,620.0,42.2064359,2026
,66,,,1779702726.3732932,,1.595214605331421,630.0,42.6013788,2026
,67,,,1779702726.7722127,,1.6228454113006592,640.0,43.0004586,2026
,68,,,1779702727.170662,,1.5693570375442505,650.0,43.3987474,2026
,69,,,1779702727.5669935,,1.6030000448226929,660.0,43.7956304,2026
,70,,,1779702727.964782,,1.5685971975326538,670.0,44.1928691,2026
,71,,,1779702728.3629837,,1.5824646949768066,680.0,44.5910987,2026
,72,,,1779702728.760303,,1.5719327926635742,690.0,44.9883897,2026
,73,,,1779702729.1576416,,1.5470726490020752,700.0,45.3857268,2026
,74,,,1779702729.5548186,,1.5602728128433228,710.0,45.7829408,2026
,75,,,1779702729.9507077,,1.5262682437896729,720.0,46.1787916,2026
,76,,,1779702730.3464363,,1.525867223739624,730.0,46.5745257,2026
,77,,,1779702730.7420204,,1.578721523284912,740.0,46.9701076,2026
1.6641180515289307,78,,0.0009614856803571157,1779702736.67511,1.4560868740081787,,750.0,52.9042057,2026
,79,,,1779702736.7213,,1.5273840427398682,750.0,52.9493842,2026
,80,,,1779702737.115506,,1.508014440536499,760.0,53.3435935,2026
,81,,,1779702737.510485,,1.5440411567687988,770.0,53.738826,2026
,82,,,1779702737.9080217,,1.5357662439346313,780.0,54.13615,2026
,83,,,1779702738.3056815,,1.5238122940063477,790.0,54.5340409,2026
,84,,,1779702738.7032373,,1.5230356454849243,800.0,54.9313236,2026
,85,,,1779702739.1009192,,1.5127570629119873,810.0,55.3291452,2026
,86,,,1779702739.4983432,,1.518920660018921,820.0,55.7265035,2026
,87,,,1779702739.8946612,,1.4430310726165771,830.0,56.1227469,2026
,88,,,1779702740.2920654,,1.464048147201538,840.0,56.5201566,2026
,89,,,1779702740.6882505,,1.5137720108032227,850.0,56.9172101,2026
,90,,,1779702741.0865715,,1.494824767112732,860.0,57.3146546,2026
,91,,,1779702741.4812648,,1.524823546409607,870.0,57.7096319,2026
,92,,,1779702741.8775895,,1.4626166820526123,880.0,58.1056768,2026
,93,,,1779702742.2755587,,1.4587322473526,890.0,58.5036438,2026
,94,,,1779702742.6720512,,1.455974817276001,900.0,58.9001366,2026
,95,,,1779702743.068429,,1.4773962497711182,910.0,59.2965132,2026
,96,,,1779702743.46605,,1.424453616142273,920.0,59.6941379,2026
,97,,,1779702743.8629618,,1.4447749853134155,930.0,60.0914356,2026
,98,,,1779702744.2608964,,1.467380404472351,940.0,60.4889814,2026
,99,,,1779702744.6570888,,1.4859429597854614,950.0,60.8851741,2026
,100,,,1779702745.0543296,,1.4441736936569214,960.0,61.2827938,2026
,101,,,1779702745.4482849,,1.4449880123138428,970.0,61.6767612,2026
,102,,,1779702745.844286,,1.4271526336669922,980.0,62.0729204,2026
,103,,,1779702746.24145,,1.4447693824768066,990.0,62.4702454,2026
1.5960111618041992,104,,0.0009271396472013282,1779702752.1416202,1.3780382871627808,,1000.0,68.3703765,2026
,105,,,1779702752.1874793,,1.4514029026031494,1000.0,68.4155831,2026
,106,,,1779702752.5861537,,1.4707469940185547,1010.0,68.8142383,2026
,107,,,1779702752.9814916,,1.4486799240112305,1020.0,69.2095895,2026
,108,,,1779702753.3778296,,1.4264156818389893,1030.0,69.6059169,2026
,109,,,1779702753.7737217,,1.4438588619232178,1040.0,70.0018161,2026
,110,,,1779702754.171679,,1.4224802255630493,1050.0,70.3997627,2026
,111,,,1779702754.5687587,,1.4140582084655762,1060.0,70.7974487,2026
,112,,,1779702754.9669266,,1.4285221099853516,1070.0,71.1950113,2026
,113,,,1779702755.3631217,,1.4489673376083374,1080.0,71.591207,2026
,114,,,1779702755.760606,,1.4346084594726562,1090.0,71.9887023,2026
,115,,,1779702756.156641,,1.4595837593078613,1100.0,72.385374,2026
,116,,,1779702756.5513558,,1.3958622217178345,1110.0,72.7804101,2026
,117,,,1779702756.9475482,,1.3539679050445557,1120.0,73.1756372,2026
,118,,,1779702757.3437936,,1.4283806085586548,1130.0,73.5718805,2026
,119,,,1779702757.7400095,,1.3848143815994263,1140.0,73.9681177,2026
,120,,,1779702758.1381276,,1.403328537940979,1150.0,74.366707,2026
,121,,,1779702758.5348556,,1.3876092433929443,1160.0,74.7629416,2026
,122,,,1779702758.9330795,,1.402367115020752,1170.0,75.1611661,2026
,123,,,1779702759.330395,,1.3968303203582764,1180.0,75.5584847,2026
,124,,,1779702759.72686,,1.3930037021636963,1190.0,75.9551005,2026
,125,,,1779702760.1247187,,1.3986783027648926,1200.0,76.3528054,2026
,126,,,1779702760.5216203,,1.3986318111419678,1210.0,76.7497193,2026
,127,,,1779702760.916019,,1.4155323505401611,1220.0,77.144222,2026
,128,,,1779702761.3117833,,1.367661476135254,1230.0,77.5399514,2026
,129,,,1779702761.7089148,,1.433434009552002,1240.0,77.9370002,2026
1.553175926208496,130,,0.000883125098683892,1779702767.618617,1.3224928379058838,,1250.0,83.8467004,2026
,131,,,1779702767.6636887,,1.3828423023223877,1250.0,83.8917994,2026
,132,,,1779702768.0588572,,1.3597606420516968,1260.0,84.2869434,2026
,133,,,1779702768.45317,,1.3789821863174438,1270.0,84.6814943,2026
,134,,,1779702768.8470001,,1.4032983779907227,1280.0,85.0754669,2026
,135,,,1779702769.2448006,,1.402999997138977,1290.0,85.473652,2026
,136,,,1779702769.6427686,,1.373376488685608,1300.0,85.8703476,2026
,137,,,1779702770.0410056,,1.3772594928741455,1310.0,86.2690914,2026
,138,,,1779702770.4386563,,1.3867290019989014,1320.0,86.6667411,2026
,139,,,1779702770.835754,,1.370455265045166,1330.0,87.0640826,2026
,140,,,1779702771.2331498,,1.35603928565979,1340.0,87.4612496,2026
,141,,,1779702771.6313028,,1.3823292255401611,1350.0,87.8593862,2026
,142,,,1779702772.0290337,,1.3845877647399902,1360.0,88.2571168,2026
,143,,,1779702772.4259665,,1.356269121170044,1370.0,88.6546492,2026
,144,,,1779702772.8251066,,1.3845295906066895,1380.0,89.0531923,2026
,145,,,1779702773.21991,,1.382158637046814,1390.0,89.4486431,2026
,146,,,1779702773.6156971,,1.3586249351501465,1400.0,89.8437796,2026
,147,,,1779702774.0112197,,1.3377041816711426,1410.0,90.2393039,2026
,148,,,1779702774.4066331,,1.3665038347244263,1420.0,90.6354489,2026
,149,,,1779702774.8038864,,1.3351542949676514,1430.0,91.032869,2026
,150,,,1779702775.2011473,,1.4021990299224854,1440.0,91.4293816,2026
,151,,,1779702775.6005158,,1.344986915588379,1450.0,91.8286038,2026
,152,,,1779702775.9975805,,1.2863385677337646,1460.0,92.2257843,2026
,153,,,1779702776.3944952,,1.2817049026489258,1470.0,92.6234619,2026
,154,,,1779702776.79187,,1.3377012014389038,1480.0,93.0199798,2026
,155,,,1779702777.1883204,,1.3230855464935303,1490.0,93.4164053,2026
1.5130088329315186,156,,0.0008305704108364302,1779702783.1127923,1.2766987085342407,,1500.0,99.3409385,2026
,157,,,1779702783.15761,,1.2933048009872437,1500.0,99.3857561,2026
,158,,,1779702783.55312,,1.347118616104126,1510.0,99.7812043,2026
,159,,,1779702783.9474113,,1.3471527099609375,1520.0,100.1764009,2026
,160,,,1779702784.3448021,,1.3732064962387085,1530.0,100.5728908,2026
,161,,,1779702784.7413516,,1.361048936843872,1540.0,100.9694372,2026
,162,,,1779702785.13835,,1.3162524700164795,1550.0,101.3664358,2026
,163,,,1779702785.534555,,1.3189839124679565,1560.0,101.762934,2026
,164,,,1779702785.9323063,,1.322121262550354,1570.0,102.1606287,2026
,165,,,1779702786.3282108,,1.3684684038162231,1580.0,102.5562966,2026
,166,,,1779702786.7244425,,1.340771198272705,1590.0,102.9525266,2026
,167,,,1779702787.1191094,,1.3018015623092651,1600.0,103.3471969,2026
,168,,,1779702787.5145123,,1.3072845935821533,1610.0,103.7425963,2026
,169,,,1779702787.9095857,,1.3359348773956299,1620.0,104.1378198,2026
,170,,,1779702788.3069143,,1.3158594369888306,1630.0,104.5350009,2026
,171,,,1779702788.7044904,,1.3114900588989258,1640.0,104.9325753,2026
,172,,,1779702789.1008706,,1.3069374561309814,1650.0,105.3294504,2026
,173,,,1779702789.4994562,,1.3036174774169922,1660.0,105.7275701,2026
,174,,,1779702789.8951576,,1.341503381729126,1670.0,106.1232405,2026
,175,,,1779702790.2904692,,1.3256996870040894,1680.0,106.518681,2026
,176,,,1779702790.685186,,1.3122618198394775,1690.0,106.9132779,2026
,177,,,1779702791.0811932,,1.2705589532852173,1700.0,107.3092783,2026
,178,,,1779702791.477647,,1.3064254522323608,1710.0,107.7058158,2026
,179,,,1779702791.873601,,1.330163598060608,1720.0,108.101963,2026
,180,,,1779702792.2710643,,1.2925479412078857,1730.0,108.4986432,2026
,181,,,1779702792.6677763,,1.3063278198242188,1740.0,108.8959658,2026
1.5060306787490845,182,,0.0007708228984017721,1779702798.6020746,1.246842622756958,,1750.0,114.8302211,2026
,183,,,1779702798.6450355,,1.311336636543274,1750.0,114.8731182,2026
,184,,,1779702799.0417066,,1.3006422519683838,1760.0,115.2697908,2026
,185,,,1779702799.439239,,1.2744510173797607,1770.0,115.6674819,2026
,186,,,1779702799.838531,,1.3501813411712646,1780.0,116.0668136,2026
,187,,,1779702800.235115,,1.3012828826904297,1790.0,116.4637484,2026
,188,,,1779702800.6334395,,1.3116346597671509,1800.0,116.8615284,2026
,189,,,1779702801.0305486,,1.2953052520751953,1810.0,117.258823,2026
,190,,,1779702801.427387,,1.2716931104660034,1820.0,117.6554739,2026
,191,,,1779702801.824763,,1.3179607391357422,1830.0,118.0528537,2026
,192,,,1779702802.219683,,1.285008192062378,1840.0,118.4484875,2026
,193,,,1779702802.614959,,1.3435940742492676,1850.0,118.8434483,2026
,194,,,1779702803.0128162,,1.2965584993362427,1860.0,119.2409418,2026
,195,,,1779702803.4105897,,1.3084417581558228,1870.0,119.6386749,2026
,196,,,1779702803.807484,,1.2876708507537842,1880.0,120.0355682,2026
,197,,,1779702804.204646,,1.2623785734176636,1890.0,120.4328233,2026
,198,,,1779702804.601533,,1.2864748239517212,1900.0,120.8301717,2026
,199,,,1779702804.9975662,,1.3052868843078613,1910.0,121.2265964,2026
,200,,,1779702805.393905,,1.3256897926330566,1920.0,121.622993,2026
,201,,,1779702805.7922492,,1.2534881830215454,1930.0,122.0207477,2026
,202,,,1779702806.189533,,1.2902590036392212,1940.0,122.417616,2026
,203,,,1779702806.5856266,,1.2847034931182861,1950.0,122.8143124,2026
,204,,,1779702806.9849825,,1.262044906616211,1960.0,123.2130678,2026
,205,,,1779702807.3835318,,1.2797843217849731,1970.0,123.6116172,2026
,206,,,1779702807.7815425,,1.2998343706130981,1980.0,124.009659,2026
,207,,,1779702808.179181,,1.2696043252944946,1990.0,124.4072664,2026
1.5011978149414062,208,,0.0007054142744895884,1779702814.1004126,1.2128615379333496,,2000.0,130.3279916,2026
,209,,,1779702814.1444287,,1.257627010345459,2000.0,130.3725433,2026
,210,,,1779702814.541182,,1.2917041778564453,2010.0,130.7692838,2026
,211,,,1779702814.9380248,,1.2904356718063354,2020.0,131.1661109,2026
,212,,,1779702815.335309,,1.2982287406921387,2030.0,131.5635264,2026
,213,,,1779702815.7329674,,1.283992052078247,2040.0,131.9611628,2026
,214,,,1779702816.1297576,,1.2654274702072144,2050.0,132.3580202,2026
,215,,,1779702816.5248282,,1.2811837196350098,2060.0,132.7534085,2026
,216,,,1779702816.9217722,,1.2725694179534912,2070.0,133.1498802,2026
,217,,,1779702817.3187292,,1.3033367395401,2080.0,133.5470709,2026
,218,,,1779702817.7142074,,1.2825607061386108,2090.0,133.9422929,2026
,219,,,1779702818.1145537,,1.2732328176498413,2100.0,134.3426385,2026
,220,,,1779702818.5217354,,1.2706948518753052,2110.0,134.7498207,2026
,221,,,1779702818.9173186,,1.2358269691467285,2120.0,135.1454073,2026
,222,,,1779702819.3145728,,1.2468630075454712,2130.0,135.5426563,2026
,223,,,1779702819.7125924,,1.259222388267517,2140.0,135.9408571,2026
,224,,,1779702820.1187756,,1.2524515390396118,2150.0,136.3468636,2026
,225,,,1779702820.5176873,,1.2415238618850708,2160.0,136.745773,2026
,226,,,1779702820.9168594,,1.259476900100708,2170.0,137.1449454,2026
,227,,,1779702821.3152354,,1.2629356384277344,2180.0,137.5433207,2026
,228,,,1779702821.712737,,1.2526222467422485,2190.0,137.9410111,2026
,229,,,1779702822.1114209,,1.2345267534255981,2200.0,138.3395071,2026
,230,,,1779702822.5085566,,1.2292406558990479,2210.0,138.7368841,2026
,231,,,1779702822.9056814,,1.2550878524780273,2220.0,139.1337667,2026
,232,,,1779702823.3043168,,1.252260684967041,2230.0,139.532402,2026
,233,,,1779702823.701647,,1.215302586555481,2240.0,139.9297303,2026
1.4786791801452637,234,,0.0006360213829156177,1779702829.655089,1.1765401363372803,,2250.0,145.8831418,2026
,235,,,1779702829.7000756,,1.21811842918396,2250.0,145.9281583,2026
,236,,,1779702830.0972157,,1.2738351821899414,2260.0,146.3253011,2026
,237,,,1779702830.4914725,,1.2350986003875732,2270.0,146.719939,2026
,238,,,1779702830.8864977,,1.275225281715393,2280.0,147.1145829,2026
,239,,,1779702831.2827115,,1.252259373664856,2290.0,147.5107992,2026
,240,,,1779702831.6784172,,1.2401624917984009,2300.0,147.9074025,2026
,241,,,1779702832.07755,,1.2496998310089111,2310.0,148.3056387,2026
,242,,,1779702832.4743423,,1.2346431016921997,2320.0,148.70242819999999,2026
,243,,,1779702832.8700278,,1.2858190536499023,2330.0,149.0983913,2026
,244,,,1779702833.2690914,,1.225684642791748,2340.0,149.4973218,2026
,245,,,1779702833.6707916,,1.251926302909851,2350.0,149.8988778,2026
,246,,,1779702834.070581,,1.2210516929626465,2360.0,150.2986893,2026
,247,,,1779702834.467826,,1.2441226243972778,2370.0,150.6967591,2026
,248,,,1779702834.8657987,,1.2305091619491577,2380.0,151.0943666,2026
,249,,,1779702835.2658863,,1.2288436889648438,2390.0,151.4946006,2026
,250,,,1779702835.6675663,,1.2150447368621826,2400.0,151.8956824,2026
,251,,,1779702836.0655773,,1.2507463693618774,2410.0,152.2939726,2026
,252,,,1779702836.4611416,,1.2583503723144531,2420.0,152.6892266,2026
,253,,,1779702836.8568366,,1.229068636894226,2430.0,153.0854837,2026
,254,,,1779702837.2528665,,1.216931939125061,2440.0,153.4809521,2026
,255,,,1779702837.6503215,,1.217354416847229,2450.0,153.8784068,2026
,256,,,1779702838.0500405,,1.1988743543624878,2460.0,154.2781255,2026
,257,,,1779702838.4483268,,1.2391775846481323,2470.0,154.6764322,2026
,258,,,1779702838.8453567,,1.2368028163909912,2480.0,155.0734415,2026
,259,,,1779702839.2451077,,1.2246607542037964,2490.0,155.4731925,2026
1.4848535060882568,260,,0.000564423209907245,1779702845.1853988,1.155358076095581,,2500.0,161.4136725,2026
,261,,,1779702845.228241,,1.1790345907211304,2500.0,161.4563241,2026
,262,,,1779702845.6235154,,1.2055671215057373,2510.0,161.851889,2026
,263,,,1779702846.0214117,,1.1834797859191895,2520.0,162.2495001,2026
,264,,,1779702846.4175928,,1.2409279346466064,2530.0,162.6456761,2026
,265,,,1779702846.8176038,,1.2089813947677612,2540.0,163.0459498,2026
,266,,,1779702847.2204287,,1.2011542320251465,2550.0,163.4492713,2026
,267,,,1779702847.617661,,1.1988037824630737,2560.0,163.8459826,2026
,268,,,1779702848.0157802,,1.2553706169128418,2570.0,164.2438693,2026
,269,,,1779702848.4168417,,1.2082278728485107,2580.0,164.6451384,2026
,270,,,1779702848.8141024,,1.2291431427001953,2590.0,165.0421896,2026
,271,,,1779702849.2134156,,1.206560492515564,2600.0,165.4415031,2026
,272,,,1779702849.6178536,,1.2065317630767822,2610.0,165.8468527,2026
,273,,,1779702850.0192266,,1.230994701385498,2620.0,166.2473108,2026
,274,,,1779702850.417895,,1.2084717750549316,2630.0,166.6459795,2026
,275,,,1779702850.814504,,1.1694672107696533,2640.0,167.0427346,2026
,276,,,1779702851.220922,,1.2293423414230347,2650.0,167.4490093,2026
,277,,,1779702851.6196194,,1.2172538042068481,2660.0,167.8477034,2026
,278,,,1779702852.01914,,1.201806902885437,2670.0,168.247225,2026
,279,,,1779702852.4178307,,1.2006611824035645,2680.0,168.6459508,2026
,280,,,1779702852.8139293,,1.1745893955230713,2690.0,169.0428303,2026
,281,,,1779702853.2113588,,1.2078627347946167,2700.0,169.4398541,2026
,282,,,1779702853.6125555,,1.2231285572052002,2710.0,169.8408422,2026
,283,,,1779702854.013065,,1.1890162229537964,2720.0,170.2414943,2026
,284,,,1779702854.4105663,,1.1542361974716187,2730.0,170.6386595,2026
,285,,,1779702854.810467,,1.2211418151855469,2740.0,171.0385509,2026
1.4781619310379028,286,,0.0004924552772419723,1779702860.7609785,1.1296368837356567,,2750.0,176.9890731,2026
,287,,,1779702860.8038745,,1.194253921508789,2750.0,177.0319573,2026
,288,,,1779702861.2004597,,1.188617467880249,2760.0,177.4285458,2026
,289,,,1779702861.5953426,,1.1924262046813965,2770.0,177.8240909,2026
,290,,,1779702861.9918308,,1.198601245880127,2780.0,178.2203926,2026
,291,,,1779702862.3919215,,1.1942744255065918,2790.0,178.6206731,2026
,292,,,1779702862.7919354,,1.1967240571975708,2800.0,179.0201292,2026
,293,,,1779702863.1887472,,1.158483862876892,2810.0,179.4171054,2026
,294,,,1779702863.5854905,,1.211870789527893,2820.0,179.8135952,2026
,295,,,1779702863.9830482,,1.19129478931427,2830.0,180.2113883,2026
,296,,,1779702864.3819122,,1.2045934200286865,2840.0,180.609998,2026
,297,,,1779702864.7793515,,1.1880197525024414,2850.0,181.0084087,2026
,298,,,1779702865.1863565,,1.1584751605987549,2860.0,181.414551,2026
,299,,,1779702865.585613,,1.2054728269577026,2870.0,181.813698,2026
,300,,,1779702865.9846094,,1.1752761602401733,2880.0,182.2121882,2026
,301,,,1779702866.3819468,,1.1974048614501953,2890.0,182.6100644,2026
,302,,,1779702866.7893443,,1.2129366397857666,2900.0,183.0174292,2026
,303,,,1779702867.1874583,,1.141281008720398,2910.0,183.4155445,2026
,304,,,1779702867.5846682,,1.1738150119781494,2920.0,183.8127523,2026
,305,,,1779702867.981846,,1.181553602218628,2930.0,184.2100502,2026
,306,,,1779702868.3831356,,1.1674295663833618,2940.0,184.6118161,2026
,307,,,1779702868.7867594,,1.1929707527160645,2950.0,185.0148437,2026
,308,,,1779702869.1846428,,1.1795485019683838,2960.0,185.4128271,2026
,309,,,1779702869.5828419,,1.1916354894638062,2970.0,185.8109306,2026
,310,,,1779702869.9806457,,1.1661055088043213,2980.0,186.2087316,2026
,311,,,1779702870.3798952,,1.1667921543121338,2990.0,186.6079831,2026
1.4719523191452026,312,,0.0004219625860160354,1779702876.3488395,1.0995490550994873,,3000.0,192.5764183,2026
,313,,,1779702876.3914676,,1.164650797843933,3000.0,192.6195518,2026
,314,,,1779702876.788063,,1.1769243478775024,3010.0,193.0161498,2026
,315,,,1779702877.1859329,,1.2094976902008057,3020.0,193.4140188,2026
,316,,,1779702877.5866272,,1.1368552446365356,3030.0,193.8147128,2026
,317,,,1779702877.9876971,,1.2074397802352905,3040.0,194.2158425,2026
,318,,,1779702878.387841,,1.1715805530548096,3050.0,194.6159291,2026
,319,,,1779702878.784589,,1.1485668420791626,3060.0,195.0126941,2026
,320,,,1779702879.1830916,,1.1676397323608398,3070.0,195.4113647,2026
,321,,,1779702879.585647,,1.1523616313934326,3080.0,195.8137536,2026
,322,,,1779702879.9853241,,1.175964593887329,3090.0,196.2135787,2026
,323,,,1779702880.3859098,,1.1427419185638428,3100.0,196.6140006,2026
,324,,,1779702880.7889924,,1.1428552865982056,3110.0,197.0170767,2026
,325,,,1779702881.1882644,,1.1776143312454224,3120.0,197.4163499,2026
,326,,,1779702881.585487,,1.1652851104736328,3130.0,197.8135731,2026
,327,,,1779702881.9840174,,1.1398277282714844,3140.0,198.2121031,2026
,328,,,1779702882.3919842,,1.173904299736023,3150.0,198.6200691,2026
,329,,,1779702882.7892992,,1.197299838066101,3160.0,199.0173843,2026
,330,,,1779702883.1851509,,1.1770604848861694,3170.0,199.4132523,2026
,331,,,1779702883.583118,,1.1612077951431274,3180.0,199.8118447,2026
,332,,,1779702883.9806309,,1.138646125793457,3190.0,200.2093209,2026
,333,,,1779702884.3785648,,1.1299761533737183,3200.0,200.6067662,2026
,334,,,1779702884.7770114,,1.1651105880737305,3210.0,201.0050966,2026
,335,,,1779702885.1805854,,1.1494792699813843,3220.0,201.4086704,2026
,336,,,1779702885.5822132,,1.159104824066162,3230.0,201.8104143,2026
,337,,,1779702885.9820652,,1.1240448951721191,3240.0,202.2101498,2026
1.4806948900222778,338,,0.00035475231739709885,1779702891.9147475,1.0754432678222656,,3250.0,208.1429794,2026
,339,,,1779702891.9571106,,1.1419556140899658,3250.0,208.1858649,2026
,340,,,1779702892.3535142,,1.140262484550476,3260.0,208.5820907,2026
,341,,,1779702892.750397,,1.158172369003296,3270.0,208.9789323,2026
,342,,,1779702893.1496239,,1.162716269493103,3280.0,209.3777099,2026
,343,,,1779702893.5512025,,1.1265662908554077,3290.0,209.7792887,2026
,344,,,1779702893.9495256,,1.1207152605056763,3300.0,210.1778838,2026
,345,,,1779702894.3483505,,1.1325829029083252,3310.0,210.5763688,2026
,346,,,1779702894.7494657,,1.1416727304458618,3320.0,210.9778108,2026
,347,,,1779702895.156132,,1.18124258518219,3330.0,211.3842261,2026
,348,,,1779702895.55603,,1.1496773958206177,3340.0,211.7841149,2026
,349,,,1779702895.9541829,,1.1012557744979858,3350.0,212.1822677,2026
,350,,,1779702896.3544567,,1.1389821767807007,3360.0,212.5829072,2026
,351,,,1779702896.7606544,,1.1292550563812256,3370.0,212.9895722,2026
,352,,,1779702897.1600518,,1.1400355100631714,3380.0,213.3881376,2026
,353,,,1779702897.5562325,,1.15321683883667,3390.0,213.7843193,2026
,354,,,1779702897.9553354,,1.1607171297073364,3400.0,214.1834245,2026
,355,,,1779702898.3669581,,1.1088701486587524,3410.0,214.5953091,2026
,356,,,1779702898.7633107,,1.1491190195083618,3420.0,214.9915476,2026
,357,,,1779702899.1586714,,1.1497702598571777,3430.0,215.386756,2026
,358,,,1779702899.5609078,,1.127690315246582,3440.0,215.7890227,2026
,359,,,1779702899.9584954,,1.1166716814041138,3450.0,216.1865802,2026
,360,,,1779702900.355406,,1.085083246231079,3460.0,216.5836707,2026
,361,,,1779702900.7542236,,1.112034797668457,3470.0,216.9830382,2026
,362,,,1779702901.1565857,,1.123481035232544,3480.0,217.384671,2026
,363,,,1779702901.5562565,,1.1525189876556396,3490.0,217.7843418,2026
1.4794974327087402,364,,0.0002925475029450237,1779702907.467033,1.0516401529312134,,3500.0,223.6955723,2026
,365,,,1779702907.5107102,,1.1373134851455688,3500.0,223.7391616,2026
,366,,,1779702907.9079716,,1.1067631244659424,3510.0,224.1360567,2026
,367,,,1779702908.3053656,,1.1297563314437866,3520.0,224.5335918,2026
,368,,,1779702908.7024026,,1.135209560394287,3530.0,224.9304855,2026
,369,,,1779702909.10228,,1.1090128421783447,3540.0,225.330361,2026
,370,,,1779702909.5075078,,1.1445518732070923,3550.0,225.7355934,2026
,371,,,1779702909.90689,,1.113451600074768,3560.0,226.1349741,2026
,372,,,1779702910.303322,,1.1535650491714478,3570.0,226.5318891,2026
,373,,,1779702910.7040856,,1.142567753791809,3580.0,226.9321727,2026
,374,,,1779702911.105176,,1.1250604391098022,3590.0,227.3332587,2026
,375,,,1779702911.5028358,,1.1332207918167114,3600.0,227.7310038,2026
,376,,,1779702911.8989599,,1.158386468887329,3610.0,228.1270458,2026
,377,,,1779702912.2952523,,1.1318354606628418,3620.0,228.5233378,2026
,378,,,1779702912.7040336,,1.1311700344085693,3630.0,228.932118,2026
,379,,,1779702913.104555,,1.0875667333602905,3640.0,229.3326438,2026
,380,,,1779702913.5047138,,1.1023037433624268,3650.0,229.7328003,2026
,381,,,1779702913.9020665,,1.1031372547149658,3660.0,230.130151,2026
,382,,,1779702914.304096,,1.1219351291656494,3670.0,230.5331709,2026
,383,,,1779702914.7081869,,1.1225066184997559,3680.0,230.9362697,2026
,384,,,1779702915.1108887,,1.1367050409317017,3690.0,231.3389725,2026
,385,,,1779702915.513049,,1.139954686164856,3700.0,231.7411314,2026
,386,,,1779702915.9104478,,1.121638536453247,3710.0,232.1385334,2026
,387,,,1779702916.3140755,,1.094902753829956,3720.0,232.5421614,2026
,388,,,1779702916.716386,,1.1210874319076538,3730.0,232.9446836,2026
,389,,,1779702917.1126645,,1.0852733850479126,3740.0,233.3407503,2026
1.4782195091247559,390,,0.00023694285222843113,1779702923.043844,1.0313152074813843,,3750.0,239.2723221,2026
,391,,,1779702923.0886755,,1.1353315114974976,3750.0,239.3168614,2026
,392,,,1779702923.4853404,,1.1188386678695679,3760.0,239.7134248,2026
,393,,,1779702923.8866944,,1.1389024257659912,3770.0,240.1147803,2026
,394,,,1779702924.2864716,,1.096897006034851,3780.0,240.5145686,2026
,395,,,1779702924.6840138,,1.1111072301864624,3790.0,240.9121012,2026
,396,,,1779702925.0825467,,1.099806785583496,3800.0,241.3108064,2026
,397,,,1779702925.480326,,1.1110368967056274,3810.0,241.7084613,2026
,398,,,1779702925.8778052,,1.1351280212402344,3820.0,242.1060645,2026
,399,,,1779702926.2778897,,1.0981990098953247,3830.0,242.5060894,2026
,400,,,1779702926.6779325,,1.1389058828353882,3840.0,242.9068607,2026
,401,,,1779702927.0796788,,1.0820611715316772,3850.0,243.3085028,2026
,402,,,1779702927.4813077,,1.0914751291275024,3860.0,243.7093944,2026
,403,,,1779702927.88185,,1.0890369415283203,3870.0,244.109936,2026
,404,,,1779702928.281829,,1.097962737083435,3880.0,244.5100819,2026
,405,,,1779702928.681728,,1.0975079536437988,3890.0,244.9098136,2026
,406,,,1779702929.0870903,,1.1068626642227173,3900.0,245.315253,2026
,407,,,1779702929.487157,,1.100640058517456,3910.0,245.7152424,2026
,408,,,1779702929.8859396,,1.0754895210266113,3920.0,246.1140224,2026
,409,,,1779702930.2865653,,1.0969483852386475,3930.0,246.5146517,2026
,410,,,1779702930.6868837,,1.1186290979385376,3940.0,246.9149877,2026
,411,,,1779702931.0856876,,1.1019283533096313,3950.0,247.3141874,2026
,412,,,1779702931.4828892,,1.0945881605148315,3960.0,247.7109749,2026
,413,,,1779702931.8809297,,1.0949735641479492,3970.0,248.1100191,2026
,414,,,1779702932.2836611,,1.1150338649749756,3980.0,248.5120088,2026
,415,,,1779702932.6847215,,1.1066265106201172,3990.0,248.913774,2026
1.4812382459640503,416,,0.00018936387015941957,1779702938.6189327,1.0092772245407104,,4000.0,254.8472362,2026
,417,,,1779702938.662271,,1.0862996578216553,4000.0,254.8903559,2026
,418,,,1779702939.0571325,,1.0859907865524292,4010.0,255.2852179,2026
,419,,,1779702939.4562285,,1.1341543197631836,4020.0,255.6838076,2026
,420,,,1779702939.8573587,,1.0865200757980347,4030.0,256.0855807,2026
,421,,,1779702940.2582893,,1.0954328775405884,4040.0,256.4864905,2026
,422,,,1779702940.6585007,,1.091752290725708,4050.0,256.8868213,2026
,423,,,1779702941.0576563,,1.0729796886444092,4060.0,257.2857405,2026
,424,,,1779702941.4592605,,1.082132339477539,4070.0,257.6873462,2026
,425,,,1779702941.865749,,1.0908925533294678,4080.0,258.093833,2026
,426,,,1779702942.2606,,1.100417137145996,4090.0,258.4897306,2026
,427,,,1779702942.6592512,,1.0823806524276733,4100.0,258.887337,2026
,428,,,1779702943.0567362,,1.0938762426376343,4110.0,259.2851463,2026
,429,,,1779702943.4561105,,1.0983903408050537,4120.0,259.6841968,2026
,430,,,1779702943.8563993,,1.0749391317367554,4130.0,260.0845105,2026
,431,,,1779702944.2549453,,1.1107311248779297,4140.0,260.4831592,2026
,432,,,1779702944.6579618,,1.0916839838027954,4150.0,260.8861932,2026
,433,,,1779702945.0577664,,1.0934295654296875,4160.0,261.2858511,2026
,434,,,1779702945.4566734,,1.0852482318878174,4170.0,261.6847593,2026
,435,,,1779702945.8537664,,1.0744903087615967,4180.0,262.0825005,2026
,436,,,1779702946.2558656,,1.0944404602050781,4190.0,262.4839526,2026
,437,,,1779702946.657694,,1.0889356136322021,4200.0,262.8859549,2026
,438,,,1779702947.0572922,,1.0665943622589111,4210.0,263.2859451,2026
,439,,,1779702947.4577785,,1.0865556001663208,4220.0,263.6858627,2026
,440,,,1779702947.8564043,,1.094123363494873,4230.0,264.0844894,2026
,441,,,1779702948.253799,,1.0846515893936157,4240.0,264.4824462,2026
1.4831527471542358,442,,0.00015103031213214996,1779702954.2822511,0.9934528470039368,,4250.0,270.510832,2026
,443,,,1779702954.3256989,,1.08000910282135,4250.0,270.5537816,2026
,444,,,1779702954.7239401,,1.047072172164917,4260.0,270.9521179,2026
,445,,,1779702955.12673,,1.0974833965301514,4270.0,271.3548124,2026
,446,,,1779702955.527017,,1.0574049949645996,4280.0,271.7551009,2026
,447,,,1779702955.9256227,,1.0975416898727417,4290.0,272.1537109,2026
,448,,,1779702956.3335721,,1.1198399066925049,4300.0,272.5618632,2026
,449,,,1779702956.737656,,1.0657482147216797,4310.0,272.9657563,2026
,450,,,1779702957.1369567,,1.0585201978683472,4320.0,273.3657781,2026
,451,,,1779702957.5416842,,1.0813343524932861,4330.0,273.7698819,2026
,452,,,1779702957.9417338,,1.0868511199951172,4340.0,274.1698199,2026
,453,,,1779702958.3391078,,1.0825334787368774,4350.0,274.5673422,2026
,454,,,1779702958.7487144,,1.0664284229278564,4360.0,274.9768739,2026
,455,,,1779702959.1499445,,1.088621973991394,4370.0,275.3775237,2026
,456,,,1779702959.5496721,,1.065206527709961,4380.0,275.7779288,2026
,457,,,1779702959.950192,,1.0561797618865967,4390.0,276.1782769,2026
,458,,,1779702960.3489451,,1.1042743921279907,4400.0,276.577031,2026
,459,,,1779702960.7485664,,1.0832592248916626,4410.0,276.9766507,2026
,460,,,1779702961.146228,,1.091652274131775,4420.0,277.3746165,2026
,461,,,1779702961.5434375,,1.0643784999847412,4430.0,277.7725819,2026
,462,,,1779702961.9450111,,1.0852411985397339,4440.0,278.1738745,2026
,463,,,1779702962.348029,,1.077465534210205,4450.0,278.5761142,2026
,464,,,1779702962.7506695,,1.0897948741912842,4460.0,278.9787532,2026
,465,,,1779702963.153436,,1.064776062965393,4470.0,279.3821383,2026
,466,,,1779702963.5572696,,1.0480983257293701,4480.0,279.7853786,2026
,467,,,1779702963.9560301,,1.0728570222854614,4490.0,280.1844806,2026
1.4934002161026,468,,0.00012292491384519912,1779702969.9125962,0.9786128401756287,,4500.0,286.1407066,2026
,469,,,1779702969.9554613,,1.0914514064788818,4500.0,286.1836562,2026
,470,,,1779702970.354264,,1.0877532958984375,4510.0,286.5833649,2026
,471,,,1779702970.7540715,,1.0508842468261719,4520.0,286.9821574,2026
,472,,,1779702971.1538057,,1.0869784355163574,4530.0,287.3818935,2026
,473,,,1779702971.5542035,,1.0658081769943237,4540.0,287.7822888,2026
,474,,,1779702971.9569564,,1.063234567642212,4550.0,288.1845353,2026
,475,,,1779702972.3559225,,1.0512412786483765,4560.0,288.5840171,2026
,476,,,1779702972.7576923,,1.046322226524353,4570.0,288.9857789,2026
,477,,,1779702973.163598,,1.0505504608154297,4580.0,289.3916835,2026
,478,,,1779702973.5614548,,1.040314793586731,4590.0,289.7895433,2026
,479,,,1779702973.961479,,1.0592753887176514,4600.0,290.1896935,2026
,480,,,1779702974.3603258,,1.0607738494873047,4610.0,290.5886975,2026
,481,,,1779702974.7594967,,1.0428293943405151,4620.0,290.9875817,2026
,482,,,1779702975.1635332,,1.0599194765090942,4630.0,291.391622,2026
,483,,,1779702975.5638428,,1.0639656782150269,4640.0,291.7924366,2026
,484,,,1779702975.9635043,,1.0426284074783325,4650.0,292.1915915,2026
,485,,,1779702976.364951,,1.0403354167938232,4660.0,292.5930458,2026
,486,,,1779702976.7683911,,1.0593514442443848,4670.0,292.9970542,2026
,487,,,1779702977.1686249,,1.0805237293243408,4680.0,293.396708,2026
,488,,,1779702977.5676682,,1.0719308853149414,4690.0,293.7957534,2026
,489,,,1779702977.9667401,,1.0641402006149292,4700.0,294.1950443,2026
,490,,,1779702978.3664012,,1.0563229322433472,4710.0,294.5945161,2026
,491,,,1779702978.7676687,,1.0790935754776,4720.0,294.9957542,2026
,492,,,1779702979.1679718,,1.047637701034546,4730.0,295.3960565,2026
,493,,,1779702979.570627,,1.0788004398345947,4740.0,295.7992252,2026
1.4991111755371094,494,,0.00010576819746349742,1779702985.521594,0.9649606347084045,,4750.0,301.749173,2026
,495,,,1779702985.56417,,1.0336672067642212,4750.0,301.7923974,2026
,496,,,1779702985.9619858,,1.0791053771972656,4760.0,302.1900723,2026
,497,,,1779702986.359361,,1.0411689281463623,4770.0,302.5875941,2026
,498,,,1779702986.7580404,,1.0688740015029907,4780.0,302.9862596,2026
,499,,,1779702987.1579075,,1.0717085599899292,4790.0,303.3859924,2026
,500,,,1779702987.559393,,1.065669059753418,4800.0,303.7875052,2026
,501,,,1779702987.9584203,,1.0850625038146973,4810.0,304.1865042,2026
,502,,,1779702988.3590035,,1.0708138942718506,4820.0,304.5871081,2026
,503,,,1779702988.7624407,,1.0658985376358032,4830.0,304.9906343,2026
,504,,,1779702989.1619234,,1.0596126317977905,4840.0,305.3902415,2026
,505,,,1779702989.559864,,1.0615739822387695,4850.0,305.7879499,2026
,506,,,1779702989.9589243,,1.0728996992111206,4860.0,306.1871207,2026
,507,,,1779702990.362785,,1.043074607849121,4870.0,306.5910675,2026
,508,,,1779702990.7641866,,1.04511296749115,4880.0,306.9922714,2026
,509,,,1779702991.163814,,1.0488184690475464,4890.0,307.3921325,2026
,510,,,1779702991.56074,,1.0748549699783325,4900.0,307.7888274,2026
,511,,,1779702991.9628634,,1.0510629415512085,4910.0,308.190948,2026
,512,,,1779702992.3627322,,1.0758600234985352,4920.0,308.5909435,2026
,513,,,1779702992.7604277,,1.0563559532165527,4930.0,308.9885116,2026
,514,,,1779702993.1575756,,1.0599534511566162,4940.0,309.385662,2026
,515,,,1779702993.5630527,,1.0401756763458252,4950.0,309.7917979,2026
,516,,,1779702993.967723,,1.0649470090866089,4960.0,310.1962696,2026
,517,,,1779702994.3682652,,1.071962833404541,4970.0,310.5965092,2026
,518,,,1779702994.7700193,,1.0632208585739136,4980.0,310.9983315,2026
,519,,,1779702995.1656883,,1.0868059396743774,4990.0,311.3937746,2026
1.4929481744766235,520,,0.0001,1779703001.149141,0.9567761421203613,,5000.0,317.3777725,2026
,521,,,1779703001.191833,,1.0486632585525513,5000.0,317.4199421,2026
,522,"{'path': 'media/html/Sample Generation_522_25b65c61b2cb46c82aee.html', 'size': 271, '_type': 'html-file', 'sha256': '25b65c61b2cb46c82aee69b36ad74e79c834b6e9f532d34e056f8e47a603fe00'}",,1779703002.0387893,,,,318.2667532,2026
