_step,val/loss,lr,train/loss,Sample Generation,_runtime,iter,_timestamp,train/step_loss
0,4.299291133880615,9.900990099009901e-06,4.306077480316162,,6.3800079,0.0,1779643028.9188702,
1,,,,,6.4330358,0.0,1779643028.971833,4.292972564697266
2,,,,,6.8525785,10.0,1779643029.39194,3.190948486328125
3,,,,,7.2651469,20.0,1779643029.8045046,2.7586121559143066
4,,,,,7.6789982,30.0,1779643030.2183614,2.6249630451202393
5,,,,,8.0982429,40.0,1779643030.6375725,2.575788974761963
6,,,,,8.5213772,50.0,1779643031.0606654,2.5316600799560547
7,,,,,8.9452611,60.0,1779643031.4845865,2.4910950660705566
8,,,,,9.3666776,70.0,1779643031.9059572,2.512108564376831
9,,,,,9.7888839,80.0,1779643032.3277526,2.4634010791778564
10,,,,,10.211458,90.0,1779643032.7508204,2.477736473083496
11,,,,,10.6288772,100.0,1779643033.1682432,2.4090416431427
12,,,,,11.0523029,110.0,1779643033.5914977,2.4389522075653076
13,,,,,11.4767832,120.0,1779643034.015613,2.399137258529663
14,,,,,11.8975059,130.0,1779643034.4368715,2.3859004974365234
15,,,,,12.3266673,140.0,1779643034.8659363,2.3584628105163574
16,,,,,12.7488206,150.0,1779643035.2881815,2.2833151817321777
17,,,,,13.1600135,160.0,1779643035.6992538,2.3048226833343506
18,,,,,13.5821364,170.0,1779643036.1215005,2.239549160003662
19,,,,,14.007669,180.0,1779643036.5453088,2.1909327507019043
20,,,,,14.4333604,190.0,1779643036.972725,2.162872791290283
21,,,,,14.8628223,200.0,1779643037.4019625,2.145129680633545
22,,,,,15.2862022,210.0,1779643037.8255668,2.088563919067383
23,,,,,15.704582,220.0,1779643038.2436268,2.0572335720062256
24,,,,,16.1274566,230.0,1779643038.6667671,2.102520704269409
25,,,,,16.5550805,240.0,1779643039.0944462,2.048231363296509
26,2.055234670639038,0.0009979206008271391,1.9577255249023438,,22.705132,250.0,1779643045.244184,
27,,,,,22.7544212,250.0,1779643045.293688,1.948179841041565
28,,,,,23.1743647,260.0,1779643045.7130952,2.013619899749756
29,,,,,23.597588299999998,270.0,1779643046.1369545,2.011495590209961
30,,,,,24.0180038,280.0,1779643046.5561955,1.9750587940216064
31,,,,,24.4385914,290.0,1779643046.9784622,1.9598135948181152
32,,,,,24.8641498,300.0,1779643047.403515,1.920664668083191
33,,,,,25.2864205,310.0,1779643047.8255272,1.9363746643066406
34,,,,,25.7066573,320.0,1779643048.2453127,1.8607194423675537
35,,,,,26.1326172,330.0,1779643048.6719825,1.8564015626907349
36,,,,,26.5686988,340.0,1779643049.1071918,1.8837897777557373
37,,,,,26.9917558,350.0,1779643049.5311222,1.8552485704421997
38,,,,,27.4143156,360.0,1779643049.9530013,1.8085248470306396
39,,,,,27.8361403,370.0,1779643050.375506,1.7755851745605469
40,,,,,28.2613222,380.0,1779643050.8006866,1.8355143070220947
41,,,,,28.6828279,390.0,1779643051.2219102,1.8050521612167358
42,,,,,29.1075179,400.0,1779643051.6468768,1.7769805192947388
43,,,,,29.5372612,410.0,1779643052.075626,1.7447426319122314
44,,,,,29.9539267,420.0,1779643052.4932413,1.7434232234954834
45,,,,,30.3710733,430.0,1779643052.9103858,1.7427343130111694
46,,,,,30.7970537,440.0,1779643053.3364205,1.7722018957138062
47,,,,,31.2262824,450.0,1779643053.766153,1.6644494533538818
48,,,,,31.6438002,460.0,1779643054.183155,1.7475991249084473
49,,,,,32.0741791,470.0,1779643054.6135447,1.700215220451355
50,,,,,32.5002389,480.0,1779643055.0394688,1.7369972467422485
51,,,,,32.920638,490.0,1779643055.4600003,1.6672059297561646
52,1.7993203401565552,0.0009852826883675631,1.6159117221832275,,39.0670611,500.0,1779643061.605948,
53,,,,,39.1142293,500.0,1779643061.6526957,1.6613236665725708
54,,,,,39.5496937,510.0,1779643062.0890605,1.668708086013794
55,,,,,39.9705691,520.0,1779643062.5104399,1.6777335405349731
56,,,,,40.4022814,530.0,1779643062.941468,1.6761384010314941
57,,,,,40.8334554,540.0,1779643063.37211,1.6984905004501343
58,,,,,41.253141,550.0,1779643063.7922313,1.6676626205444336
59,,,,,41.6699279,560.0,1779643064.2092826,1.6110812425613403
60,,,,,42.0942201,570.0,1779643064.6335204,1.6605141162872314
61,,,,,42.5225891,580.0,1779643065.0617719,1.614298701286316
62,,,,,42.9485104,590.0,1779643065.4878418,1.611493468284607
63,,,,,43.3705339,600.0,1779643065.90987,1.609582543373108
64,,,,,43.7986927,610.0,1779643066.338057,1.6170322895050049
65,,,,,44.2213537,620.0,1779643066.7607393,1.599595069885254
66,,,,,44.647143,630.0,1779643067.1854208,1.5896354913711548
67,,,,,45.0726746,640.0,1779643067.6120412,1.6021854877471924
68,,,,,45.5010792,650.0,1779643068.0400712,1.587235689163208
69,,,,,45.9275199,660.0,1779643068.4662037,1.582413673400879
70,,,,,46.3517659,670.0,1779643068.8908656,1.602502703666687
71,,,,,46.7822549,680.0,1779643069.3210711,1.5684741735458374
72,,,,,47.2064228,690.0,1779643069.7456932,1.568421721458435
73,,,,,47.6368939,700.0,1779643070.176765,1.5779708623886108
74,,,,,48.062706,710.0,1779643070.6020722,1.546568512916565
75,,,,,48.4898278,720.0,1779643071.0291893,1.6144731044769287
76,,,,,48.9154522,730.0,1779643071.4547136,1.5808205604553223
77,,,,,49.3396706,740.0,1779643071.8780348,1.5744128227233887
78,1.6672455072402954,0.0009614856803571157,1.468245029449463,,55.5268912,750.0,1779643078.0658004,
79,,,,,55.5711366,750.0,1779643078.1104941,1.4959577322006226
80,,,,,55.9982795,760.0,1779643078.5381503,1.5551937818527222
81,,,,,56.4267703,770.0,1779643078.9661353,1.5240107774734497
82,,,,,56.8508243,780.0,1779643079.3901627,1.5410300493240356
83,,,,,57.2763422,790.0,1779643079.8147655,1.5529958009719849
84,,,,,57.704663,800.0,1779643080.2437003,1.5187427997589111
85,,,,,58.1310126,810.0,1779643080.6703784,1.4706584215164185
86,,,,,58.5510106,820.0,1779643081.0897334,1.5309484004974365
87,,,,,58.9774264,830.0,1779643081.5167859,1.506710171699524
88,,,,,59.4103418,840.0,1779643081.9497046,1.4720804691314697
89,,,,,59.8341001,850.0,1779643082.3733597,1.498376488685608
90,,,,,60.2619379,860.0,1779643082.801283,1.5255311727523804
91,,,,,60.6894707,870.0,1779643083.228833,1.4861592054367065
92,,,,,61.1136684,880.0,1779643083.6530323,1.494017243385315
93,,,,,61.5355674,890.0,1779643084.0746534,1.4919387102127075
94,,,,,61.9639261,900.0,1779643084.5032146,1.494052529335022
95,,,,,62.3943702,910.0,1779643084.9337354,1.4726996421813965
96,,,,,62.8131975,920.0,1779643085.3525438,1.4760253429412842
97,,,,,63.2477596,930.0,1779643085.7869482,1.475380301475525
98,,,,,63.6754221,940.0,1779643086.2146792,1.4601823091506958
99,,,,,64.1034496,950.0,1779643086.642815,1.428933024406433
100,,,,,64.5329711,960.0,1779643087.0720365,1.472658634185791
101,,,,,64.9644832,970.0,1779643087.5036833,1.434697151184082
102,,,,,65.3948712,980.0,1779643087.934742,1.4496469497680664
103,,,,,65.8224909,990.0,1779643088.3618567,1.4353821277618408
104,1.5805583000183105,0.0009271396472013282,1.3756065368652344,,72.0000084,1000.0,1779643094.5398793,
105,,,,,72.0452349,1000.0,1779643094.584349,1.41196608543396
106,,,,,72.4727206,1010.0,1779643095.0118544,1.4231972694396973
107,,,,,72.9017786,1020.0,1779643095.4411426,1.4210773706436157
108,,,,,73.3266092,1030.0,1779643095.8659754,1.426926851272583
109,,,,,73.7536812,1040.0,1779643096.2930422,1.4387625455856323
110,,,,,74.1795825,1050.0,1779643096.7184384,1.4253202676773071
111,,,,,74.6083193,1060.0,1779643097.147686,1.4236594438552856
112,,,,,75.0324489,1070.0,1779643097.571741,1.4115890264511108
113,,,,,75.4790156,1080.0,1779643098.017518,1.4354735612869263
114,,,,,75.9115955,1090.0,1779643098.4509594,1.4254611730575562
115,,,,,76.3372222,1100.0,1779643098.8754046,1.37125825881958
116,,,,,76.7687486,1110.0,1779643099.3071313,1.421993374824524
117,,,,,77.1903274,1120.0,1779643099.7296927,1.3864152431488037
118,,,,,77.6193203,1130.0,1779643100.1584702,1.374892234802246
119,,,,,78.046409,1140.0,1779643100.5856688,1.4599807262420654
120,,,,,78.468887,1150.0,1779643101.0082529,1.4194238185882568
121,,,,,78.887126,1160.0,1779643101.4264686,1.4146018028259277
122,,,,,79.3222174,1170.0,1779643101.8608649,1.3433935642242432
123,,,,,79.7524825,1180.0,1779643102.291849,1.4185800552368164
124,,,,,80.1760933,1190.0,1779643102.715386,1.4068701267242432
125,,,,,80.6030838,1200.0,1779643103.142287,1.3690588474273682
126,,,,,81.0353964,1210.0,1779643103.5747616,1.413575530052185
127,,,,,81.4578825,1220.0,1779643103.9964545,1.4007461071014404
128,,,,,81.8840809,1230.0,1779643104.4225798,1.3665257692337036
129,,,,,82.3164895,1240.0,1779643104.85508,1.3915969133377075
130,1.5593205690383911,0.000883125098683892,1.3287310600280762,,88.490477,1250.0,1779643111.029645,
131,,,,,88.5384447,1250.0,1779643111.0770674,1.401341199874878
132,,,,,88.9685344,1260.0,1779643111.5078988,1.393983006477356
133,,,,,89.3968099,1270.0,1779643111.9359977,1.416081428527832
134,,,,,89.826226,1280.0,1779643112.3655903,1.3916642665863037
135,,,,,90.2532708,1290.0,1779643112.792464,1.3457828760147095
136,,,,,90.6795484,1300.0,1779643113.2188892,1.3771562576293945
137,,,,,91.105734,1310.0,1779643113.6450808,1.3863918781280518
138,,,,,91.5277437,1320.0,1779643114.0670831,1.3626337051391602
139,,,,,91.955059,1330.0,1779643114.494403,1.3765532970428467
140,,,,,92.3831674,1340.0,1779643114.922532,1.3882521390914917
141,,,,,92.8091078,1350.0,1779643115.348475,1.3718074560165405
142,,,,,93.2391747,1360.0,1779643115.7784574,1.3703275918960571
143,,,,,93.6676775,1370.0,1779643116.2070432,1.3832255601882935
144,,,,,94.0926464,1380.0,1779643116.6317945,1.344110131263733
145,,,,,94.5134981,1390.0,1779643117.0528631,1.327717661857605
146,,,,,94.9415664,1400.0,1779643117.4805665,1.351189136505127
147,,,,,95.373142,1410.0,1779643117.911716,1.3427228927612305
148,,,,,95.7988504,1420.0,1779643118.3382173,1.3154882192611694
149,,,,,96.2267182,1430.0,1779643118.7660832,1.3438069820404053
150,,,,,96.6480649,1440.0,1779643119.1874304,1.3846137523651123
151,,,,,97.0678081,1450.0,1779643119.6071734,1.3163609504699707
152,,,,,97.4940178,1460.0,1779643120.033383,1.336722493171692
153,,,,,97.9192625,1470.0,1779643120.4586287,1.3671627044677734
154,,,,,98.3445823,1480.0,1779643120.8833227,1.3084698915481567
155,,,,,98.7686213,1490.0,1779643121.3079567,1.2986698150634766
156,1.5316429138183594,0.0008305704108364302,1.2831753492355347,,104.9484898,1500.0,1779643127.4871337,
157,,,,,104.994716,1500.0,1779643127.533942,1.3195964097976685
158,,,,,105.4231934,1510.0,1779643127.9619966,1.3782284259796143
159,,,,,105.8489438,1520.0,1779643128.3882813,1.3015642166137695
160,,,,,106.2776871,1530.0,1779643128.817053,1.2955256700515747
161,,,,,106.708059,1540.0,1779643129.24742,1.3448469638824463
162,,,,,107.1271192,1550.0,1779643129.6663544,1.3536900281906128
163,,,,,107.5571463,1560.0,1779643130.0964015,1.3154914379119873
164,,,,,107.9870577,1570.0,1779643130.5264206,1.3274706602096558
165,,,,,108.4099396,1580.0,1779643130.949306,1.3536807298660278
166,,,,,108.8364601,1590.0,1779643131.3758247,1.3329739570617676
167,,,,,109.2615346,1600.0,1779643131.800863,1.3348395824432373
168,,,,,109.6810517,1610.0,1779643132.220417,1.3189510107040405
169,,,,,110.1070539,1620.0,1779643132.6464164,1.3141632080078125
170,,,,,110.5465122,1630.0,1779643133.0858774,1.2959932088851929
171,,,,,110.9723494,1640.0,1779643133.511495,1.3488571643829346
172,,,,,111.3890242,1650.0,1779643133.928895,1.3437199592590332
173,,,,,111.8135986,1660.0,1779643134.3530614,1.333638310432434
174,,,,,112.2467546,1670.0,1779643134.7861197,1.3511874675750732
175,,,,,112.6762381,1680.0,1779643135.2156043,1.302869439125061
176,,,,,113.1043083,1690.0,1779643135.6436744,1.3270385265350342
177,,,,,113.5248967,1700.0,1779643136.0642607,1.3455657958984375
178,,,,,113.9480127,1710.0,1779643136.4873796,1.3210424184799194
179,,,,,114.3745719,1720.0,1779643136.9139385,1.3129457235336304
180,,,,,114.7917859,1730.0,1779643137.3311534,1.3003699779510498
181,,,,,115.2186609,1740.0,1779643137.758027,1.3512264490127563
182,1.5000364780426025,0.0007708228984017721,1.2434053421020508,,121.4141703,1750.0,1779643143.9533267,
183,,,,,121.4597177,1750.0,1779643143.998573,1.3207714557647705
184,,,,,121.8837575,1760.0,1779643144.422855,1.3085840940475464
185,,,,,122.3109165,1770.0,1779643144.8504212,1.3264418840408325
186,,,,,122.7350472,1780.0,1779643145.274414,1.317744255065918
187,,,,,123.1653461,1790.0,1779643145.704694,1.250260353088379
188,,,,,123.594121,1800.0,1779643146.1334546,1.2893528938293457
189,,,,,124.0149413,1810.0,1779643146.554283,1.323731780052185
190,,,,,124.444625,1820.0,1779643146.9840055,1.2916653156280518
191,,,,,124.8717689,1830.0,1779643147.411135,1.2974882125854492
192,,,,,125.2993904,1840.0,1779643147.8387563,1.2698866128921509
193,,,,,125.7256452,1850.0,1779643148.2650106,1.2480289936065674
194,,,,,126.1540761,1860.0,1779643148.693433,1.263537049293518
195,,,,,126.5816055,1870.0,1779643149.1206152,1.3090965747833252
196,,,,,127.0042966,1880.0,1779643149.543663,1.2853732109069824
197,,,,,127.4357955,1890.0,1779643149.9742305,1.2849456071853638
198,,,,,127.8662404,1900.0,1779643150.405607,1.2948940992355347
199,,,,,128.2904645,1910.0,1779643150.8296297,1.3111227750778198
200,,,,,128.7136859,1920.0,1779643151.2535567,1.2816318273544312
201,,,,,129.1473233,1930.0,1779643151.6866891,1.3211135864257812
202,,,,,129.5780509,1940.0,1779643152.1174154,1.301058292388916
203,,,,,129.9998733,1950.0,1779643152.5388803,1.2781929969787598
204,,,,,130.4245564,1960.0,1779643152.9639158,1.2930359840393066
205,,,,,130.8460047,1970.0,1779643153.3849802,1.2856552600860596
206,,,,,131.2730367,1980.0,1779643153.8124022,1.2469133138656616
207,,,,,131.7026309,1990.0,1779643154.2412498,1.2651551961898804
208,1.4845433235168457,0.0007054142744895884,1.208392858505249,,137.8938981,2000.0,1779643160.4326131,
209,,,,,137.939099,2000.0,1779643160.478368,1.2631975412368774
210,,,,,138.3590045,2010.0,1779643160.8981605,1.290981411933899
211,,,,,138.7853082,2020.0,1779643161.3243976,1.2657594680786133
212,,,,,139.2126586,2030.0,1779643161.7520244,1.2823150157928467
213,,,,,139.636721,2040.0,1779643162.1750844,1.2994683980941772
214,,,,,140.0630063,2050.0,1779643162.6020324,1.2574903964996338
215,,,,,140.483287,2060.0,1779643163.0220838,1.2878004312515259
216,,,,,140.9089756,2070.0,1779643163.4482896,1.289662480354309
217,,,,,141.3416355,2080.0,1779643163.8810017,1.2807656526565552
218,,,,,141.7714357,2090.0,1779643164.3108006,1.2346394062042236
219,,,,,142.1970927,2100.0,1779643164.7364604,1.23117196559906
220,,,,,142.6197409,2110.0,1779643165.1584475,1.2353490591049194
221,,,,,143.0493667,2120.0,1779643165.5892375,1.2365905046463013
222,,,,,143.4711041,2130.0,1779643166.0103872,1.2366535663604736
223,,,,,143.8942768,2140.0,1779643166.4336414,1.2394639253616333
224,,,,,144.3227837,2150.0,1779643166.8621447,1.2482980489730835
225,,,,,144.7491136,2160.0,1779643167.2880912,1.2422882318496704
226,,,,,145.1800792,2170.0,1779643167.719446,1.2719943523406982
227,,,,,145.604016,2180.0,1779643168.1428816,1.2553644180297852
228,,,,,146.0373052,2190.0,1779643168.5761762,1.2478910684585571
229,,,,,146.4663539,2200.0,1779643169.0055292,1.2622721195220947
230,,,,,146.8888341,2210.0,1779643169.4276621,1.2676036357879639
231,,,,,147.3233874,2220.0,1779643169.8627508,1.2300573587417603
232,,,,,147.7497101,2230.0,1779643170.2889073,1.2506319284439087
233,,,,,148.1761249,2240.0,1779643170.715449,1.2467739582061768
234,1.4808456897735596,0.0006360213829156177,1.179274559020996,,154.3669481,2250.0,1779643176.9059556,
235,,,,,154.4121487,2250.0,1779643176.951018,1.2228257656097412
236,,,,,154.8410778,2260.0,1779643177.3804216,1.2571769952774048
237,,,,,155.2608899,2270.0,1779643177.800246,1.2517304420471191
238,,,,,155.6835388,2280.0,1779643178.222409,1.231656789779663
239,,,,,156.112569,2290.0,1779643178.651907,1.236419439315796
240,,,,,156.5400076,2300.0,1779643179.0791616,1.2543648481369019
241,,,,,156.9671447,2310.0,1779643179.5065086,1.2509739398956299
242,,,,,157.398296,2320.0,1779643179.9373078,1.2313792705535889
243,,,,,157.8248811,2330.0,1779643180.3640125,1.2801165580749512
244,,,,,158.2485719,2340.0,1779643180.7879372,1.212262749671936
245,,,,,158.6658686,2350.0,1779643181.2049618,1.2387616634368896
246,,,,,159.0838801,2360.0,1779643181.6230035,1.2102910280227661
247,,,,,159.5137082,2370.0,1779643182.0526223,1.210825800895691
248,,,,,159.9346895,2380.0,1779643182.474055,1.2202638387680054
249,,,,,160.3652423,2390.0,1779643182.904605,1.2049223184585571
250,,,,,160.7900766,2400.0,1779643183.3294432,1.217467188835144
251,,,,,161.2215888,2410.0,1779643183.7609549,1.2359659671783447
252,,,,,161.6549628,2420.0,1779643184.193929,1.2049617767333984
253,,,,,162.0896137,2430.0,1779643184.6289785,1.2714040279388428
254,,,,,162.5150503,2440.0,1779643185.0549212,1.2284471988677979
255,,,,,162.93948,2450.0,1779643185.4783316,1.199053168296814
256,,,,,163.37261,2460.0,1779643185.9119544,1.198218822479248
257,,,,,163.7987803,2470.0,1779643186.3376505,1.2230441570281982
258,,,,,164.2243435,2480.0,1779643186.7637095,1.2350621223449707
259,,,,,164.6543968,2490.0,1779643187.192958,1.2332361936569214
260,1.4723916053771973,0.000564423209907245,1.1509814262390137,,170.8593771,2500.0,1779643193.3986044,
261,,,,,170.9075089,2500.0,1779643193.4465864,1.2618849277496338
262,,,,,171.3321589,2510.0,1779643193.8715255,1.2123106718063354
263,,,,,171.7591316,2520.0,1779643194.2984953,1.1995540857315063
264,,,,,172.1818425,2530.0,1779643194.721205,1.2355611324310303
265,,,,,172.6033076,2540.0,1779643195.142211,1.1753208637237549
266,,,,,173.0360353,2550.0,1779643195.5751214,1.195112943649292
267,,,,,173.4630937,2560.0,1779643196.001474,1.2071844339370728
268,,,,,173.8905407,2570.0,1779643196.4296968,1.2049368619918823
269,,,,,174.3188584,2580.0,1779643196.8568146,1.1842727661132812
270,,,,,174.7496614,2590.0,1779643197.2890246,1.216459035873413
271,,,,,175.1738353,2600.0,1779643197.7130861,1.2247649431228638
272,,,,,175.605874,2610.0,1779643198.1451886,1.2175743579864502
273,,,,,176.0286575,2620.0,1779643198.5678477,1.2242531776428223
274,,,,,176.4569493,2630.0,1779643198.996316,1.2457095384597778
275,,,,,176.8903284,2640.0,1779643199.4291537,1.2491315603256226
276,,,,,177.3222622,2650.0,1779643199.8615417,1.2081971168518066
277,,,,,177.7539237,2660.0,1779643200.2932,1.190557599067688
278,,,,,178.1793656,2670.0,1779643200.7187324,1.1918412446975708
279,,,,,178.608303,2680.0,1779643201.147668,1.2215700149536133
280,,,,,179.0373308,2690.0,1779643201.5762036,1.2098047733306885
281,,,,,179.4676255,2700.0,1779643202.0069432,1.2015882730484009
282,,,,,179.8957464,2710.0,1779643202.4351122,1.2125390768051147
283,,,,,180.3250358,2720.0,1779643202.8643756,1.204604983329773
284,,,,,180.7513088,2730.0,1779643203.2906718,1.1876029968261719
285,,,,,181.182711,2740.0,1779643203.722582,1.218158483505249
286,1.4744164943695068,0.0004924552772419723,1.1227856874465942,,187.410924,2750.0,1779643209.9498034,
287,,,,,187.4579277,2750.0,1779643209.9971766,1.162061333656311
288,,,,,187.8846642,2760.0,1779643210.4234655,1.1435375213623047
289,,,,,188.3084182,2770.0,1779643210.8477848,1.1817643642425537
290,,,,,188.7268386,2780.0,1779643211.266204,1.1895575523376465
291,,,,,189.1511759,2790.0,1779643211.6905427,1.1728038787841797
292,,,,,189.5780654,2800.0,1779643212.1174052,1.2266817092895508
293,,,,,190.0034046,2810.0,1779643212.5427706,1.157999038696289
294,,,,,190.4369488,2820.0,1779643212.9763021,1.1752064228057861
295,,,,,190.8622776,2830.0,1779643213.4014592,1.1922177076339722
296,,,,,191.2970325,2840.0,1779643213.836093,1.2115893363952637
297,,,,,191.7245331,2850.0,1779643214.263897,1.2026172876358032
298,,,,,192.1488738,2860.0,1779643214.6881833,1.2072151899337769
299,,,,,192.5789896,2870.0,1779643215.1188605,1.2228736877441406
300,,,,,193.0064557,2880.0,1779643215.5455701,1.1906288862228394
301,,,,,193.4304027,2890.0,1779643215.9697676,1.1894103288650513
302,,,,,193.8486512,2900.0,1779643216.387956,1.2040338516235352
303,,,,,194.2821797,2910.0,1779643216.8215454,1.219078540802002
304,,,,,194.7130973,2920.0,1779643217.252462,1.1713430881500244
305,,,,,195.1383522,2930.0,1779643217.676815,1.2075666189193726
306,,,,,195.5664989,2940.0,1779643218.1058655,1.1725311279296875
307,,,,,195.9867522,2950.0,1779643218.5253906,1.1570088863372803
308,,,,,196.4231454,2960.0,1779643218.9625027,1.1631778478622437
309,,,,,196.8534777,2970.0,1779643219.392198,1.2223623991012573
310,,,,,197.2802323,2980.0,1779643219.8195925,1.187515377998352
311,,,,,197.7051247,2990.0,1779643220.24449,1.1536500453948975
312,1.4736329317092896,0.0004219625860160354,1.0971070528030396,,203.8712307,3000.0,1779643226.409644,
313,,,,,203.9153921,3000.0,1779643226.4547584,1.2026207447052002
314,,,,,204.3408248,3010.0,1779643226.8801885,1.164883017539978
315,,,,,204.7673366,3020.0,1779643227.3062336,1.1457788944244385
316,,,,,205.1970648,3030.0,1779643227.736235,1.1545109748840332
317,,,,,205.6250354,3040.0,1779643228.1643991,1.1535260677337646
318,,,,,206.0603791,3050.0,1779643228.599735,1.1707727909088135
319,,,,,206.4859139,3060.0,1779643229.0247643,1.1909807920455933
320,,,,,206.9137546,3070.0,1779643229.453119,1.1624085903167725
321,,,,,207.341835,3080.0,1779643229.8804805,1.152974247932434
322,,,,,207.7693416,3090.0,1779643230.3070152,1.1472684144973755
323,,,,,208.1909879,3100.0,1779643230.7300465,1.184403657913208
324,,,,,208.6223666,3110.0,1779643231.160986,1.1736481189727783
325,,,,,209.0435797,3120.0,1779643231.5829453,1.1399024724960327
326,,,,,209.4634263,3130.0,1779643232.0022063,1.2134146690368652
327,,,,,209.891674,3140.0,1779643232.431036,1.1528630256652832
328,,,,,210.318771,3150.0,1779643232.8578463,1.1204419136047363
329,,,,,210.7450647,3160.0,1779643233.2844303,1.160693883895874
330,,,,,211.1748192,3170.0,1779643233.7141848,1.1809136867523193
331,,,,,211.6012244,3180.0,1779643234.1405883,1.1727653741836548
332,,,,,212.0289324,3190.0,1779643234.5682967,1.1577773094177246
333,,,,,212.4599043,3200.0,1779643234.999132,1.1538680791854858
334,,,,,212.8904993,3210.0,1779643235.429866,1.166764497756958
335,,,,,213.3214933,3220.0,1779643235.860859,1.1805921792984009
336,,,,,213.748753,3230.0,1779643236.2879543,1.1636015176773071
337,,,,,214.1746945,3240.0,1779643236.7145653,1.1334902048110962
338,1.480698823928833,0.00035475231739709885,1.0719451904296875,,220.3829492,3250.0,1779643242.9221613,
339,,,,,220.4309841,3250.0,1779643242.9702787,1.1386308670043945
340,,,,,220.8496203,3260.0,1779643243.3888588,1.1447460651397705
341,,,,,221.2897589,3270.0,1779643243.829125,1.1561572551727295
342,,,,,221.7159669,3280.0,1779643244.2553275,1.1481510400772095
343,,,,,222.1462458,3290.0,1779643244.6855934,1.1562371253967285
344,,,,,222.5735918,3300.0,1779643245.112856,1.135520100593567
345,,,,,223.0009135,3310.0,1779643245.5400739,1.1359729766845703
346,,,,,223.4227981,3320.0,1779643245.962163,1.1626529693603516
347,,,,,223.8472238,3330.0,1779643246.3865895,1.1142082214355469
348,,,,,224.2847873,3340.0,1779643246.8241503,1.1089857816696167
349,,,,,224.7163347,3350.0,1779643247.255699,1.1236542463302612
350,,,,,225.1399548,3360.0,1779643247.6793194,1.1527786254882812
351,,,,,225.5688764,3370.0,1779643248.1082435,1.1549514532089233
352,,,,,225.9966986,3380.0,1779643248.536066,1.1261088848114014
353,,,,,226.4171149,3390.0,1779643248.9564798,1.1367449760437012
354,,,,,226.8523053,3400.0,1779643249.3915935,1.0953683853149414
355,,,,,227.2758486,3410.0,1779643249.815214,1.1430248022079468
356,,,,,227.702002,3420.0,1779643250.2413666,1.1459953784942627
357,,,,,228.1382158,3430.0,1779643250.6775777,1.1485034227371216
358,,,,,228.5645284,3440.0,1779643251.103187,1.1447951793670654
359,,,,,228.9932809,3450.0,1779643251.5326457,1.1214978694915771
360,,,,,229.4197338,3460.0,1779643251.9590952,1.1145981550216675
361,,,,,229.8487035,3470.0,1779643252.3880458,1.1122941970825195
362,,,,,230.2766219,3480.0,1779643252.8159878,1.1297425031661987
363,,,,,230.6989793,3490.0,1779643253.2382097,1.1558067798614502
364,1.4773560762405396,0.0002925475029450237,1.0461806058883667,,236.90709090000001,3500.0,1779643259.4459724,
365,,,,,236.9517235,3500.0,1779643259.4910846,1.135611653327942
366,,,,,237.3799638,3510.0,1779643259.9198346,1.1378858089447021
367,,,,,237.8082082,3520.0,1779643260.3472342,1.1244475841522217
368,,,,,238.2373252,3530.0,1779643260.7761962,1.1267504692077637
369,,,,,238.6594066,3540.0,1779643261.1980534,1.1199638843536377
370,,,,,239.0746536,3550.0,1779643261.6140196,1.1540954113006592
371,,,,,239.5047296,3560.0,1779643262.0431592,1.127616286277771
372,,,,,239.9293573,3570.0,1779643262.468724,1.1273752450942993
373,,,,,240.3548035,3580.0,1779643262.8931296,1.0855389833450317
374,,,,,240.7828947,3590.0,1779643263.3227656,1.1293742656707764
375,,,,,241.2097859,3600.0,1779643263.7491515,1.110992670059204
376,,,,,241.6374091,3610.0,1779643264.176311,1.1511337757110596
377,,,,,242.0620529,3620.0,1779643264.6013782,1.1257914304733276
378,,,,,242.4917356,3630.0,1779643265.0304983,1.129799723625183
379,,,,,242.9229756,3640.0,1779643265.46171,1.1417980194091797
380,,,,,243.3471097,3650.0,1779643265.886474,1.1244406700134277
381,,,,,243.7804339,3660.0,1779643266.3197992,1.1276987791061401
382,,,,,244.21116,3670.0,1779643266.7503517,1.0963140726089478
383,,,,,244.6402458,3680.0,1779643267.1795049,1.1500345468521118
384,,,,,245.0676409,3690.0,1779643267.6062365,1.0879168510437012
385,,,,,245.4952074,3700.0,1779643268.0340114,1.099120855331421
386,,,,,245.9223754,3710.0,1779643268.4616847,1.0962306261062622
387,,,,,246.353494,3720.0,1779643268.892861,1.122024655342102
388,,,,,246.7805257,3730.0,1779643269.3203967,1.0841435194015503
389,,,,,247.2152483,3740.0,1779643269.755119,1.1378846168518066
390,1.4711592197418213,0.00023694285222843113,1.0223801136016846,,253.405934,3750.0,1779643275.945488,
391,,,,,253.4510277,3750.0,1779643275.990393,1.1403614282608032
392,,,,,253.8794847,3760.0,1779643276.4188032,1.113255500793457
393,,,,,254.3081979,3770.0,1779643276.8475604,1.0928707122802734
394,,,,,254.7357205,3780.0,1779643277.275024,1.0885801315307617
395,,,,,255.1644493,3790.0,1779643277.7038147,1.0976052284240723
396,,,,,255.5882638,3800.0,1779643278.1281347,1.1001800298690796
397,,,,,256.0172212,3810.0,1779643278.5561082,1.103704810142517
398,,,,,256.4357539,3820.0,1779643278.9756248,1.1103681325912476
399,,,,,256.8651156,3830.0,1779643279.4044747,1.122990608215332
400,,,,,257.2946395,3840.0,1779643279.8331156,1.0936189889907837
401,,,,,257.7173375,3850.0,1779643280.2572083,1.106737494468689
402,,,,,258.1482174,3860.0,1779643280.6875246,1.1154111623764038
403,,,,,258.5754122,3870.0,1779643281.1147785,1.0844700336456299
404,,,,,259.0030809,3880.0,1779643281.542448,1.0988645553588867
405,,,,,259.4278655,3890.0,1779643281.9672315,1.085241436958313
406,,,,,259.8568458,3900.0,1779643282.3960254,1.0864453315734863
407,,,,,260.28331,3910.0,1779643282.8226764,1.091143012046814
408,,,,,260.7368151,3920.0,1779643283.276181,1.0867187976837158
409,,,,,261.1634963,3930.0,1779643283.702789,1.1166844367980957
410,,,,,261.5947834,3940.0,1779643284.1341465,1.1110552549362183
411,,,,,262.0200779,3950.0,1779643284.5584126,1.0720163583755493
412,,,,,262.4551287,3960.0,1779643284.9940429,1.1141350269317627
413,,,,,262.8856456,3970.0,1779643285.4244573,1.1059283018112183
414,,,,,263.3124592,3980.0,1779643285.8518243,1.0706002712249756
415,,,,,263.7465328,3990.0,1779643286.2858975,1.1112293004989624
416,1.480839490890503,0.00018936387015941957,1.0024902820587158,,269.9398641,4000.0,1779643292.4792287,
417,,,,,269.9848762,4000.0,1779643292.5242286,1.1349258422851562
418,,,,,270.4085489,4010.0,1779643292.9468906,1.094174861907959
419,,,,,270.8402767,4020.0,1779643293.3795414,1.0936962366104126
420,,,,,271.2700795,4030.0,1779643293.8094463,1.0999672412872314
421,,,,,271.6980138,4040.0,1779643294.2373736,1.0913957357406616
422,,,,,272.120349,4050.0,1779643294.6586082,1.0888515710830688
423,,,,,272.548103,4060.0,1779643295.0870464,1.114424228668213
424,,,,,272.9729234,4070.0,1779643295.5116026,1.0996067523956299
425,,,,,273.3971748,4080.0,1779643295.9365,1.0874027013778687
426,,,,,273.8282456,4090.0,1779643296.3676076,1.087492823600769
427,,,,,274.2572457,4100.0,1779643296.7966106,1.0851973295211792
428,,,,,274.6806827,4110.0,1779643297.2198353,1.1197526454925537
429,,,,,275.1070013,4120.0,1779643297.6460319,1.0907760858535767
430,,,,,275.5350504,4130.0,1779643298.0744166,1.1179198026657104
431,,,,,275.9610159,4140.0,1779643298.5003796,1.05849289894104
432,,,,,276.3908368,4150.0,1779643298.9302018,1.0752938985824585
433,,,,,276.8197168,4160.0,1779643299.358155,1.0876437425613403
434,,,,,277.2472681,4170.0,1779643299.7871392,1.0744773149490356
435,,,,,277.669369,4180.0,1779643300.2092397,1.0485155582427979
436,,,,,278.1052454,4190.0,1779643300.6446118,1.0895555019378662
437,,,,,278.5294917,4200.0,1779643301.0687075,1.0862584114074707
438,,,,,278.954038,4210.0,1779643301.4927619,1.0684293508529663
439,,,,,279.3801675,4220.0,1779643301.9195333,1.0813831090927124
440,,,,,279.8102926,4230.0,1779643302.349645,1.1090630292892456
441,,,,,280.2379524,4240.0,1779643302.7770362,1.0726251602172852
442,1.4852070808410645,0.00015103031213214996,0.9866777658462524,,286.438063,4250.0,1779643308.9772568,
443,,,,,286.4824757,4250.0,1779643309.0217266,1.0773626565933228
444,,,,,286.9094495,4260.0,1779643309.4488142,1.0554282665252686
445,,,,,287.3318243,4270.0,1779643309.8711896,1.078452467918396
446,,,,,287.7614419,4280.0,1779643310.3005652,1.0985186100006104
447,,,,,288.1957223,4290.0,1779643310.734222,1.0664676427841187
448,,,,,288.6279931,4300.0,1779643311.1671813,1.0945547819137573
449,,,,,289.0515921,4310.0,1779643311.590959,1.0967484712600708
450,,,,,289.4878293,4320.0,1779643312.0269737,1.102703332901001
451,,,,,289.9120677,4330.0,1779643312.4504328,1.0876444578170776
452,,,,,290.3461612,4340.0,1779643312.8855245,1.1046055555343628
453,,,,,290.7707165,4350.0,1779643313.3100812,1.0808193683624268
454,,,,,291.2010002,4360.0,1779643313.7403674,1.0728298425674438
455,,,,,291.6266242,4370.0,1779643314.1658635,1.060376524925232
456,,,,,292.0494219,4380.0,1779643314.588789,1.0818023681640625
457,,,,,292.4864252,4390.0,1779643315.0262961,1.0671640634536743
458,,,,,292.9201047,4400.0,1779643315.4594698,1.068725824356079
459,,,,,293.3498059,4410.0,1779643315.8891697,1.0423178672790527
460,,,,,293.7765389,4420.0,1779643316.315905,1.0465106964111328
461,,,,,294.2043545,4430.0,1779643316.7435598,1.043867588043213
462,,,,,294.6260255,4440.0,1779643317.1658964,1.0702311992645264
463,,,,,295.0607819,4450.0,1779643317.600145,1.0549553632736206
464,,,,,295.4935418,4460.0,1779643318.0329072,1.0855886936187744
465,,,,,295.9186173,4470.0,1779643318.45778,1.0948694944381714
466,,,,,296.34142,4480.0,1779643318.8807857,1.0685532093048096
467,,,,,296.7747844,4490.0,1779643319.3141506,1.0640429258346558
468,1.4928616285324097,0.00012292491384519912,0.9718381762504578,,302.9639462,4500.0,1779643325.5022838,
469,,,,,303.0109888,4500.0,1779643325.5503335,1.080938696861267
470,,,,,303.4310969,4510.0,1779643325.9709678,1.0602431297302246
471,,,,,303.8658851,4520.0,1779643326.4051478,1.037713885307312
472,,,,,304.2980803,4530.0,1779643326.837447,1.0382411479949951
473,,,,,304.7266195,4540.0,1779643327.2659323,1.0948811769485474
474,,,,,305.1540739,4550.0,1779643327.6934392,1.057773232460022
475,,,,,305.585321,4560.0,1779643328.124071,1.0460929870605469
476,,,,,306.0099587,4570.0,1779643328.5492628,1.0557490587234497
477,,,,,306.4360382,4580.0,1779643328.9754028,1.0771723985671997
478,,,,,306.8622896,4590.0,1779643329.4011273,1.053853988647461
479,,,,,307.2959729,4600.0,1779643329.8349802,1.0179502964019775
480,,,,,307.7188365,4610.0,1779643330.2579944,1.081688642501831
481,,,,,308.1487788,4620.0,1779643330.6886497,1.0438886880874634
482,,,,,308.5788308,4630.0,1779643331.1174753,1.0814275741577148
483,,,,,309.0030532,4640.0,1779643331.5418696,1.0731085538864136
484,,,,,309.437163,4650.0,1779643331.977034,1.0838489532470703
485,,,,,309.8654382,4660.0,1779643332.4048054,1.0701621770858765
486,,,,,310.295585,4670.0,1779643332.8349476,1.0440505743026733
487,,,,,310.7216354,4680.0,1779643333.261001,1.0399566888809204
488,,,,,311.1505651,4690.0,1779643333.6899316,1.0592498779296875
489,,,,,311.5776801,4700.0,1779643334.1170259,1.0335538387298584
490,,,,,312.0061557,4710.0,1779643334.5460265,1.0408000946044922
491,,,,,312.4323274,4720.0,1779643334.9716935,1.0584228038787842
492,,,,,312.8617633,4730.0,1779643335.4011273,1.0597202777862549
493,,,,,313.2895923,4740.0,1779643335.8281608,1.069121241569519
494,1.4990931749343872,0.00010576819746349742,0.9578465819358826,,319.5077191,4750.0,1779643342.0475898,
495,,,,,319.5531659,4750.0,1779643342.0922756,1.081275463104248
496,,,,,319.9807162,4760.0,1779643342.5199413,1.0909637212753296
497,,,,,320.4058628,4770.0,1779643342.9451141,1.0643565654754639
498,,,,,320.8314668,4780.0,1779643343.370073,1.055290699005127
499,,,,,321.2648183,4790.0,1779643343.8037324,1.0391323566436768
500,,,,,321.6871739,4800.0,1779643344.2265403,1.0543951988220215
501,,,,,322.1149242,4810.0,1779643344.6537592,1.0614217519760132
502,,,,,322.5482107,4820.0,1779643345.0875754,1.0592072010040283
503,,,,,322.9731461,4830.0,1779643345.5114694,1.05255925655365
504,,,,,323.3989523,4840.0,1779643345.938317,1.0430068969726562
505,,,,,323.8261086,4850.0,1779643346.364859,1.0703669786453247
506,,,,,324.2552687,4860.0,1779643346.7944531,1.0591853857040405
507,,,,,324.6825404,4870.0,1779643347.2203267,1.0738579034805298
508,,,,,325.1106159,4880.0,1779643347.6499512,1.0797077417373657
509,,,,,325.5364853,4890.0,1779643348.0758517,1.0565636157989502
510,,,,,325.9543186,4900.0,1779643348.4936845,1.0586509704589844
511,,,,,326.3873505,4910.0,1779643348.9257116,1.103975534439087
512,,,,,326.8167613,4920.0,1779643349.3561285,1.0699039697647095
513,,,,,327.2434362,4930.0,1779643349.7827628,1.0327333211898804
514,,,,,327.6710973,4940.0,1779643350.2104294,1.0433731079101562
515,,,,,328.0972835,4950.0,1779643350.6366494,1.0647245645523071
516,,,,,328.5277726,4960.0,1779643351.067133,1.0408622026443481
517,,,,,328.9591995,4970.0,1779643351.498566,1.0667802095413208
518,,,,,329.3879113,4980.0,1779643351.927277,1.0450056791305542
519,,,,,329.8190178,4990.0,1779643352.3583841,1.0447063446044922
520,1.5049874782562256,0.0001,0.9456024169921875,,336.0199921,5000.0,1779643358.559278,
521,,,,,336.0653306,5000.0,1779643358.6046968,1.0663418769836426
522,,,,"{'sha256': 'f1d09394345cb5bacffe03aca71a0b78b5aa0c05ecc913b44a6bd3ffa1379727', 'path': 'media/html/Sample Generation_522_f1d09394345cb5bacffe.html', 'size': 273, '_type': 'html-file'}",336.6307805,,1779643359.1696537,
