lr,_runtime,_timestamp,train/loss,train/step_loss,iter,Sample Generation,_step,val/loss,seed
9.900990099009901e-06,23.5850789,1779629220.8248699,4.246151924133301,,0.0,,0,4.242739677429199,3242
,23.7976787,1779629221.0387077,,4.2490715980529785,0.0,,1,,3242
,25.7233975,1779629222.9643962,,3.144294261932373,10.0,,2,,3242
,27.6545752,1779629224.8961215,,2.74462890625,20.0,,3,,3242
,29.591101600000002,1779629226.8326502,,2.5931813716888428,30.0,,4,,3242
,31.5250474,1779629228.7665956,,2.5443570613861084,40.0,,5,,3242
,33.447522,1779629230.6890695,,2.538008213043213,50.0,,6,,3242
,35.3875698,1779629232.6287916,,2.50539493560791,60.0,,7,,3242
,37.323971,1779629234.5655181,,2.487147569656372,70.0,,8,,3242
,39.2669121,1779629236.5084078,,2.4859743118286133,80.0,,9,,3242
,41.1953894,1779629238.4369392,,2.4659461975097656,90.0,,10,,3242
,43.1461609,1779629240.3877087,,2.454789400100708,100.0,,11,,3242
,45.0781907,1779629242.3195693,,2.4481215476989746,110.0,,12,,3242
,47.0948222,1779629244.3363705,,2.4414472579956055,120.0,,13,,3242
,49.0374881,1779629246.2790148,,2.4486186504364014,130.0,,14,,3242
,50.9929734,1779629248.2343893,,2.450242757797241,140.0,,15,,3242
,52.9324586,1779629250.173745,,2.415069580078125,150.0,,16,,3242
,54.8752867,1779629252.1168368,,2.430992841720581,160.0,,17,,3242
,56.80479,1779629254.0463398,,2.406168222427368,170.0,,18,,3242
,58.7496394,1779629255.9911594,,2.383232355117798,180.0,,19,,3242
,60.6802333,1779629257.921783,,2.382394552230835,190.0,,20,,3242
,62.6500732,1779629259.8906322,,2.361034870147705,200.0,,21,,3242
,64.592433,1779629261.8339577,,2.344862699508667,210.0,,22,,3242
,66.5369875,1779629263.7785351,,2.374877452850342,220.0,,23,,3242
,68.4802715,1779629265.7211874,,2.3178443908691406,230.0,,24,,3242
,70.423354,1779629267.66479,,2.28743314743042,240.0,,25,,3242
0.0009979206008271391,95.4081071,1779629292.6486325,2.2138781547546387,,250.0,,26,2.2883810997009277,3242
,95.6040149,1779629292.8451903,,2.279869556427002,250.0,,27,,3242
,97.5524904,1779629294.7934947,,2.2145345211029053,260.0,,28,,3242
,99.4910152,1779629296.7325628,,2.2061827182769775,270.0,,29,,3242
,101.4244884,1779629298.665963,,2.1600334644317627,280.0,,30,,3242
,103.3530061,1779629300.5945494,,2.1563432216644287,290.0,,31,,3242
,105.2880232,1779629302.5287051,,2.1159002780914307,300.0,,32,,3242
,107.2106984,1779629304.4521618,,2.061598539352417,310.0,,33,,3242
,109.1339128,1779629306.3752096,,2.0550482273101807,320.0,,34,,3242
,111.0525487,1779629308.2940965,,2.02756929397583,330.0,,35,,3242
,113.0729766,1779629310.3140798,,2.0235681533813477,340.0,,36,,3242
,115.141188,1779629312.3819935,,1.9598816633224487,350.0,,37,,3242
,117.2580978,1779629314.499037,,1.9326260089874268,360.0,,38,,3242
,119.2574096,1779629316.4989579,,1.912316083908081,370.0,,39,,3242
,121.2551134,1779629318.4966643,,1.8946428298950195,380.0,,40,,3242
,123.2537107,1779629320.4951148,,1.8319337368011475,390.0,,41,,3242
,125.2387145,1779629322.4796987,,1.8332431316375732,400.0,,42,,3242
,127.2098009,1779629324.4513502,,1.8139032125473022,410.0,,43,,3242
,129.2214328,1779629326.4634886,,1.7672102451324463,420.0,,44,,3242
,131.2706426,1779629328.5121891,,1.7468254566192627,430.0,,45,,3242
,133.3500164,1779629330.5915658,,1.719959020614624,440.0,,46,,3242
,135.3320181,1779629332.5735683,,1.7171603441238403,450.0,,47,,3242
,137.282703,1779629334.5241792,,1.7296291589736938,460.0,,48,,3242
,139.2540531,1779629336.4961088,,1.6923811435699463,470.0,,49,,3242
,141.2125409,1779629338.4537315,,1.6719889640808105,480.0,,50,,3242
,143.1747185,1779629340.4162698,,1.648659586906433,490.0,,51,,3242
0.0009852826883675631,168.2584137,1779629365.499804,1.5438123941421509,,500.0,,52,1.7345852851867676,3242
,168.4606701,1779629365.7022116,,1.6482069492340088,500.0,,53,,3242
,170.4467426,1779629367.6887982,,1.6425966024398804,510.0,,54,,3242
,172.431631,1779629369.673183,,1.5667916536331177,520.0,,55,,3242
,174.4164618,1779629371.6577728,,1.5896141529083252,530.0,,56,,3242
,176.3887502,1779629373.6303017,,1.5799651145935059,540.0,,57,,3242
,178.3685505,1779629375.609912,,1.5229393243789673,550.0,,58,,3242
,180.3344743,1779629377.57653,,1.546238899230957,560.0,,59,,3242
,182.3020526,1779629379.54358,,1.526061773300171,570.0,,60,,3242
,184.2679007,1779629381.5099564,,1.5346672534942627,580.0,,61,,3242
,186.2339713,1779629383.4755216,,1.4997228384017944,590.0,,62,,3242
,188.2123581,1779629385.4539094,,1.4956632852554321,600.0,,63,,3242
,190.1920866,1779629387.4336352,,1.4898490905761719,610.0,,64,,3242
,192.2017672,1779629389.442584,,1.5131571292877197,620.0,,65,,3242
,194.2137586,1779629391.4545047,,1.5019139051437378,630.0,,66,,3242
,196.2131829,1779629393.4544988,,1.4559335708618164,640.0,,67,,3242
,198.2491842,1779629395.490739,,1.440002679824829,650.0,,68,,3242
,200.2890528,1779629397.5311086,,1.4340945482254028,660.0,,69,,3242
,202.3197342,1779629399.5612812,,1.4326313734054565,670.0,,70,,3242
,204.3451094,1779629401.5864408,,1.4399086236953735,680.0,,71,,3242
,206.3756093,1779629403.6171608,,1.4301868677139282,690.0,,72,,3242
,208.4751594,1779629405.7167094,,1.4149107933044434,700.0,,73,,3242
,210.5226168,1779629407.7634082,,1.4145019054412842,710.0,,74,,3242
,212.5630195,1779629409.8045433,,1.3777092695236206,720.0,,75,,3242
,214.5926371,1779629411.8331676,,1.396775245666504,730.0,,76,,3242
,216.6170237,1779629413.8577983,,1.4060823917388916,740.0,,77,,3242
0.0009614856803571157,243.7626132,1779629441.0036616,1.3147817850112915,,750.0,,78,1.5623180866241455,3242
,243.9708308,1779629441.2121031,,1.3853800296783447,750.0,,79,,3242
,246.0346436,1779629443.2761912,,1.4020370244979858,760.0,,80,,3242
,248.0918035,1779629445.3326347,,1.3867113590240479,770.0,,81,,3242
,250.1368354,1779629447.3783793,,1.3532512187957764,780.0,,82,,3242
,252.1816743,1779629449.4231799,,1.3721754550933838,790.0,,83,,3242
,254.235689,1779629451.4771085,,1.3718030452728271,800.0,,84,,3242
,256.2753933,1779629453.5159392,,1.36970853805542,810.0,,85,,3242
,258.32425,1779629455.565403,,1.3196167945861816,820.0,,86,,3242
,260.3794295,1779629457.6204123,,1.3154197931289673,830.0,,87,,3242
,262.4166792,1779629459.6571782,,1.328428030014038,840.0,,88,,3242
,264.4604655,1779629461.7018921,,1.3321967124938965,850.0,,89,,3242
,266.485811,1779629463.7272654,,1.3136731386184692,860.0,,90,,3242
,268.526057,1779629465.7673645,,1.3335800170898438,870.0,,91,,3242
,270.5717337,1779629467.8127995,,1.3380206823349,880.0,,92,,3242
,272.6131611,1779629469.8544788,,1.3137810230255127,890.0,,93,,3242
,274.6619506,1779629471.9034684,,1.3009039163589478,900.0,,94,,3242
,276.6901121,1779629473.931295,,1.3067212104797363,910.0,,95,,3242
,278.7227713,1779629475.9640572,,1.3257149457931519,920.0,,96,,3242
,280.7438971,1779629477.984242,,1.314553141593933,930.0,,97,,3242
,282.7822194,1779629480.0237687,,1.3263497352600098,940.0,,98,,3242
,284.809135,1779629482.0505598,,1.3214424848556519,950.0,,99,,3242
,286.846385,1779629484.087946,,1.2932857275009155,960.0,,100,,3242
,288.8726377,1779629486.1135511,,1.2754119634628296,970.0,,101,,3242
,290.9000559,1779629488.1408844,,1.2734317779541016,980.0,,102,,3242
,292.9193456,1779629490.1608946,,1.2965307235717773,990.0,,103,,3242
0.0009271396472013282,319.9668984,1779629517.2080355,1.202249526977539,,1000.0,,104,1.4994146823883057,3242
,320.1774011,1779629517.4188445,,1.2862403392791748,1000.0,,105,,3242
,322.2282256,1779629519.4688559,,1.267590880393982,1010.0,,106,,3242
,324.2651383,1779629521.5061362,,1.2708977460861206,1020.0,,107,,3242
,326.4146151,1779629523.655886,,1.2824106216430664,1030.0,,108,,3242
,328.5495889,1779629525.7902138,,1.2805100679397583,1040.0,,109,,3242
,330.6808369,1779629527.9222238,,1.2543023824691772,1050.0,,110,,3242
,332.7479348,1779629529.9893656,,1.262001633644104,1060.0,,111,,3242
,334.9047294,1779629532.1461313,,1.2558270692825317,1070.0,,112,,3242
,337.0296953,1779629534.2711332,,1.237379550933838,1080.0,,113,,3242
,339.1552069,1779629536.396602,,1.26902174949646,1090.0,,114,,3242
,341.3274497,1779629538.5687497,,1.2610864639282227,1100.0,,115,,3242
,343.5070123,1779629540.7485602,,1.2227444648742676,1110.0,,116,,3242
,345.6944609,1779629542.9360077,,1.2539194822311401,1120.0,,117,,3242
,347.8172078,1779629545.0587583,,1.2330125570297241,1130.0,,118,,3242
,349.901042,1779629547.1423423,,1.2357686758041382,1140.0,,119,,3242
,351.9930408,1779629549.234589,,1.25281822681427,1150.0,,120,,3242
,354.0743057,1779629551.3152528,,1.2317097187042236,1160.0,,121,,3242
,356.1669505,1779629553.4085002,,1.2140905857086182,1170.0,,122,,3242
,358.2513805,1779629555.4929297,,1.2160110473632812,1180.0,,123,,3242
,360.3423651,1779629557.583914,,1.210605502128601,1190.0,,124,,3242
,362.4637543,1779629559.7043016,,1.212012529373169,1200.0,,125,,3242
,364.5691389,1779629561.8104212,,1.219017505645752,1210.0,,126,,3242
,366.6575058,1779629563.8983629,,1.2245882749557495,1220.0,,127,,3242
,368.7421211,1779629565.9836679,,1.2262026071548462,1230.0,,128,,3242
,370.8002153,1779629568.041766,,1.1812459230422974,1240.0,,129,,3242
0.000883125098683892,397.540892,1779629594.781769,1.1176782846450806,,1250.0,,130,1.4778021574020386,3242
,397.7490385,1779629594.9905896,,1.2011224031448364,1250.0,,131,,3242
,399.787313,1779629597.0287833,,1.1896964311599731,1260.0,,132,,3242
,401.8351085,1779629599.0766582,,1.1909773349761963,1270.0,,133,,3242
,403.8785722,1779629601.1199095,,1.179823875427246,1280.0,,134,,3242
,405.933098,1779629603.1743407,,1.174520492553711,1290.0,,135,,3242
,407.9819522,1779629605.2227008,,1.1988210678100586,1300.0,,136,,3242
,410.0085037,1779629607.2497022,,1.1852495670318604,1310.0,,137,,3242
,412.0691102,1779629609.3104792,,1.205075979232788,1320.0,,138,,3242
,414.1079015,1779629611.349449,,1.1856693029403687,1330.0,,139,,3242
,416.1414955,1779629613.3827646,,1.1538316011428833,1340.0,,140,,3242
,418.1737043,1779629615.4138532,,1.1714297533035278,1350.0,,141,,3242
,420.2105035,1779629617.4520552,,1.170713186264038,1360.0,,142,,3242
,422.2370781,1779629619.4784286,,1.1730152368545532,1370.0,,143,,3242
,424.2787423,1779629621.5200384,,1.1636534929275513,1380.0,,144,,3242
,426.3101994,1779629623.5512688,,1.1576359272003174,1390.0,,145,,3242
,428.3255912,1779629625.5671403,,1.1896522045135498,1400.0,,146,,3242
,430.3540886,1779629627.5942388,,1.1394624710083008,1410.0,,147,,3242
,432.3689286,1779629629.6104782,,1.1466081142425537,1420.0,,148,,3242
,434.4039444,1779629631.6454937,,1.155062198638916,1430.0,,149,,3242
,436.4183143,1779629633.6598568,,1.1719965934753418,1440.0,,150,,3242
,438.441645,1779629635.683189,,1.1512991189956665,1450.0,,151,,3242
,440.4749711,1779629637.7159464,,1.1474815607070923,1460.0,,152,,3242
,442.4934756,1779629639.735024,,1.1312129497528076,1470.0,,153,,3242
,444.524828,1779629641.766154,,1.170499563217163,1480.0,,154,,3242
,446.5589675,1779629643.8005152,,1.152144193649292,1490.0,,155,,3242
0.0008305704108364302,472.989599,1779629670.231151,1.0456839799880981,,1500.0,,156,1.4850839376449585,3242
,473.1966221,1779629670.4372013,,1.152893304824829,1500.0,,157,,3242
,475.2149962,1779629672.4558175,,1.138468623161316,1510.0,,158,,3242
,477.2700116,1779629674.5115044,,1.1432937383651733,1520.0,,159,,3242
,479.2875866,1779629676.5280852,,1.1393120288848877,1530.0,,160,,3242
,481.322032,1779629678.563582,,1.141100525856018,1540.0,,161,,3242
,483.3384188,1779629680.5790677,,1.1224676370620728,1550.0,,162,,3242
,485.364951,1779629682.6065006,,1.1236052513122559,1560.0,,163,,3242
,487.3856402,1779629684.627192,,1.1284304857254028,1570.0,,164,,3242
,489.4069734,1779629686.6479518,,1.1073355674743652,1580.0,,165,,3242
,491.4193596,1779629688.6606464,,1.124814748764038,1590.0,,166,,3242
,493.4488358,1779629690.690384,,1.1267331838607788,1600.0,,167,,3242
,495.4719201,1779629692.7134697,,1.110558271408081,1610.0,,168,,3242
,497.5018456,1779629694.7433941,,1.090221881866455,1620.0,,169,,3242
,499.5508412,1779629696.7923877,,1.0909546613693237,1630.0,,170,,3242
,501.5754825,1779629698.8170314,,1.0866910219192505,1640.0,,171,,3242
,503.607969,1779629700.8494868,,1.0842636823654175,1650.0,,172,,3242
,505.6497743,1779629702.8913257,,1.1082111597061157,1660.0,,173,,3242
,507.6727871,1779629704.9143393,,1.093470573425293,1670.0,,174,,3242
,509.6930005,1779629706.934462,,1.101098656654358,1680.0,,175,,3242
,511.7105685,1779629708.95212,,1.1022920608520508,1690.0,,176,,3242
,513.741707,1779629710.9832537,,1.128266453742981,1700.0,,177,,3242
,515.7661668,1779629713.0077138,,1.096079707145691,1710.0,,178,,3242
,517.7952258,1779629715.0362043,,1.074811339378357,1720.0,,179,,3242
,519.8199734,1779629717.0608554,,1.1115984916687012,1730.0,,180,,3242
,521.8425925,1779629719.083984,,1.0969369411468506,1740.0,,181,,3242
0.0007708228984017721,548.3193606,1779629745.560004,0.9731180667877197,,1750.0,,182,1.5043836832046509,3242
,548.5306301,1779629745.7716324,,1.10157310962677,1750.0,,183,,3242
,550.5568215,1779629747.7981038,,1.0730773210525513,1760.0,,184,,3242
,552.5888541,1779629749.829732,,1.0687068700790405,1770.0,,185,,3242
,554.6205596,1779629751.8613813,,1.0684349536895752,1780.0,,186,,3242
,556.6564804,1779629753.8980284,,1.0727691650390625,1790.0,,187,,3242
,558.7317915,1779629755.972975,,1.0680865049362183,1800.0,,188,,3242
,560.8001589,1779629758.0410538,,1.0552130937576294,1810.0,,189,,3242
,562.7579235,1779629759.9994724,,1.0615144968032837,1820.0,,190,,3242
,564.7607463,1779629762.001285,,1.0881121158599854,1830.0,,191,,3242
,566.7590559,1779629764.0006063,,1.0719757080078125,1840.0,,192,,3242
,568.7090076,1779629765.9505556,,1.0690338611602783,1850.0,,193,,3242
,570.6417989,1779629767.8833485,,1.0495685338974,1860.0,,194,,3242
,572.6214007,1779629769.8628755,,1.0445401668548584,1870.0,,195,,3242
,574.6233812,1779629771.8649302,,1.0627777576446533,1880.0,,196,,3242
,576.5783315,1779629773.819873,,1.0457680225372314,1890.0,,197,,3242
,578.5630489,1779629775.804545,,1.070909857749939,1900.0,,198,,3242
,580.5186457,1779629777.7598135,,1.050933599472046,1910.0,,199,,3242
,582.4651408,1779629779.706545,,1.0258662700653076,1920.0,,200,,3242
,584.4430267,1779629781.6835587,,1.0314198732376099,1930.0,,201,,3242
,586.3760616,1779629783.6176088,,1.0215306282043457,1940.0,,202,,3242
,588.3370308,1779629785.5784645,,1.031615138053894,1950.0,,203,,3242
,590.2722236,1779629787.5137725,,1.032530665397644,1960.0,,204,,3242
,592.2088342,1779629789.450357,,1.0396181344985962,1970.0,,205,,3242
,594.1629047,1779629791.404373,,1.0319266319274902,1980.0,,206,,3242
,596.0940352,1779629793.3345845,,1.0446093082427979,1990.0,,207,,3242
0.0007054142744895884,622.7039455,1779629819.9452622,0.901258111000061,,2000.0,,208,1.5259506702423096,3242
,622.9173014,1779629820.1582565,,1.0012789964675903,2000.0,,209,,3242
,624.9808761,1779629822.2223,,1.0323951244354248,2010.0,,210,,3242
,627.0549125,1779629824.296461,,1.0235049724578857,2020.0,,211,,3242
,629.1340195,1779629826.375569,,1.031259298324585,2030.0,,212,,3242
,631.2171872,1779629828.4586263,,1.0123265981674194,2040.0,,213,,3242
,633.2999418,1779629830.541386,,1.0258091688156128,2050.0,,214,,3242
,635.3619829,1779629832.6028411,,1.0198297500610352,2060.0,,215,,3242
,637.4255339,1779629834.6675897,,1.009236216545105,2070.0,,216,,3242
,639.4880093,1779629836.7293558,,0.9975616335868835,2080.0,,217,,3242
,641.5692156,1779629838.8105514,,0.9925844669342041,2090.0,,218,,3242
,643.6338127,1779629840.8748887,,1.002510905265808,2100.0,,219,,3242
,645.7056628,1779629842.9472125,,0.9955067038536072,2110.0,,220,,3242
,647.7648111,1779629845.00636,,1.0162041187286377,2120.0,,221,,3242
,649.83747,1779629847.078525,,0.9867943525314331,2130.0,,222,,3242
,651.9340488,1779629849.174808,,0.9922929406166077,2140.0,,223,,3242
,653.9962957,1779629851.2378447,,0.9907662272453308,2150.0,,224,,3242
,656.0642794,1779629853.3058257,,0.9942893385887146,2160.0,,225,,3242
,658.133628,1779629855.3748088,,0.9757540225982666,2170.0,,226,,3242
,660.2046031,1779629857.4455037,,1.0052374601364136,2180.0,,227,,3242
,662.2820984,1779629859.523645,,0.990264892578125,2190.0,,228,,3242
,664.3723205,1779629861.6134138,,0.9785307049751282,2200.0,,229,,3242
,666.4601185,1779629863.701467,,0.9796003103256226,2210.0,,230,,3242
,668.5308948,1779629865.772227,,0.9674386978149414,2220.0,,231,,3242
,670.5774974,1779629867.8195531,,0.995586633682251,2230.0,,232,,3242
,672.6367903,1779629869.8780706,,0.9917418956756592,2240.0,,233,,3242
0.0006360213829156177,699.5807311,1779629896.8212802,0.8309882879257202,,2250.0,,234,1.5731457471847534,3242
,699.7922627,1779629897.0338116,,0.9675982594490051,2250.0,,235,,3242
,701.8626348,1779629899.1046903,,0.9609097838401794,2260.0,,236,,3242
,703.9569492,1779629901.1982014,,0.9791933298110962,2270.0,,237,,3242
,706.0112128,1779629903.2521076,,0.9615169167518616,2280.0,,238,,3242
,708.0575039,1779629905.2990549,,0.9490447640419006,2290.0,,239,,3242
,710.1271309,1779629907.3686497,,0.9772742986679077,2300.0,,240,,3242
,712.188682,1779629909.4303098,,0.9692027568817139,2310.0,,241,,3242
,714.2654876,1779629911.5070348,,0.9710174798965454,2320.0,,242,,3242
,716.3396686,1779629913.5811265,,0.9610414505004883,2330.0,,243,,3242
,718.3991821,1779629915.6407328,,0.9592671394348145,2340.0,,244,,3242
,720.4699841,1779629917.711094,,0.9470773339271545,2350.0,,245,,3242
,722.5410765,1779629919.783132,,0.9509665369987488,2360.0,,246,,3242
,724.6275473,1779629921.8686264,,0.9435861706733704,2370.0,,247,,3242
,726.7010743,1779629923.942624,,0.9561742544174194,2380.0,,248,,3242
,728.7777332,1779629926.0187166,,0.9578853249549866,2390.0,,249,,3242
,730.853158,1779629928.0945036,,0.9390445947647095,2400.0,,250,,3242
,732.9359076,1779629930.1768687,,0.9381067752838135,2410.0,,251,,3242
,735.0241306,1779629932.2652886,,0.9562478065490723,2420.0,,252,,3242
,736.9735803,1779629934.2151306,,0.9485061764717102,2430.0,,253,,3242
,738.9711949,1779629936.2127447,,0.934016227722168,2440.0,,254,,3242
,741.0050821,1779629938.2463872,,0.9132243990898132,2450.0,,255,,3242
,743.0008994,1779629940.242451,,0.9533388018608093,2460.0,,256,,3242
,744.9833849,1779629942.2249327,,0.930744469165802,2470.0,,257,,3242
,746.9719114,1779629944.213458,,0.9142598509788513,2480.0,,258,,3242
,749.0359922,1779629946.27718,,0.9305773973464966,2490.0,,259,,3242
0.000564423209907245,776.3630065,1779629973.603923,0.7556825876235962,,2500.0,,260,1.605880618095398,3242
,776.5812748,1779629973.8228238,,0.9142301678657532,2500.0,,261,,3242
,778.6857437,1779629975.927079,,0.9398805499076843,2510.0,,262,,3242
,780.7833596,1779629978.0246768,,0.9155142307281494,2520.0,,263,,3242
,782.8858373,1779629980.1273866,,0.9234808087348938,2530.0,,264,,3242
,784.9779016,1779629982.2182224,,0.9366534948348999,2540.0,,265,,3242
,787.0635892,1779629984.3046434,,0.9200125336647034,2550.0,,266,,3242
,789.1672082,1779629986.4080787,,0.9020574688911438,2560.0,,267,,3242
,791.2550512,1779629988.4956014,,0.8882202506065369,2570.0,,268,,3242
,793.3550493,1779629990.5965953,,0.9179747104644775,2580.0,,269,,3242
,795.4532914,1779629992.694386,,0.9124665856361389,2590.0,,270,,3242
,797.5533689,1779629994.794919,,0.9123581051826477,2600.0,,271,,3242
,799.6499928,1779629996.8915403,,0.8829874992370605,2610.0,,272,,3242
,801.7297093,1779629998.9712594,,0.8977492451667786,2620.0,,273,,3242
,803.8155084,1779630001.0565622,,0.8888444304466248,2630.0,,274,,3242
,805.9206112,1779630003.1621532,,0.9158438444137573,2640.0,,275,,3242
,808.0201346,1779630005.26113,,0.9047510027885437,2650.0,,276,,3242
,810.1133377,1779630007.3545907,,0.8889405727386475,2660.0,,277,,3242
,812.1769851,1779630009.4185252,,0.8722735643386841,2670.0,,278,,3242
,814.1746898,1779630011.4152987,,0.8955333828926086,2680.0,,279,,3242
,816.1826179,1779630013.4232907,,0.8937055468559265,2690.0,,280,,3242
,818.2129705,1779630015.4534748,,0.8857385516166687,2700.0,,281,,3242
,820.2945932,1779630017.5358922,,0.8830763101577759,2710.0,,282,,3242
,822.3824623,1779630019.6238122,,0.8902875781059265,2720.0,,283,,3242
,824.4699622,1779630021.7115119,,0.8660004138946533,2730.0,,284,,3242
,826.5432278,1779630023.7852836,,0.8926156163215637,2740.0,,285,,3242
0.0004924552772419723,853.677443,1779630050.9189582,0.6927463412284851,,2750.0,,286,1.6578660011291504,3242
,853.8896296,1779630051.1312172,,0.8809506893157959,2750.0,,287,,3242
,855.9621667,1779630053.2036972,,0.8836807608604431,2760.0,,288,,3242
,858.056111,1779630055.2976618,,0.8402552604675293,2770.0,,289,,3242
,860.1322944,1779630057.373723,,0.8744010925292969,2780.0,,290,,3242
,862.1445541,1779630059.386105,,0.875622570514679,2790.0,,291,,3242
,864.1511618,1779630061.3926551,,0.8515641689300537,2800.0,,292,,3242
,866.2439555,1779630063.4853816,,0.8695429563522339,2810.0,,293,,3242
,868.3367314,1779630065.5779867,,0.8881327509880066,2820.0,,294,,3242
,870.4289676,1779630067.6705186,,0.8617365956306458,2830.0,,295,,3242
,872.5185639,1779630069.7601106,,0.866601824760437,2840.0,,296,,3242
,874.5995838,1779630071.8410606,,0.8631985783576965,2850.0,,297,,3242
,876.6936339,1779630073.9349463,,0.8494588136672974,2860.0,,298,,3242
,878.7688819,1779630076.0109377,,0.8462448120117188,2870.0,,299,,3242
,880.8739584,1779630078.115299,,0.8513802886009216,2880.0,,300,,3242
,882.9647509,1779630080.2063,,0.8372911214828491,2890.0,,301,,3242
,885.0571239,1779630082.2981288,,0.8307823538780212,2900.0,,302,,3242
,887.1387636,1779630084.3795679,,0.849500834941864,2910.0,,303,,3242
,889.2250019,1779630086.466553,,0.8502945303916931,2920.0,,304,,3242
,891.3068428,1779630088.5482333,,0.8225966691970825,2930.0,,305,,3242
,893.4145669,1779630090.6561162,,0.8079187870025635,2940.0,,306,,3242
,895.4967216,1779630092.7382703,,0.8478718400001526,2950.0,,307,,3242
,897.5825941,1779630094.824126,,0.833106279373169,2960.0,,308,,3242
,899.6616567,1779630096.9022014,,0.8696929812431335,2970.0,,309,,3242
,901.7617528,1779630099.0029862,,0.8333417773246765,2980.0,,310,,3242
,903.8552105,1779630101.0967598,,0.8284941911697388,2990.0,,311,,3242
0.0004219625860160354,931.1788345,1779630128.4188695,0.6279557943344116,,3000.0,,312,1.714040994644165,3242
,931.3949641,1779630128.636046,,0.8531795740127563,3000.0,,313,,3242
,933.5307235,1779630130.7722733,,0.8392210602760315,3010.0,,314,,3242
,935.6132904,1779630132.8536384,,0.8551586270332336,3020.0,,315,,3242
,937.7208463,1779630134.962397,,0.8279738426208496,3030.0,,316,,3242
,939.8385906,1779630137.0801396,,0.7964583039283752,3040.0,,317,,3242
,941.9590288,1779630139.1999714,,0.8488878607749939,3050.0,,318,,3242
,944.0776496,1779630141.3177516,,0.8332157135009766,3060.0,,319,,3242
,946.1813532,1779630143.4229023,,0.8336922526359558,3070.0,,320,,3242
,948.2985532,1779630145.5401025,,0.8032255172729492,3080.0,,321,,3242
,950.4054226,1779630147.6469002,,0.8159934878349304,3090.0,,322,,3242
,952.4833002,1779630149.7248447,,0.8112950325012207,3100.0,,323,,3242
,954.5660645,1779630151.8075511,,0.8079969882965088,3110.0,,324,,3242
,956.6589806,1779630153.9002848,,0.8183335065841675,3120.0,,325,,3242
,958.7637923,1779630156.0043428,,0.8159485459327698,3130.0,,326,,3242
,960.8483566,1779630158.089621,,0.8172702789306641,3140.0,,327,,3242
,962.9429519,1779630160.183883,,0.8148667812347412,3150.0,,328,,3242
,965.0468674,1779630162.288417,,0.7892885208129883,3160.0,,329,,3242
,967.0983457,1779630164.3398962,,0.8062486052513123,3170.0,,330,,3242
,969.1765062,1779630166.4180527,,0.8015896081924438,3180.0,,331,,3242
,971.2716429,1779630168.5131493,,0.7929775714874268,3190.0,,332,,3242
,973.3623171,1779630170.6032038,,0.7987248301506042,3200.0,,333,,3242
,975.4596209,1779630172.7011683,,0.782343864440918,3210.0,,334,,3242
,977.5598425,1779630174.801394,,0.7853066921234131,3220.0,,335,,3242
,979.6618241,1779630176.9018009,,0.7773343920707703,3230.0,,336,,3242
,981.7650334,1779630179.0065854,,0.7817375659942627,3240.0,,337,,3242
0.00035475231739709885,1008.5784531,1779630205.819499,0.5692172646522522,,3250.0,,338,1.7556354999542236,3242
,1008.793203,1779630206.0347526,,0.7929448485374451,3250.0,,339,,3242
,1010.899831,1779630208.1413832,,0.7791267037391663,3260.0,,340,,3242
,1012.9824944,1779630210.2240403,,0.7914033532142639,3270.0,,341,,3242
,1015.0999811,1779630212.3415306,,0.7843798398971558,3280.0,,342,,3242
,1017.1998778,1779630214.4414268,,0.7786768674850464,3290.0,,343,,3242
,1019.302705,1779630216.5442553,,0.7747459411621094,3300.0,,344,,3242
,1021.4169912,1779630218.659047,,0.7592260241508484,3310.0,,345,,3242
,1023.4945591,1779630220.735425,,0.76983243227005,3320.0,,346,,3242
,1025.5930023,1779630222.8345315,,0.7702911496162415,3330.0,,347,,3242
,1027.6862043,1779630224.926985,,0.7940627336502075,3340.0,,348,,3242
,1029.7977881,1779630227.0392265,,0.7697963118553162,3350.0,,349,,3242
,1031.8697126,1779630229.1104891,,0.7838455438613892,3360.0,,350,,3242
,1033.9665785,1779630231.208128,,0.7692930102348328,3370.0,,351,,3242
,1036.0604443,1779630233.3019047,,0.7557150721549988,3380.0,,352,,3242
,1038.1541567,1779630235.3952687,,0.7641921043395996,3390.0,,353,,3242
,1040.2543597,1779630237.4959073,,0.7790603637695312,3400.0,,354,,3242
,1042.352745,1779630239.5942924,,0.7477676868438721,3410.0,,355,,3242
,1044.4449156,1779630241.6862836,,0.7539732456207275,3420.0,,356,,3242
,1046.5585054,1779630243.7999487,,0.772947371006012,3430.0,,357,,3242
,1048.6690349,1779630245.910426,,0.7665745615959167,3440.0,,358,,3242
,1050.7568558,1779630247.9981244,,0.7671782374382019,3450.0,,359,,3242
,1052.8573076,1779630250.0986514,,0.7661423087120056,3460.0,,360,,3242
,1054.9594673,1779630252.2010179,,0.7585458755493164,3470.0,,361,,3242
,1057.0551003,1779630254.2966218,,0.7666176557540894,3480.0,,362,,3242
,1059.1436612,1779630256.3852124,,0.7341755628585815,3490.0,,363,,3242
0.0002925475029450237,1086.3622533,1779630283.6034083,0.5169993042945862,,3500.0,,364,1.8181424140930176,3242
,1086.5783146,1779630283.8198652,,0.7432181239128113,3500.0,,365,,3242
,1088.6798584,1779630285.9209423,,0.7347424030303955,3510.0,,366,,3242
,1090.7659203,1779630288.0074704,,0.7666924595832825,3520.0,,367,,3242
,1092.7625412,1779630290.004597,,0.7478095293045044,3530.0,,368,,3242
,1094.7630859,1779630292.004636,,0.7546119093894958,3540.0,,369,,3242
,1096.7688092,1779630294.0102623,,0.7464293241500854,3550.0,,370,,3242
,1098.7842484,1779630296.0247986,,0.7414693236351013,3560.0,,371,,3242
,1100.790421,1779630298.0310888,,0.735423743724823,3570.0,,372,,3242
,1102.7887628,1779630300.0296762,,0.7374480366706848,3580.0,,373,,3242
,1104.7896666,1779630302.0306203,,0.7611660361289978,3590.0,,374,,3242
,1106.7958389,1779630304.036828,,0.7382041215896606,3600.0,,375,,3242
,1108.7877032,1779630306.029759,,0.723831295967102,3610.0,,376,,3242
,1110.796875,1779630308.0382633,,0.7421135306358337,3620.0,,377,,3242
,1112.8716375,1779630310.1119885,,0.751929521560669,3630.0,,378,,3242
,1114.9481098,1779630312.1896613,,0.7154406905174255,3640.0,,379,,3242
,1117.0427501,1779630314.2842944,,0.7501015663146973,3650.0,,380,,3242
,1119.1458431,1779630316.3873515,,0.7474027276039124,3660.0,,381,,3242
,1121.2468293,1779630318.4883785,,0.7566376328468323,3670.0,,382,,3242
,1123.3591842,1779630320.6006243,,0.7307566404342651,3680.0,,383,,3242
,1125.4594306,1779630322.7009778,,0.7214571237564087,3690.0,,384,,3242
,1127.5602349,1779630324.8013546,,0.7164117693901062,3700.0,,385,,3242
,1129.6671888,1779630326.9086783,,0.7210493683815002,3710.0,,386,,3242
,1131.7615642,1779630329.0029707,,0.7262929677963257,3720.0,,387,,3242
,1133.8607148,1779630331.102262,,0.7157111167907715,3730.0,,388,,3242
,1135.9581104,1779630333.1994727,,0.6848761439323425,3740.0,,389,,3242
0.00023694285222843113,1162.7649436,1779630360.0059545,0.476764976978302,,3750.0,,390,1.8538284301757812,3242
,1162.9680085,1779630360.209051,,0.7049378156661987,3750.0,,391,,3242
,1164.9711451,1779630362.2117143,,0.7123771905899048,3760.0,,392,,3242
,1166.9710691,1779630364.2120562,,0.7225894331932068,3770.0,,393,,3242
,1168.9803751,1779630366.2219224,,0.7228750586509705,3780.0,,394,,3242
,1171.0689433,1779630368.3104932,,0.7297874093055725,3790.0,,395,,3242
,1173.1620728,1779630370.403622,,0.7156242728233337,3800.0,,396,,3242
,1175.2569469,1779630372.4978776,,0.7189095616340637,3810.0,,397,,3242
,1177.3591694,1779630374.6000772,,0.7290689945220947,3820.0,,398,,3242
,1179.4509867,1779630376.6925359,,0.729736864566803,3830.0,,399,,3242
,1181.568201,1779630378.8102567,,0.6986497640609741,3840.0,,400,,3242
,1183.6650602,1779630380.9066112,,0.7144203782081604,3850.0,,401,,3242
,1185.7827942,1779630383.024344,,0.6912293434143066,3860.0,,402,,3242
,1187.8952416,1779630385.1362925,,0.7137315273284912,3870.0,,403,,3242
,1190.0044511,1779630387.245206,,0.7222933769226074,3880.0,,404,,3242
,1192.1023397,1779630389.3438883,,0.6977484226226807,3890.0,,405,,3242
,1194.2180644,1779630391.4589915,,0.693166196346283,3900.0,,406,,3242
,1196.320854,1779630393.5622911,,0.6973798274993896,3910.0,,407,,3242
,1198.4147506,1779630395.6556642,,0.6880553364753723,3920.0,,408,,3242
,1200.5074124,1779630397.7489605,,0.7032889723777771,3930.0,,409,,3242
,1202.5957764,1779630399.8371243,,0.7038307785987854,3940.0,,410,,3242
,1204.7054011,1779630401.9470055,,0.6951671838760376,3950.0,,411,,3242
,1206.8068991,1779630404.0479143,,0.7022329568862915,3960.0,,412,,3242
,1208.9143243,1779630406.155873,,0.681113064289093,3970.0,,413,,3242
,1211.0177979,1779630408.2593448,,0.6902495622634888,3980.0,,414,,3242
,1213.1183742,1779630410.3599224,,0.6847907900810242,3990.0,,415,,3242
0.00018936387015941957,1240.5427548,1779630437.7838106,0.4380788505077362,,4000.0,,416,1.8958903551101685,3242
,1240.7592555,1779630437.999906,,0.6879569292068481,4000.0,,417,,3242
,1242.8665823,1779630440.1075053,,0.6812523007392883,4010.0,,418,,3242
,1244.9831076,1779630442.224121,,0.6917922496795654,4020.0,,419,,3242
,1247.1038036,1779630444.343794,,0.6838353276252747,4030.0,,420,,3242
,1249.2020253,1779630446.4440808,,0.6887950301170349,4040.0,,421,,3242
,1251.3059597,1779630448.5466723,,0.6845681071281433,4050.0,,422,,3242
,1253.4151551,1779630450.6567054,,0.6925857663154602,4060.0,,423,,3242
,1255.5178377,1779630452.7593892,,0.6797733902931213,4070.0,,424,,3242
,1257.6281952,1779630454.8696384,,0.6708482503890991,4080.0,,425,,3242
,1259.7222284,1779630456.9633265,,0.6621237993240356,4090.0,,426,,3242
,1261.8312969,1779630459.0727568,,0.6867176294326782,4100.0,,427,,3242
,1263.9161344,1779630461.1569977,,0.6727762818336487,4110.0,,428,,3242
,1266.0230494,1779630463.2645993,,0.6914973855018616,4120.0,,429,,3242
,1268.1546268,1779630465.3961513,,0.681297242641449,4130.0,,430,,3242
,1270.2691813,1779630467.5105908,,0.6666123867034912,4140.0,,431,,3242
,1272.3825966,1779630469.6237638,,0.655003547668457,4150.0,,432,,3242
,1274.4807748,1779630471.7222958,,0.6652261018753052,4160.0,,433,,3242
,1276.5730612,1779630473.8146086,,0.6818310022354126,4170.0,,434,,3242
,1278.6587789,1779630475.8998556,,0.6671090126037598,4180.0,,435,,3242
,1280.7527556,1779630477.994304,,0.6790182590484619,4190.0,,436,,3242
,1282.8375529,1779630480.0791035,,0.6692137718200684,4200.0,,437,,3242
,1284.935614,1779630482.1767259,,0.6869645118713379,4210.0,,438,,3242
,1287.0448871,1779630484.2864335,,0.674071192741394,4220.0,,439,,3242
,1289.1220657,1779630486.3636146,,0.6566694974899292,4230.0,,440,,3242
,1291.2048313,1779630488.4463797,,0.6646391153335571,4240.0,,441,,3242
0.00015103031213214996,1318.460682,1779630515.7018578,0.40673789381980896,,4250.0,,442,1.9249414205551147,3242
,1318.6745803,1779630515.9147887,,0.6641762852668762,4250.0,,443,,3242
,1320.7833474,1779630518.0240872,,0.6623794436454773,4260.0,,444,,3242
,1322.8795998,1779630520.1211486,,0.6624742746353149,4270.0,,445,,3242
,1324.9696094,1779630522.2109294,,0.6656521558761597,4280.0,,446,,3242
,1327.0468956,1779630524.2884445,,0.6645902991294861,4290.0,,447,,3242
,1329.1331806,1779630526.37462,,0.6676304340362549,4300.0,,448,,3242
,1331.2232009,1779630528.464608,,0.6556423306465149,4310.0,,449,,3242
,1333.3214064,1779630530.5626926,,0.659903883934021,4320.0,,450,,3242
,1335.417305,1779630532.6582937,,0.6663995385169983,4330.0,,451,,3242
,1337.5126688,1779630534.7535844,,0.6532739400863647,4340.0,,452,,3242
,1339.5696614,1779630536.8109508,,0.6648930311203003,4350.0,,453,,3242
,1341.5737703,1779630538.8147054,,0.6591112613677979,4360.0,,454,,3242
,1343.5676152,1779630540.8091562,,0.6731488108634949,4370.0,,455,,3242
,1345.5885417,1779630542.8300772,,0.6364240050315857,4380.0,,456,,3242
,1347.5906468,1779630544.8321946,,0.6281785368919373,4390.0,,457,,3242
,1349.6266901,1779630546.8682292,,0.6594401597976685,4400.0,,458,,3242
,1351.7254801,1779630548.9667056,,0.6388953328132629,4410.0,,459,,3242
,1353.8279396,1779630551.0694866,,0.6525670886039734,4420.0,,460,,3242
,1355.9303191,1779630553.1708677,,0.6612409949302673,4430.0,,461,,3242
,1358.0154097,1779630555.2569566,,0.6503790616989136,4440.0,,462,,3242
,1360.1218139,1779630557.3633628,,0.6543660759925842,4450.0,,463,,3242
,1362.2194994,1779630559.4610488,,0.6498510837554932,4460.0,,464,,3242
,1364.3304166,1779630561.5709658,,0.6578124761581421,4470.0,,465,,3242
,1366.4440064,1779630563.6855104,,0.6400704979896545,4480.0,,466,,3242
,1368.5609017,1779630565.8014512,,0.6574404239654541,4490.0,,467,,3242
0.00012292491384519912,1395.3535153,1779630592.5944781,0.3839758038520813,,4500.0,,468,1.964768886566162,3242
,1395.5682385,1779630592.8097866,,0.63787442445755,4500.0,,469,,3242
,1397.6401805,1779630594.8816137,,0.6454315185546875,4510.0,,470,,3242
,1399.7080102,1779630596.9495616,,0.6296979784965515,4520.0,,471,,3242
,1401.8087856,1779630599.050335,,0.6458351612091064,4530.0,,472,,3242
,1403.894375,1779630601.1357648,,0.6521140933036804,4540.0,,473,,3242
,1405.9962823,1779630603.2378337,,0.624828577041626,4550.0,,474,,3242
,1408.0903976,1779630605.331367,,0.6530292630195618,4560.0,,475,,3242
,1410.1780602,1779630607.4188802,,0.6446504592895508,4570.0,,476,,3242
,1412.2782929,1779630609.51982,,0.6578415632247925,4580.0,,477,,3242
,1414.3760259,1779630611.617575,,0.6399444341659546,4590.0,,478,,3242
,1416.4778097,1779630613.7193575,,0.6291788220405579,4600.0,,479,,3242
,1418.5851157,1779630615.826607,,0.6410179138183594,4610.0,,480,,3242
,1420.708948,1779630617.9504752,,0.6425844430923462,4620.0,,481,,3242
,1422.836061,1779630620.077612,,0.6310970187187195,4630.0,,482,,3242
,1424.9025945,1779630622.144143,,0.6261993646621704,4640.0,,483,,3242
,1426.9980505,1779630624.239597,,0.6332796812057495,4650.0,,484,,3242
,1429.0991527,1779630626.340201,,0.6573488712310791,4660.0,,485,,3242
,1431.1902511,1779630628.4318037,,0.6336356997489929,4670.0,,486,,3242
,1433.2815275,1779630630.5230753,,0.6317604780197144,4680.0,,487,,3242
,1435.3720979,1779630632.613643,,0.6328097581863403,4690.0,,488,,3242
,1437.4610073,1779630634.7015452,,0.6194421648979187,4700.0,,489,,3242
,1439.5630646,1779630636.8046134,,0.6287310719490051,4710.0,,490,,3242
,1441.6530262,1779630638.8943503,,0.6257967352867126,4720.0,,491,,3242
,1443.7367048,1779630640.9759042,,0.6392911672592163,4730.0,,492,,3242
,1445.8139017,1779630643.0551672,,0.6398065686225891,4740.0,,493,,3242
0.00010576819746349742,1472.6850704,1779630669.9263363,0.3643956780433655,,4750.0,,494,1.9811928272247314,3242
,1472.8894214,1779630670.1309705,,0.6172028183937073,4750.0,,495,,3242
,1474.8949693,1779630672.136519,,0.6253295540809631,4760.0,,496,,3242
,1476.9300474,1779630674.1715715,,0.6286468505859375,4770.0,,497,,3242
,1479.0308034,1779630676.272352,,0.6310631036758423,4780.0,,498,,3242
,1481.1101063,1779630678.3516557,,0.619472086429596,4790.0,,499,,3242
,1483.1986372,1779630680.439905,,0.6361413598060608,4800.0,,500,,3242
,1485.2997846,1779630682.541321,,0.6411407589912415,4810.0,,501,,3242
,1487.4111211,1779630684.6526732,,0.6480280756950378,4820.0,,502,,3242
,1489.5032151,1779630686.744763,,0.6343785524368286,4830.0,,503,,3242
,1491.6010999,1779630688.8420389,,0.6369269490242004,4840.0,,504,,3242
,1493.7071373,1779630690.9486723,,0.6367985010147095,4850.0,,505,,3242
,1495.8001373,1779630693.0416665,,0.6071709990501404,4860.0,,506,,3242
,1497.8918268,1779630695.1333785,,0.6075577735900879,4870.0,,507,,3242
,1499.9685601,1779630697.209883,,0.6327723264694214,4880.0,,508,,3242
,1502.0633382,1779630699.3043132,,0.6234261393547058,4890.0,,509,,3242
,1504.1516245,1779630701.3931744,,0.6407193541526794,4900.0,,510,,3242
,1506.2429336,1779630703.4844844,,0.6153597831726074,4910.0,,511,,3242
,1508.3415974,1779630705.582406,,0.6115263104438782,4920.0,,512,,3242
,1510.4338786,1779630707.6756086,,0.6186612844467163,4930.0,,513,,3242
,1512.5543948,1779630709.7953973,,0.6296242475509644,4940.0,,514,,3242
,1514.6468573,1779630711.886947,,0.6290524005889893,4950.0,,515,,3242
,1516.7217378,1779630713.9632869,,0.6271847486495972,4960.0,,516,,3242
,1518.8106292,1779630716.052086,,0.6265367865562439,4970.0,,517,,3242
,1520.9255539,1779630718.1672685,,0.6263588666915894,4980.0,,518,,3242
,1523.0230721,1779630720.264514,,0.6114275455474854,4990.0,,519,,3242
0.0001,1550.1594513,1779630747.4010012,0.34802481532096863,,5000.0,,520,2.0064666271209717,3242
,1550.3728555,1779630747.6140969,,0.62396240234375,5000.0,,521,,3242
,1551.461157,1779630748.7022076,,,,"{'path': 'media/html/Sample Generation_522_0ca4967c05edf3a7a623.html', 'size': 272, '_type': 'html-file', 'sha256': '0ca4967c05edf3a7a623ad57a7b5139c7acde92e8395ecfd870835798c658e9d'}",522,,3242
