iter,_runtime,_timestamp,lr,_step,val/loss,train/loss,train/step_loss,Sample Generation
0.0,14.2005992,1779630766.2420068,9.900990099009901e-06,0,4.367709159851074,4.374972820281982,,
0.0,14.3150023,1779630766.356352,,1,,,4.340067386627197,
10.0,15.2607285,1779630767.3021135,,2,,,3.2030582427978516,
20.0,16.2133443,1779630768.2542357,,3,,,2.7651493549346924,
30.0,17.1644044,1779630769.2057667,,4,,,2.6186535358428955,
40.0,18.1147023,1779630770.1560879,,5,,,2.5607032775878906,
50.0,19.0666837,1779630771.1073194,,6,,,2.5449044704437256,
60.0,20.0194972,1779630772.0598822,,7,,,2.4960954189300537,
70.0,20.9760904,1779630773.0174756,,8,,,2.5036656856536865,
80.0,21.932939,1779630773.9739985,,9,,,2.4990735054016113,
90.0,22.8909372,1779630774.93214,,10,,,2.5020580291748047,
100.0,23.8474646,1779630775.888846,,11,,,2.4968819618225098,
110.0,24.8013948,1779630776.8427796,,12,,,2.4853501319885254,
120.0,25.7487211,1779630777.7906125,,13,,,2.474912405014038,
130.0,26.6685708,1779630778.7099547,,14,,,2.465480327606201,
140.0,27.6147834,1779630779.65585,,15,,,2.4442903995513916,
150.0,28.5775388,1779630780.6189232,,16,,,2.4171717166900635,
160.0,29.5362308,1779630781.5775998,,17,,,2.428388833999634,
170.0,30.5036612,1779630782.5455527,,18,,,2.4198641777038574,
180.0,31.4570829,1779630783.4984674,,19,,,2.3979721069335938,
190.0,32.432787,1779630784.474171,,20,,,2.390275478363037,
200.0,33.3929242,1779630785.434306,,21,,,2.3731648921966553,
210.0,34.359192,1779630786.400576,,22,,,2.352062940597534,
220.0,35.3271154,1779630787.368502,,23,,,2.35791015625,
230.0,36.3007096,1779630788.3415205,,24,,,2.3244316577911377,
240.0,37.2724808,1779630789.3131874,,25,,,2.314851999282837,
250.0,51.3645013,1779630803.4041743,0.0009979206008271391,26,2.281588554382324,2.2380685806274414,,
250.0,51.4606779,1779630803.5020654,,27,,,2.3015525341033936,
260.0,52.3756757,1779630804.41606,,28,,,2.2788286209106445,
270.0,53.2916418,1779630805.3329785,,29,,,2.2622487545013428,
280.0,54.2065685,1779630806.2464142,,30,,,2.2282025814056396,
290.0,55.1175132,1779630807.15788,,31,,,2.235337734222412,
300.0,56.0412576,1779630808.0826418,,32,,,2.248868465423584,
310.0,56.9558632,1779630808.9967556,,33,,,2.1995744705200195,
320.0,57.8713288,1779630809.9126158,,34,,,2.1585569381713867,
330.0,58.8251979,1779630810.8664372,,35,,,2.155880928039551,
340.0,59.7807744,1779630811.822159,,36,,,2.1533384323120117,
350.0,60.7451699,1779630812.7861905,,37,,,2.1347715854644775,
360.0,61.7046884,1779630813.7460744,,38,,,2.137425661087036,
370.0,62.6677404,1779630814.7091267,,39,,,2.093418836593628,
380.0,63.6237236,1779630815.6650167,,40,,,2.049427032470703,
390.0,64.587405,1779630816.6285815,,41,,,2.092125654220581,
400.0,65.5488988,1779630817.590284,,42,,,2.0476155281066895,
410.0,66.5160753,1779630818.557967,,43,,,2.0218684673309326,
420.0,67.4806566,1779630819.5218987,,44,,,2.0070061683654785,
430.0,68.4470777,1779630820.4874635,,45,,,2.017664909362793,
440.0,69.4139786,1779630821.4547434,,46,,,1.9567583799362183,
450.0,70.338411,1779630822.378894,,47,,,1.970715880393982,
460.0,71.2492621,1779630823.2906446,,48,,,1.9676785469055176,
470.0,72.1861555,1779630824.2275393,,49,,,1.9726977348327637,
480.0,73.1532923,1779630825.1945577,,50,,,1.9587260484695435,
490.0,74.1140484,1779630826.1554358,,51,,,1.9413199424743652,
500.0,88.4025225,1779630840.44358,0.0009852826883675631,52,1.9503196477890015,1.8142151832580566,,
500.0,88.504014,1779630840.5453887,,53,,,1.8913757801055908,
510.0,89.4619381,1779630841.5032923,,54,,,1.9052613973617554,
520.0,90.4298476,1779630842.4712315,,55,,,1.8910269737243652,
530.0,91.3963008,1779630843.4365354,,56,,,1.8884401321411133,
540.0,92.3323256,1779630844.3737082,,57,,,1.8578726053237915,
550.0,93.2534029,1779630845.2947872,,58,,,1.87476646900177,
560.0,94.1729463,1779630846.2143302,,59,,,1.821932077407837,
570.0,95.0913557,1779630847.1323743,,60,,,1.8265432119369507,
580.0,96.0074729,1779630848.048857,,61,,,1.8151172399520874,
590.0,96.9322967,1779630848.9736795,,62,,,1.822202444076538,
600.0,97.8512039,1779630849.8925116,,63,,,1.7982747554779053,
610.0,98.7700842,1779630850.8114185,,64,,,1.7986888885498047,
620.0,99.6937072,1779630851.7346728,,65,,,1.751517415046692,
630.0,100.6225701,1779630852.663953,,66,,,1.7744747400283813,
640.0,101.5381903,1779630853.579575,,67,,,1.7549822330474854,
650.0,102.4784527,1779630854.5196548,,68,,,1.7737178802490234,
660.0,103.4368589,1779630855.4777758,,69,,,1.751688003540039,
670.0,104.394668,1779630856.435231,,70,,,1.7169548273086548,
680.0,105.3438051,1779630857.3851876,,71,,,1.7485002279281616,
690.0,106.3001551,1779630858.341539,,72,,,1.7275218963623047,
700.0,107.26165,1779630859.3020282,,73,,,1.7419453859329224,
710.0,108.2217316,1779630860.2631161,,74,,,1.7129254341125488,
720.0,109.179406,1779630861.220298,,75,,,1.6761295795440674,
730.0,110.1485376,1779630862.1899223,,76,,,1.7066457271575928,
740.0,111.1097769,1779630863.1511285,,77,,,1.6835126876831055,
750.0,125.2906658,1779630877.3315182,0.0009614856803571157,78,1.7910727262496948,1.5877957344055176,,
750.0,125.3896589,1779630877.431045,,79,,,1.707741618156433,
760.0,126.3567181,1779630878.398103,,80,,,1.6705893278121948,
770.0,127.3178114,1779630879.3591974,,81,,,1.654007077217102,
780.0,128.2749089,1779630880.3162947,,82,,,1.6343954801559448,
790.0,129.2425109,1779630881.2837198,,83,,,1.678326964378357,
800.0,130.2120806,1779630882.2525294,,84,,,1.6781041622161865,
810.0,131.1756604,1779630883.2168515,,85,,,1.6610372066497803,
820.0,132.1408286,1779630884.1815388,,86,,,1.6723573207855225,
830.0,133.1088091,1779630885.1501946,,87,,,1.6510893106460571,
840.0,134.073674,1779630886.1148026,,88,,,1.6462459564208984,
850.0,135.0438083,1779630887.0851932,,89,,,1.6364824771881104,
860.0,136.007745,1779630888.0491312,,90,,,1.6195605993270874,
870.0,136.9831704,1779630889.024556,,91,,,1.5959275960922241,
880.0,137.9517699,1779630889.9921522,,92,,,1.5957952737808228,
890.0,138.9182456,1779630890.9596279,,93,,,1.6111743450164795,
900.0,139.8836462,1779630891.925029,,94,,,1.5749552249908447,
910.0,140.8495962,1779630892.89098,,95,,,1.6312891244888306,
920.0,141.8096641,1779630893.851032,,96,,,1.6010099649429321,
930.0,142.7898668,1779630894.8317583,,97,,,1.5814564228057861,
940.0,143.7583164,1779630895.7996948,,98,,,1.585983395576477,
950.0,144.7246817,1779630896.7660677,,99,,,1.5518032312393188,
960.0,145.6982374,1779630897.7393177,,100,,,1.5616072416305542,
970.0,146.6681289,1779630898.709481,,101,,,1.5523977279663086,
980.0,147.6377578,1779630899.679144,,102,,,1.5080140829086304,
990.0,148.6046978,1779630900.646083,,103,,,1.5470894575119019,
1000.0,162.8386211,1779630914.8796105,0.0009271396472013282,104,1.6681334972381592,1.467783808708191,,
1000.0,162.9340663,1779630914.97537,,105,,,1.5627038478851318,
1010.0,163.8936714,1779630915.9350557,,106,,,1.5690938234329224,
1020.0,164.8567104,1779630916.8975952,,107,,,1.5634868144989014,
1030.0,165.8201673,1779630917.861351,,108,,,1.5479974746704102,
1040.0,166.7834079,1779630918.8247933,,109,,,1.537299633026123,
1050.0,167.7433655,1779630919.78469,,110,,,1.5474448204040527,
1060.0,168.7122865,1779630920.7530262,,111,,,1.544856071472168,
1070.0,169.6829007,1779630921.7242832,,112,,,1.5443140268325806,
1080.0,170.6493237,1779630922.6900482,,113,,,1.5032292604446411,
1090.0,171.6195545,1779630923.6609378,,114,,,1.5214396715164185,
1100.0,172.5904159,1779630924.6311848,,115,,,1.5018274784088135,
1110.0,173.5635423,1779630925.604926,,116,,,1.498595952987671,
1120.0,174.5368403,1779630926.5782244,,117,,,1.4945721626281738,
1130.0,175.4676439,1779630927.5078263,,118,,,1.5080504417419434,
1140.0,176.4356546,1779630928.477038,,119,,,1.502521276473999,
1150.0,177.4027642,1779630929.444147,,120,,,1.4711649417877197,
1160.0,178.374003,1779630930.4151592,,121,,,1.4963325262069702,
1170.0,179.3324303,1779630931.3732345,,122,,,1.5060852766036987,
1180.0,180.3052176,1779630932.3466039,,123,,,1.4745697975158691,
1190.0,181.2299338,1779630933.2713146,,124,,,1.515710473060608,
1200.0,182.153022,1779630934.1944065,,125,,,1.499307632446289,
1210.0,183.0758018,1779630935.1172364,,126,,,1.4966756105422974,
1220.0,183.9989844,1779630936.0402536,,127,,,1.4889352321624756,
1230.0,184.9225294,1779630936.9636931,,128,,,1.4552340507507324,
1240.0,185.8473922,1779630937.8883727,,129,,,1.4718153476715088,
1250.0,199.8662057,1779630951.9065945,0.000883125098683892,130,1.6085195541381836,1.3961482048034668,,
1250.0,199.9604823,1779630952.0017116,,131,,,1.4928960800170898,
1260.0,200.8771933,1779630952.9185522,,132,,,1.4681044816970825,
1270.0,201.8007796,1779630953.8416686,,133,,,1.4959657192230225,
1280.0,202.7245407,1779630954.765924,,134,,,1.4716651439666748,
1290.0,203.6417566,1779630955.6830504,,135,,,1.4756907224655151,
1300.0,204.5569977,1779630956.5983725,,136,,,1.4360363483428955,
1310.0,205.4888884,1779630957.5302744,,137,,,1.459764003753662,
1320.0,206.4131951,1779630958.4545486,,138,,,1.4325743913650513,
1330.0,207.3305323,1779630959.3719013,,139,,,1.4497073888778687,
1340.0,208.2559246,1779630960.297192,,140,,,1.4621572494506836,
1350.0,209.1705758,1779630961.2116973,,141,,,1.4428184032440186,
1360.0,210.0889384,1779630962.1302989,,142,,,1.4381461143493652,
1370.0,211.0077513,1779630963.0491369,,143,,,1.423058271408081,
1380.0,211.92565,1779630963.966542,,144,,,1.4589009284973145,
1390.0,212.8431403,1779630964.8842437,,145,,,1.4416985511779785,
1400.0,213.7678052,1779630965.807665,,146,,,1.4257415533065796,
1410.0,214.689455,1779630966.7308197,,147,,,1.4393932819366455,
1420.0,215.6098882,1779630967.6512003,,148,,,1.4259546995162964,
1430.0,216.5236037,1779630968.5649853,,149,,,1.4218932390213013,
1440.0,217.4476514,1779630969.489543,,150,,,1.4241347312927246,
1450.0,218.3755298,1779630970.4167712,,151,,,1.4344325065612793,
1460.0,219.2903234,1779630971.3308427,,152,,,1.4232518672943115,
1470.0,220.2210706,1779630972.2619827,,153,,,1.417945384979248,
1480.0,221.1421904,1779630973.1820402,,154,,,1.4158998727798462,
1490.0,222.0557817,1779630974.0971668,,155,,,1.40257728099823,
1500.0,235.9707073,1779630988.0097785,0.0008305704108364302,156,1.5522903203964233,1.3366061449050903,,
1500.0,236.0635698,1779630988.1044612,,157,,,1.395380973815918,
1510.0,236.982561,1779630989.0239446,,158,,,1.4329466819763184,
1520.0,237.9005905,1779630989.9411583,,159,,,1.3798257112503052,
1530.0,238.8234136,1779630990.8647964,,160,,,1.4087764024734497,
1540.0,239.7386148,1779630991.7799988,,161,,,1.4111539125442505,
1550.0,240.6500957,1779630992.6914532,,162,,,1.4086562395095825,
1560.0,241.5737936,1779630993.6150491,,163,,,1.41145658493042,
1570.0,242.4966916,1779630994.5378048,,164,,,1.4082938432693481,
1580.0,243.4215756,1779630995.4628656,,165,,,1.4009793996810913,
1590.0,244.3351372,1779630996.3759482,,166,,,1.363524317741394,
1600.0,245.2573563,1779630997.298741,,167,,,1.382057547569275,
1610.0,246.1740637,1779630998.2153974,,168,,,1.386868953704834,
1620.0,247.0899375,1779630999.1310413,,169,,,1.3747438192367554,
1630.0,248.0107321,1779631000.0526235,,170,,,1.3967227935791016,
1640.0,248.9276293,1779631000.9690087,,171,,,1.3882486820220947,
1650.0,249.8713846,1779631001.9125943,,172,,,1.372306227684021,
1660.0,250.8399895,1779631002.8790991,,173,,,1.4170061349868774,
1670.0,251.7949379,1779631003.8363218,,174,,,1.3743199110031128,
1680.0,252.7487421,1779631004.789927,,175,,,1.3806936740875244,
1690.0,253.7063862,1779631005.7475135,,176,,,1.3706971406936646,
1700.0,254.6657691,1779631006.7071514,,177,,,1.3838090896606445,
1710.0,255.6268458,1779631007.6682315,,178,,,1.3588367700576782,
1720.0,256.583436,1779631008.6245925,,179,,,1.3768260478973389,
1730.0,257.5392079,1779631009.5805936,,180,,,1.3699299097061157,
1740.0,258.5035789,1779631010.5448525,,181,,,1.3379240036010742,
1750.0,272.7435682,1779631024.7842743,0.0007708228984017721,182,1.538712978363037,1.2991336584091187,,
1750.0,272.8433653,1779631024.8842533,,183,,,1.4032609462738037,
1760.0,273.8009046,1779631025.8413098,,184,,,1.3677232265472412,
1770.0,274.7588202,1779631026.800203,,185,,,1.3637927770614624,
1780.0,275.7149902,1779631027.7563746,,186,,,1.3574386835098267,
1790.0,276.6780323,1779631028.7194173,,187,,,1.3708672523498535,
1800.0,277.6311673,1779631029.672534,,188,,,1.365722894668579,
1810.0,278.5913436,1779631030.6325078,,189,,,1.3661450147628784,
1820.0,279.551918,1779631031.5927503,,190,,,1.3514035940170288,
1830.0,280.5054263,1779631032.5464065,,191,,,1.387740969657898,
1840.0,281.4725885,1779631033.5133,,192,,,1.3447895050048828,
1850.0,282.4296348,1779631034.4706104,,193,,,1.3646000623703003,
1860.0,283.3926088,1779631035.4339674,,194,,,1.3654574155807495,
1870.0,284.3512303,1779631036.3920722,,195,,,1.3388874530792236,
1880.0,285.307571,1779631037.3489563,,196,,,1.3427072763442993,
1890.0,286.2796903,1779631038.3210764,,197,,,1.3806740045547485,
1900.0,287.2349013,1779631039.2760315,,198,,,1.3421692848205566,
1910.0,288.1895588,1779631040.23029,,199,,,1.3593918085098267,
1920.0,289.1533154,1779631041.1946998,,200,,,1.3406181335449219,
1930.0,290.1128032,1779631042.1536973,,201,,,1.3375853300094604,
1940.0,291.0725979,1779631043.113828,,202,,,1.359561562538147,
1950.0,292.0324945,1779631044.0734053,,203,,,1.3610749244689941,
1960.0,292.9975115,1779631045.0388963,,204,,,1.3488355875015259,
1970.0,293.954532,1779631045.9959168,,205,,,1.332336187362671,
1980.0,294.9170321,1779631046.9584181,,206,,,1.3364169597625732,
1990.0,295.8759975,1779631047.917381,,207,,,1.3649510145187378,
2000.0,309.8756883,1779631061.915293,0.0007054142744895884,208,1.5129995346069336,1.2618660926818848,,
2000.0,309.9710776,1779631062.0124629,,209,,,1.3398717641830444,
2010.0,310.8861007,1779631062.9270506,,210,,,1.3821907043457031,
2020.0,311.8066023,1779631063.8479383,,211,,,1.3357487916946411,
2030.0,312.7294378,1779631064.7698214,,212,,,1.3052034378051758,
2040.0,313.646288,1779631065.6875496,,213,,,1.3492116928100586,
2050.0,314.5607235,1779631066.6021078,,214,,,1.342252254486084,
2060.0,315.4696936,1779631067.510698,,215,,,1.330081582069397,
2070.0,316.3874565,1779631068.4287803,,216,,,1.3094847202301025,
2080.0,317.3062121,1779631069.3474138,,217,,,1.3434410095214844,
2090.0,318.2235804,1779631070.2649643,,218,,,1.3222812414169312,
2100.0,319.1408976,1779631071.182789,,219,,,1.3177827596664429,
2110.0,320.0599338,1779631072.101303,,220,,,1.3265384435653687,
2120.0,320.9794191,1779631073.0208037,,221,,,1.3067909479141235,
2130.0,321.9029101,1779631073.9428036,,222,,,1.3533809185028076,
2140.0,322.8218357,1779631074.8631287,,223,,,1.3057035207748413,
2150.0,323.7444457,1779631075.7856464,,224,,,1.3264845609664917,
2160.0,324.6612098,1779631076.7031012,,225,,,1.33233642578125,
2170.0,325.5866473,1779631077.6277401,,226,,,1.3191230297088623,
2180.0,326.5173458,1779631078.5587316,,227,,,1.2964071035385132,
2190.0,327.4732835,1779631079.5129962,,228,,,1.3433822393417358,
2200.0,328.4419089,1779631080.4832397,,229,,,1.3169457912445068,
2210.0,329.4097182,1779631081.451104,,230,,,1.296473503112793,
2220.0,330.3724053,1779631082.4135346,,231,,,1.2869269847869873,
2230.0,331.3448144,1779631083.3861961,,232,,,1.2939348220825195,
2240.0,332.3149706,1779631084.356354,,233,,,1.3066761493682861,
2250.0,346.5655879,1779631098.6057549,0.0006360213829156177,234,1.489280343055725,1.2281287908554077,,
2250.0,346.6644309,1779631098.7052708,,235,,,1.333408236503601,
2260.0,347.6299253,1779631099.6713097,,236,,,1.3148787021636963,
2270.0,348.5875885,1779631100.6289728,,237,,,1.263176679611206,
2280.0,349.5546364,1779631101.5950232,,238,,,1.2821310758590698,
2290.0,350.5179561,1779631102.5593405,,239,,,1.3038731813430786,
2300.0,351.4809605,1779631103.522344,,240,,,1.3024786710739136,
2310.0,352.4540684,1779631104.4959598,,241,,,1.2889125347137451,
2320.0,353.4234112,1779631105.4647958,,242,,,1.305182933807373,
2330.0,354.3913471,1779631106.4323635,,243,,,1.302233099937439,
2340.0,355.3574436,1779631107.3981242,,244,,,1.301960825920105,
2350.0,356.3306486,1779631108.3713222,,245,,,1.2801117897033691,
2360.0,357.2987812,1779631109.3398783,,246,,,1.2804099321365356,
2370.0,358.273603,1779631110.3148286,,247,,,1.27886164188385,
2380.0,359.2411521,1779631111.281988,,248,,,1.3102326393127441,
2390.0,360.2143935,1779631112.2557795,,249,,,1.3069522380828857,
2400.0,361.1780404,1779631113.2185137,,250,,,1.30618155002594,
2410.0,362.1493101,1779631114.1903646,,251,,,1.2762264013290405,
2420.0,363.12478,1779631115.1661642,,252,,,1.3047531843185425,
2430.0,364.0944132,1779631116.1357892,,253,,,1.2939913272857666,
2440.0,365.0627955,1779631117.1032853,,254,,,1.298397421836853,
2450.0,366.0315452,1779631118.0729308,,255,,,1.2685891389846802,
2460.0,367.0029171,1779631119.0437453,,256,,,1.2707533836364746,
2470.0,367.9725015,1779631120.0138674,,257,,,1.270533800125122,
2480.0,368.9383508,1779631120.979571,,258,,,1.278560757637024,
2490.0,369.9063212,1779631121.947705,,259,,,1.2843824625015259,
2500.0,383.8992654,1779631135.9403846,0.000564423209907245,260,1.4841686487197876,1.2063722610473633,,
2500.0,383.9941504,1779631136.0355039,,261,,,1.2579457759857178,
2510.0,384.9160392,1779631136.9573903,,262,,,1.2309837341308594,
2520.0,385.8326608,1779631137.8739622,,263,,,1.2843934297561646,
2530.0,386.757416,1779631138.7988002,,264,,,1.2655127048492432,
2540.0,387.6751533,1779631139.7165365,,265,,,1.2538825273513794,
2550.0,388.592322,1779631140.633638,,266,,,1.269791841506958,
2560.0,389.5177152,1779631141.5583656,,267,,,1.2704863548278809,
2570.0,390.4355865,1779631142.4769692,,268,,,1.2668185234069824,
2580.0,391.3606254,1779631143.4019468,,269,,,1.2318923473358154,
2590.0,392.2859516,1779631144.327339,,270,,,1.258145809173584,
2600.0,393.200941,1779631145.2422824,,271,,,1.2554537057876587,
2610.0,394.1171799,1779631146.1575654,,272,,,1.259743571281433,
2620.0,395.0721805,1779631147.1128445,,273,,,1.2657546997070312,
2630.0,396.0332154,1779631148.0740924,,274,,,1.273513913154602,
2640.0,396.9924346,1779631149.0333047,,275,,,1.2737059593200684,
2650.0,397.9544505,1779631149.9957821,,276,,,1.244407296180725,
2660.0,398.9194682,1779631150.9608228,,277,,,1.275815486907959,
2670.0,399.8828866,1779631151.9241457,,278,,,1.246636152267456,
2680.0,400.8508699,1779631152.8921607,,279,,,1.2604098320007324,
2690.0,401.8176012,1779631153.858328,,280,,,1.245282769203186,
2700.0,402.7742372,1779631154.815622,,281,,,1.2245807647705078,
2710.0,403.7496152,1779631155.790956,,282,,,1.2551101446151733,
2720.0,404.7115312,1779631156.7529156,,283,,,1.2519537210464478,
2730.0,405.6671288,1779631157.7084458,,284,,,1.277662754058838,
2740.0,406.5918458,1779631158.6332326,,285,,,1.2850255966186523,
2750.0,420.5568303,1779631172.5981874,0.0004924552772419723,286,1.4786441326141357,1.1788039207458496,,
2750.0,420.655924,1779631172.69725,,287,,,1.260498285293579,
2760.0,421.6147313,1779631173.6557667,,288,,,1.2691099643707275,
2770.0,422.5800089,1779631174.621393,,289,,,1.2411407232284546,
2780.0,423.5265521,1779631175.5677834,,290,,,1.2650643587112427,
2790.0,424.4847603,1779631176.525041,,291,,,1.2666460275650024,
2800.0,425.4345425,1779631177.4751143,,292,,,1.2356499433517456,
2810.0,426.3879578,1779631178.4293425,,293,,,1.2377182245254517,
2820.0,427.3429804,1779631179.3842974,,294,,,1.297203779220581,
2830.0,428.3022487,1779631180.3436294,,295,,,1.2406339645385742,
2840.0,429.263218,1779631181.3046038,,296,,,1.2287636995315552,
2850.0,430.1861047,1779631182.2273045,,297,,,1.242354154586792,
2860.0,431.1074248,1779631183.1485083,,298,,,1.223238229751587,
2870.0,432.0318358,1779631184.0732214,,299,,,1.225084900856018,
2880.0,432.9530346,1779631184.9944165,,300,,,1.264521837234497,
2890.0,433.8717943,1779631185.9131696,,301,,,1.2315269708633423,
2900.0,434.7953671,1779631186.8367536,,302,,,1.2772411108016968,
2910.0,435.7093732,1779631187.7502666,,303,,,1.2663596868515015,
2920.0,436.6260159,1779631188.667404,,304,,,1.2731351852416992,
2930.0,437.5833875,1779631189.6243713,,305,,,1.2340446710586548,
2940.0,438.5451084,1779631190.585966,,306,,,1.2553460597991943,
2950.0,439.5045617,1779631191.5459468,,307,,,1.2173562049865723,
2960.0,440.4715488,1779631192.5129335,,308,,,1.245360016822815,
2970.0,441.4545968,1779631193.494926,,309,,,1.2539881467819214,
2980.0,442.4107458,1779631194.4521048,,310,,,1.2292853593826294,
2990.0,443.382385,1779631195.4237702,,311,,,1.258087396621704,
3000.0,457.4504947,1779631209.488911,0.0004219625860160354,312,1.470516562461853,1.156691551208496,,
3000.0,457.5487382,1779631209.5890427,,313,,,1.2393345832824707,
3010.0,458.4680707,1779631210.5094569,,314,,,1.2380683422088623,
3020.0,459.3897844,1779631211.4309738,,315,,,1.2358899116516113,
3030.0,460.3178572,1779631212.3585227,,316,,,1.2274304628372192,
3040.0,461.2396047,1779631213.2809885,,317,,,1.219027042388916,
3050.0,462.1589197,1779631214.2003038,,318,,,1.220134973526001,
3060.0,463.0753476,1779631215.1162357,,319,,,1.237943172454834,
3070.0,464.0053939,1779631216.0463407,,320,,,1.242070198059082,
3080.0,464.9272916,1779631216.9685738,,321,,,1.213621973991394,
3090.0,465.8473765,1779631217.8887615,,322,,,1.2190271615982056,
3100.0,466.7659765,1779631218.807329,,323,,,1.2285966873168945,
3110.0,467.6931933,1779631219.7345781,,324,,,1.237575888633728,
3120.0,468.6116831,1779631220.6525772,,325,,,1.2394825220108032,
3130.0,469.5330278,1779631221.5744112,,326,,,1.2072008848190308,
3140.0,470.4706724,1779631222.5120583,,327,,,1.214457631111145,
3150.0,471.4304363,1779631223.4712334,,328,,,1.2269084453582764,
3160.0,472.3903941,1779631224.4317157,,329,,,1.1996005773544312,
3170.0,473.3549894,1779631225.396374,,330,,,1.2149641513824463,
3180.0,474.3156499,1779631226.3570344,,331,,,1.236752986907959,
3190.0,475.2797101,1779631227.321095,,332,,,1.2146005630493164,
3200.0,476.2501252,1779631228.2915084,,333,,,1.1988447904586792,
3210.0,477.2167011,1779631229.2580779,,334,,,1.1852025985717773,
3220.0,478.1768603,1779631230.218243,,335,,,1.230103850364685,
3230.0,479.1398653,1779631231.181244,,336,,,1.2152007818222046,
3240.0,480.1101705,1779631232.1515505,,337,,,1.2084424495697021,
3250.0,494.2526677,1779631246.293737,0.00035475231739709885,338,1.4630045890808105,1.1315845251083374,,
3250.0,494.3519573,1779631246.3926492,,339,,,1.2234596014022827,
3260.0,495.3076488,1779631247.349034,,340,,,1.189358115196228,
3270.0,496.2626576,1779631248.303849,,341,,,1.2170941829681396,
3280.0,497.2279757,1779631249.2684255,,342,,,1.2056783437728882,
3290.0,498.1913459,1779631250.2327306,,343,,,1.2387176752090454,
3300.0,499.1457286,1779631251.1868074,,344,,,1.1789493560791016,
3310.0,500.0685879,1779631252.109951,,345,,,1.247030258178711,
3320.0,501.0083504,1779631253.0496051,,346,,,1.1881816387176514,
3330.0,501.9252726,1779631253.9664648,,347,,,1.2032856941223145,
3340.0,502.8461012,1779631254.8863225,,348,,,1.2194712162017822,
3350.0,503.7671725,1779631255.8085034,,349,,,1.2016115188598633,
3360.0,504.6833223,1779631256.7247086,,350,,,1.220526933670044,
3370.0,505.6013844,1779631257.6426013,,351,,,1.2224030494689941,
3380.0,506.5218395,1779631258.5632257,,352,,,1.1949114799499512,
3390.0,507.4410086,1779631259.4822013,,353,,,1.1962910890579224,
3400.0,508.3602716,1779631260.4016566,,354,,,1.2311574220657349,
3410.0,509.2813243,1779631261.3227062,,355,,,1.1836737394332886,
3420.0,510.1991781,1779631262.2401264,,356,,,1.1876697540283203,
3430.0,511.1265957,1779631263.1673746,,357,,,1.2021214962005615,
3440.0,512.0402252,1779631264.0808263,,358,,,1.2179081439971924,
3450.0,512.954399,1779631264.9947846,,359,,,1.2103862762451172,
3460.0,513.8624058,1779631265.9037912,,360,,,1.20317542552948,
3470.0,514.7714782,1779631266.8123264,,361,,,1.2059673070907593,
3480.0,515.7041667,1779631267.7453053,,362,,,1.203911542892456,
3490.0,516.6304391,1779631268.6718252,,363,,,1.1965996026992798,
3500.0,530.6101849,1779631282.6510627,0.0002925475029450237,364,1.4659552574157715,1.1142386198043823,,
3500.0,530.7055068,1779631282.7463992,,365,,,1.1865003108978271,
3510.0,531.6124571,1779631283.6528807,,366,,,1.1682440042495728,
3520.0,532.5280689,1779631284.5694358,,367,,,1.2118854522705078,
3530.0,533.4421491,1779631285.4835348,,368,,,1.175816297531128,
3540.0,534.3580866,1779631286.3994699,,369,,,1.1969588994979858,
3550.0,535.2753514,1779631287.3156626,,370,,,1.1967949867248535,
3560.0,536.2046059,1779631288.2459111,,371,,,1.2165743112564087,
3570.0,537.1222998,1779631289.163675,,372,,,1.175154447555542,
3580.0,538.0361957,1779631290.077038,,373,,,1.197885274887085,
3590.0,538.9595717,1779631291.0000734,,374,,,1.2093639373779297,
3600.0,539.8770184,1779631291.918013,,375,,,1.207842469215393,
3610.0,540.7992732,1779631292.8406584,,376,,,1.1717679500579834,
3620.0,541.7149863,1779631293.7561426,,377,,,1.2153998613357544,
3630.0,542.6325013,1779631294.6732323,,378,,,1.1877144575119019,
3640.0,543.5527407,1779631295.5941236,,379,,,1.1903506517410278,
3650.0,544.4651284,1779631296.5065134,,380,,,1.1994484663009644,
3660.0,545.3836843,1779631297.4250717,,381,,,1.1651893854141235,
3670.0,546.2962339,1779631298.3376174,,382,,,1.1884700059890747,
3680.0,547.2171521,1779631299.2583082,,383,,,1.1800705194473267,
3690.0,548.1339988,1779631300.1753829,,384,,,1.1863154172897339,
3700.0,549.0509589,1779631301.0923433,,385,,,1.1620367765426636,
3710.0,549.9705266,1779631302.0116677,,386,,,1.1671046018600464,
3720.0,550.8834313,1779631302.9248166,,387,,,1.169977068901062,
3730.0,551.7961459,1779631303.8368256,,388,,,1.215105652809143,
3740.0,552.7146196,1779631304.7558036,,389,,,1.1719738245010376,
3750.0,566.6198247,1779631318.6605697,0.00023694285222843113,390,1.4693756103515625,1.1014913320541382,,
3750.0,566.7153806,1779631318.7567325,,391,,,1.188785195350647,
3760.0,567.6265501,1779631319.667937,,392,,,1.1582003831863403,
3770.0,568.5422659,1779631320.5830116,,393,,,1.1458704471588135,
3780.0,569.4611174,1779631321.5014968,,394,,,1.1645070314407349,
3790.0,570.3840374,1779631322.4240906,,395,,,1.1555594205856323,
3800.0,571.3367612,1779631323.3781347,,396,,,1.1782997846603394,
3810.0,572.2942932,1779631324.3354616,,397,,,1.1939301490783691,
3820.0,573.2529476,1779631325.2943337,,398,,,1.186597228050232,
3830.0,574.2151039,1779631326.2559953,,399,,,1.1353765726089478,
3840.0,575.1760121,1779631327.2173955,,400,,,1.1647562980651855,
3850.0,576.1425962,1779631328.1839821,,401,,,1.160835862159729,
3860.0,577.1051054,1779631329.1454773,,402,,,1.1571061611175537,
3870.0,578.0697098,1779631330.1104982,,403,,,1.1763995885849,
3880.0,579.0334789,1779631331.0743172,,404,,,1.1424168348312378,
3890.0,580.0005326,1779631332.0418332,,405,,,1.1428314447402954,
3900.0,580.9665808,1779631333.0079658,,406,,,1.1800915002822876,
3910.0,581.927332,1779631333.9684665,,407,,,1.1810708045959473,
3920.0,582.844252,1779631334.8854332,,408,,,1.1758979558944702,
3930.0,583.7631512,1779631335.8042839,,409,,,1.1656547784805298,
3940.0,584.6826795,1779631336.7239723,,410,,,1.1335190534591675,
3950.0,585.5998554,1779631337.6412394,,411,,,1.1700395345687866,
3960.0,586.5174965,1779631338.5588093,,412,,,1.181993842124939,
3970.0,587.4331501,1779631339.4745026,,413,,,1.1433229446411133,
3980.0,588.3479473,1779631340.38933,,414,,,1.1440885066986084,
3990.0,589.2580123,1779631341.299398,,415,,,1.1282610893249512,
4000.0,603.2190349,1779631355.2599275,0.00018936387015941957,416,1.468684196472168,1.0810374021530151,,
4000.0,603.319003,1779631355.3603864,,417,,,1.1924283504486084,
4010.0,604.2772138,1779631356.3185978,,418,,,1.1646449565887451,
4020.0,605.2370332,1779631357.277586,,419,,,1.1541521549224854,
4030.0,606.2112055,1779631358.2511444,,420,,,1.152665615081787,
4040.0,607.1722457,1779631359.2136316,,421,,,1.1710906028747559,
4050.0,608.1346117,1779631360.1756988,,422,,,1.1865371465682983,
4060.0,609.0990017,1779631361.1397126,,423,,,1.1666423082351685,
4070.0,610.0633893,1779631362.1042228,,424,,,1.1607204675674438,
4080.0,611.0287058,1779631363.0695822,,425,,,1.1354668140411377,
4090.0,611.9854414,1779631364.0263283,,426,,,1.186679720878601,
4100.0,612.9460318,1779631364.9879231,,427,,,1.1544466018676758,
4110.0,613.9043925,1779631365.9457786,,428,,,1.161111831665039,
4120.0,614.8590181,1779631366.9004006,,429,,,1.1565696001052856,
4130.0,615.8159897,1779631367.8564992,,430,,,1.1306116580963135,
4140.0,616.7745542,1779631368.814854,,431,,,1.1920766830444336,
4150.0,617.7288918,1779631369.7702787,,432,,,1.1500738859176636,
4160.0,618.6865876,1779631370.7278173,,433,,,1.1604106426239014,
4170.0,619.6429734,1779631371.6843581,,434,,,1.1585228443145752,
4180.0,620.6088321,1779631372.6491072,,435,,,1.152099609375,
4190.0,621.5661579,1779631373.6075213,,436,,,1.1422919034957886,
4200.0,622.5164208,1779631374.5574522,,437,,,1.1434811353683472,
4210.0,623.4980639,1779631375.5394504,,438,,,1.150574803352356,
4220.0,624.4559977,1779631376.4970937,,439,,,1.1558880805969238,
4230.0,625.4156632,1779631377.4562213,,440,,,1.177498698234558,
4240.0,626.3748975,1779631378.4162815,,441,,,1.1710480451583862,
4250.0,640.5936787,1779631392.63414,0.00015103031213214996,442,1.465546727180481,1.067328929901123,,
4250.0,640.692049,1779631392.7334347,,443,,,1.143188238143921,
4260.0,641.6570666,1779631393.6983438,,444,,,1.1416202783584595,
4270.0,642.6196797,1779631394.661063,,445,,,1.1351639032363892,
4280.0,643.5761779,1779631395.6165323,,446,,,1.1524962186813354,
4290.0,644.5291026,1779631396.570488,,447,,,1.123182773590088,
4300.0,645.4851461,1779631397.52653,,448,,,1.130292296409607,
4310.0,646.4444298,1779631398.4857764,,449,,,1.151275396347046,
4320.0,647.4004009,1779631399.4417884,,450,,,1.140048861503601,
4330.0,648.3606339,1779631400.40202,,451,,,1.1745661497116089,
4340.0,649.323297,1779631401.363684,,452,,,1.138518214225769,
4350.0,650.281764,1779631402.3231492,,453,,,1.1473579406738281,
4360.0,651.2459228,1779631403.286972,,454,,,1.1711993217468262,
4370.0,652.2002386,1779631404.241623,,455,,,1.1548548936843872,
4380.0,653.1669589,1779631405.2082572,,456,,,1.1596957445144653,
4390.0,654.1275541,1779631406.1683068,,457,,,1.146531343460083,
4400.0,655.0854002,1779631407.1265252,,458,,,1.1453744173049927,
4410.0,656.0451434,1779631408.0865054,,459,,,1.1610585451126099,
4420.0,657.0125146,1779631409.0535169,,460,,,1.1580142974853516,
4430.0,657.9778425,1779631410.0192282,,461,,,1.1406373977661133,
4440.0,658.9451206,1779631410.9853253,,462,,,1.1360231637954712,
4450.0,659.8987142,1779631411.9401016,,463,,,1.124113917350769,
4460.0,660.8541909,1779631412.895537,,464,,,1.1466736793518066,
4470.0,661.8142502,1779631413.8550744,,465,,,1.14566969871521,
4480.0,662.7786788,1779631414.8205705,,466,,,1.1141170263290405,
4490.0,663.7400528,1779631415.7814372,,467,,,1.0929657220840454,
4500.0,677.9432885,1779631429.9832568,0.00012292491384519912,468,1.4657405614852905,1.052100419998169,,
4500.0,678.0374954,1779631430.078323,,469,,,1.1275947093963623,
4510.0,678.9676643,1779631431.0089052,,470,,,1.1579570770263672,
4520.0,679.9289526,1779631431.9700634,,471,,,1.1256080865859985,
4530.0,680.8940286,1779631432.9345694,,472,,,1.1322118043899536,
4540.0,681.8559049,1779631433.897291,,473,,,1.1649142503738403,
4550.0,682.8197776,1779631434.8611634,,474,,,1.1623258590698242,
4560.0,683.7861097,1779631435.8274007,,475,,,1.1238627433776855,
4570.0,684.7576202,1779631436.7987957,,476,,,1.1385786533355713,
4580.0,685.7223106,1779631437.7633722,,477,,,1.1551878452301025,
4590.0,686.6892425,1779631438.7300549,,478,,,1.111587405204773,
4600.0,687.6569446,1779631439.6980672,,479,,,1.169373631477356,
4610.0,688.6181429,1779631440.659417,,480,,,1.1401640176773071,
4620.0,689.5843535,1779631441.6257408,,481,,,1.1103590726852417,
4630.0,690.5393719,1779631442.5795023,,482,,,1.1416847705841064,
4640.0,691.4952519,1779631443.5358496,,483,,,1.1464450359344482,
4650.0,692.4529535,1779631444.494339,,484,,,1.1427892446517944,
4660.0,693.4103223,1779631445.4517074,,485,,,1.1272023916244507,
4670.0,694.3773433,1779631446.4182222,,486,,,1.1353776454925537,
4680.0,695.3313452,1779631447.3727288,,487,,,1.125370979309082,
4690.0,696.2937728,1779631448.3350263,,488,,,1.1195545196533203,
4700.0,697.2608485,1779631449.3022346,,489,,,1.131749153137207,
4710.0,698.2183473,1779631450.259732,,490,,,1.1244943141937256,
4720.0,699.1893099,1779631451.2295728,,491,,,1.1696577072143555,
4730.0,700.1569395,1779631452.1977866,,492,,,1.1094435453414917,
4740.0,701.1177996,1779631453.159185,,493,,,1.1506050825119019,
4750.0,715.2816151,1779631467.3220608,0.00010576819746349742,494,1.4619414806365967,1.0445051193237305,,
4750.0,715.3797647,1779631467.4211493,,495,,,1.119912028312683,
4760.0,716.3376415,1779631468.3775058,,496,,,1.1279704570770264,
4770.0,717.2944303,1779631469.3358154,,497,,,1.1241120100021362,
4780.0,718.2547123,1779631470.2960968,,498,,,1.1239888668060303,
4790.0,719.203671,1779631471.2450569,,499,,,1.1571803092956543,
4800.0,720.1623355,1779631472.2031155,,500,,,1.1190544366836548,
4810.0,721.125657,1779631473.1670423,,501,,,1.1307870149612427,
4820.0,722.0907269,1779631474.1315398,,502,,,1.120244026184082,
4830.0,723.0504494,1779631475.0916398,,503,,,1.092695951461792,
4840.0,724.0030859,1779631476.044269,,504,,,1.1440759897232056,
4850.0,724.9266791,1779631476.9677422,,505,,,1.1323095560073853,
4860.0,725.8497041,1779631477.8910863,,506,,,1.1381584405899048,
4870.0,726.7722844,1779631478.8136683,,507,,,1.1632779836654663,
4880.0,727.6865877,1779631479.7277422,,508,,,1.1391085386276245,
4890.0,728.6103847,1779631480.651345,,509,,,1.13590407371521,
4900.0,729.537133,1779631481.5784972,,510,,,1.1335265636444092,
4910.0,730.4576456,1779631482.4980314,,511,,,1.1341303586959839,
4920.0,731.3854916,1779631483.4268773,,512,,,1.1285356283187866,
4930.0,732.3023844,1779631484.3437674,,513,,,1.1362860202789307,
4940.0,733.2174823,1779631485.2588673,,514,,,1.1543363332748413,
4950.0,734.136843,1779631486.178191,,515,,,1.1519975662231445,
4960.0,735.0530617,1779631487.0939453,,516,,,1.1225613355636597,
4970.0,735.9676563,1779631488.0088928,,517,,,1.1375685930252075,
4980.0,736.8954698,1779631488.9368277,,518,,,1.1435668468475342,
4990.0,737.8558567,1779631489.8960116,,519,,,1.1296472549438477,
5000.0,752.0193535,1779631504.060213,0.0001,520,1.470106601715088,1.0333003997802734,,
5000.0,752.1158379,1779631504.155814,,521,,,1.1265310049057007,
,754.8549793,1779631506.8958647,,522,,,,"{'path': 'media/html/Sample Generation_522_31484a3747e4af037220.html', 'size': 275, '_type': 'html-file', 'sha256': '31484a3747e4af037220a84d254e29d0e16ebf69711cc5ccdc01d3c33eea89db'}"
